"","ID","Language_ID","Source","Parameter_ID","NumberValue","Value","Form","Comment_contributor","Loan","Gloss","Comment_glosser","Alternate_gloss","FileName","Glosser"
"1","numerals-dime1235-1-one-1","numerals-dime1235-1","Chan2019","one","1","ˈwɔkʰʌl","wokhl","","FALSE","1",NA,NA,"Decimal-Africa - numerals-dime1235-1.csv","EK"
"2","numerals-dime1235-1-one-2","numerals-dime1235-1","Chan2019","one","1","wókkil","wokkil","","FALSE","1",NA,NA,"Decimal-Africa - numerals-dime1235-1.csv","EK"
"3","numerals-dime1235-1-two-1","numerals-dime1235-1","Chan2019","two","2","ˈkʼʌtʼɨm","ktim","","FALSE","2",NA,NA,"Decimal-Africa - numerals-dime1235-1.csv","EK"
"4","numerals-dime1235-1-two-2","numerals-dime1235-1","Chan2019","two","2","kʼəstin","kastin","","FALSE","2",NA,NA,"Decimal-Africa - numerals-dime1235-1.csv","EK"
"5","numerals-dime1235-1-three-1","numerals-dime1235-1","Chan2019","three","3","ˈmʌkʰɨm","mkhim","","FALSE","3",NA,NA,"Decimal-Africa - numerals-dime1235-1.csv","EK"
"6","numerals-dime1235-1-three-2","numerals-dime1235-1","Chan2019","three","3","mə́kkim","makkim","","FALSE","3",NA,NA,"Decimal-Africa - numerals-dime1235-1.csv","EK"
"7","numerals-dime1235-1-four-1","numerals-dime1235-1","Chan2019","four","4","ʔʊdːʊ","udu","","FALSE","4",NA,NA,"Decimal-Africa - numerals-dime1235-1.csv","EK"
"8","numerals-dime1235-1-four-2","numerals-dime1235-1","Chan2019","four","4","ʔúddú","uddu","","FALSE","4",NA,NA,"Decimal-Africa - numerals-dime1235-1.csv","EK"
"9","numerals-dime1235-1-five-1","numerals-dime1235-1","Chan2019","five","5","ˈʃənːə","sana","","FALSE","5",NA,NA,"Decimal-Africa - numerals-dime1235-1.csv","EK"
"10","numerals-dime1235-1-five-2","numerals-dime1235-1","Chan2019","five","5","ʃinní","sinni","","FALSE","5",NA,NA,"Decimal-Africa - numerals-dime1235-1.csv","EK"
"11","numerals-dime1235-1-six-1","numerals-dime1235-1","Chan2019","six","6","ˈlahə","laha","","FALSE","6",NA,NA,"Decimal-Africa - numerals-dime1235-1.csv","EK"
"12","numerals-dime1235-1-six-2","numerals-dime1235-1","Chan2019","six","6","ˈlah","lah","","FALSE","6",NA,NA,"Decimal-Africa - numerals-dime1235-1.csv","EK"
"13","numerals-dime1235-1-six-3","numerals-dime1235-1","Chan2019","six","6","láxi","laxi","","FALSE","6",NA,NA,"Decimal-Africa - numerals-dime1235-1.csv","EK"
"14","numerals-dime1235-1-seven-1","numerals-dime1235-1","Chan2019","seven","7","ˈtʰʊsːʊm","thusum","","FALSE","7",NA,NA,"Decimal-Africa - numerals-dime1235-1.csv","EK"
"15","numerals-dime1235-1-seven-2","numerals-dime1235-1","Chan2019","seven","7","tússum","tussum","","FALSE","7",NA,NA,"Decimal-Africa - numerals-dime1235-1.csv","EK"
"16","numerals-dime1235-1-eight-1","numerals-dime1235-1","Chan2019","eight","8","ˈkʼʌʃnaʃ","ksnas","","FALSE","8",NA,NA,"Decimal-Africa - numerals-dime1235-1.csv","EK"
"17","numerals-dime1235-1-eight-2","numerals-dime1235-1","Chan2019","eight","8","kʼaʃnáʃiʃ","kasnasis","","FALSE","8",NA,NA,"Decimal-Africa - numerals-dime1235-1.csv","EK"
"18","numerals-dime1235-1-nine-1","numerals-dime1235-1","Chan2019","nine","9","ˈwʌklaʃ","wklas","","FALSE","9",NA,NA,"Decimal-Africa - numerals-dime1235-1.csv","EK"
"19","numerals-dime1235-1-nine-2","numerals-dime1235-1","Chan2019","nine","9","wókláʃiʃ","woklasis","","FALSE","9",NA,NA,"Decimal-Africa - numerals-dime1235-1.csv","EK"
"20","numerals-dime1235-1-ten-1","numerals-dime1235-1","Chan2019","ten","10","ˈtʰamːe","thame","","FALSE","10",NA,NA,"Decimal-Africa - numerals-dime1235-1.csv","EK"
"21","numerals-dime1235-1-ten-2","numerals-dime1235-1","Chan2019","ten","10","təmme","tamme","","FALSE","10",NA,NA,"Decimal-Africa - numerals-dime1235-1.csv","EK"
"22","numerals-dime1235-1-eleven-1","numerals-dime1235-1","Chan2019","eleven","11","ˈtʰamːe ˈwɔkʰʌl","thamewokhl","","FALSE","10+1",NA,NA,"Decimal-Africa - numerals-dime1235-1.csv","EK"
"23","numerals-dime1235-1-eleven-2","numerals-dime1235-1","Chan2019","eleven","11","təmme (ʔáf-ó) w.","tammeafow","","FALSE","10{?}+1","I suspect the w. in the form refers to wókkil, cf. the alternate forms for 21 and 1",NA,"Decimal-Africa - numerals-dime1235-1.csv","EK"
"24","numerals-dime1235-1-twelve-1","numerals-dime1235-1","Chan2019","twelve","12","ˈtʰamːe ˈkʼʌtʼɨm","thamektim","","FALSE","10+2",NA,NA,"Decimal-Africa - numerals-dime1235-1.csv","EK"
"25","numerals-dime1235-1-thirteen-1","numerals-dime1235-1","Chan2019","thirteen","13","ˈtʰamːe ˈmʌkʰɨm","thamemkhim","","FALSE","10+3",NA,NA,"Decimal-Africa - numerals-dime1235-1.csv","EK"
"26","numerals-dime1235-1-fourteen-1","numerals-dime1235-1","Chan2019","fourteen","14","ˈtʰamːe ʔʊdːʊ","thameudu","","FALSE","10+4",NA,NA,"Decimal-Africa - numerals-dime1235-1.csv","EK"
"27","numerals-dime1235-1-fifteen-1","numerals-dime1235-1","Chan2019","fifteen","15","ˈtʰamːe ˈʃənːə","thamesana","","FALSE","10+5",NA,NA,"Decimal-Africa - numerals-dime1235-1.csv","EK"
"28","numerals-dime1235-1-sixteen-1","numerals-dime1235-1","Chan2019","sixteen","16","ˈtʰamːe ˈlah","thamelah","","FALSE","10+6",NA,NA,"Decimal-Africa - numerals-dime1235-1.csv","EK"
"29","numerals-dime1235-1-seventeen-1","numerals-dime1235-1","Chan2019","seventeen","17","ˈtʰamːe ˈtʰʊsːʊm","thamethusum","","FALSE","10+7",NA,NA,"Decimal-Africa - numerals-dime1235-1.csv","EK"
"30","numerals-dime1235-1-eighteen-1","numerals-dime1235-1","Chan2019","eighteen","18","ˈtʰamːe ˈkʼʌʃnaʃ","thameksnas","","FALSE","10+8",NA,NA,"Decimal-Africa - numerals-dime1235-1.csv","EK"
"31","numerals-dime1235-1-nineteen-1","numerals-dime1235-1","Chan2019","nineteen","19","ˈtʰamːe ˈwʌklaʃ","thamewklas","","FALSE","10+9",NA,NA,"Decimal-Africa - numerals-dime1235-1.csv","EK"
"32","numerals-dime1235-1-twenty-1","numerals-dime1235-1","Chan2019","twenty","20","ˈwajdʊ","wajdu","","FALSE","20",NA,NA,"Decimal-Africa - numerals-dime1235-1.csv","EK"
"33","numerals-dime1235-1-twenty-2","numerals-dime1235-1","Chan2019","twenty","20","woidu","woidu","","FALSE","20",NA,NA,"Decimal-Africa - numerals-dime1235-1.csv","EK"
"34","numerals-dime1235-1-twentyone-1","numerals-dime1235-1","Chan2019","twentyone","21","ˈwajdʊ ˈwɔkʰʌl","wajduwokhl","","FALSE","20+1",NA,NA,"Decimal-Africa - numerals-dime1235-1.csv","EK"
"35","numerals-dime1235-1-twentyone-2","numerals-dime1235-1","Chan2019","twentyone","21","woídi (ʔáfo-ó) wókkil","woidiafoowokkil","","FALSE","20{?}+1",NA,NA,"Decimal-Africa - numerals-dime1235-1.csv","EK"
"36","numerals-dime1235-1-twentytwo-1","numerals-dime1235-1","Chan2019","twentytwo","22","ˈwajdʊ ˈkʼʌtʼɨm","wajduktim","","FALSE","20+2",NA,NA,"Decimal-Africa - numerals-dime1235-1.csv","EK"
"37","numerals-dime1235-1-twentythree-1","numerals-dime1235-1","Chan2019","twentythree","23","ˈwajdʊ ˈmʌkʰɨm","wajdumkhim","","FALSE","20+3",NA,NA,"Decimal-Africa - numerals-dime1235-1.csv","EK"
"38","numerals-dime1235-1-twentyfour-1","numerals-dime1235-1","Chan2019","twentyfour","24","ˈwajdʊ ʔʊdːʊ","wajduudu","","FALSE","20+4",NA,NA,"Decimal-Africa - numerals-dime1235-1.csv","EK"
"39","numerals-dime1235-1-twentyfive-1","numerals-dime1235-1","Chan2019","twentyfive","25","ˈwajdʊ ˈʃənːə","wajdusana","","FALSE","20+5",NA,NA,"Decimal-Africa - numerals-dime1235-1.csv","EK"
"40","numerals-dime1235-1-twentysix-1","numerals-dime1235-1","Chan2019","twentysix","26","ˈwajdʊ ˈlah","wajdulah","","FALSE","20+6",NA,NA,"Decimal-Africa - numerals-dime1235-1.csv","EK"
"41","numerals-dime1235-1-twentyseven-1","numerals-dime1235-1","Chan2019","twentyseven","27","ˈwajdʊ ˈtʰʊsːʊm","wajduthusum","","FALSE","20+7",NA,NA,"Decimal-Africa - numerals-dime1235-1.csv","EK"
"42","numerals-dime1235-1-twentyeight-1","numerals-dime1235-1","Chan2019","twentyeight","28","ˈwajdʊ ˈkʼʌʃnaʃ","wajduksnas","","FALSE","20+8",NA,NA,"Decimal-Africa - numerals-dime1235-1.csv","EK"
"43","numerals-dime1235-1-twentynine-1","numerals-dime1235-1","Chan2019","twentynine","29","ˈwajdʊ ˈwʌklaʃ","wajduwklas","","FALSE","20+9",NA,NA,"Decimal-Africa - numerals-dime1235-1.csv","EK"
"44","numerals-dime1235-1-thirty-1","numerals-dime1235-1","Chan2019","thirty","30","tʰamti ˈmʌkʰɨm","thamtimkhim","","FALSE","10·3",NA,NA,"Decimal-Africa - numerals-dime1235-1.csv","EK"
"45","numerals-dime1235-1-thirty-2","numerals-dime1235-1","Chan2019","thirty","30","təmtʼi məkkim","tamtimakkim","","FALSE","10·3",NA,NA,"Decimal-Africa - numerals-dime1235-1.csv","EK"
"46","numerals-dime1235-1-forty-1","numerals-dime1235-1","Chan2019","forty","40","tʰamt ʔʊdːʊ","thamtudu","","FALSE","10·4",NA,NA,"Decimal-Africa - numerals-dime1235-1.csv","EK"
"47","numerals-dime1235-1-forty-2","numerals-dime1235-1","Chan2019","forty","40","təmtʼi ʔúddú","tamtiuddu","","FALSE","10·4",NA,NA,"Decimal-Africa - numerals-dime1235-1.csv","EK"
"48","numerals-dime1235-1-fifty-1","numerals-dime1235-1","Chan2019","fifty","50","tʰamta ˈʃənːə","thamtasana","","FALSE","10·5",NA,NA,"Decimal-Africa - numerals-dime1235-1.csv","EK"
"49","numerals-dime1235-1-fifty-2","numerals-dime1235-1","Chan2019","fifty","50","təmtʼi ʃinní","tamtisinni","","FALSE","10·5",NA,NA,"Decimal-Africa - numerals-dime1235-1.csv","EK"
"50","numerals-dime1235-1-sixty-1","numerals-dime1235-1","Chan2019","sixty","60","tʰamta ˈlah","thamtalah","","FALSE","10·6",NA,NA,"Decimal-Africa - numerals-dime1235-1.csv","EK"
"51","numerals-dime1235-1-sixty-2","numerals-dime1235-1","Chan2019","sixty","60","təmtʼi láxi","tamtilaxi","","FALSE","10·6",NA,NA,"Decimal-Africa - numerals-dime1235-1.csv","EK"
"52","numerals-dime1235-1-seventy-1","numerals-dime1235-1","Chan2019","seventy","70","tʰamta ˈtʰʊsːʊm","thamtathusum","","FALSE","10·7",NA,NA,"Decimal-Africa - numerals-dime1235-1.csv","EK"
"53","numerals-dime1235-1-seventy-2","numerals-dime1235-1","Chan2019","seventy","70","təmtʼi tússum","tamtitussum","","FALSE","10·7",NA,NA,"Decimal-Africa - numerals-dime1235-1.csv","EK"
"54","numerals-dime1235-1-eighty-1","numerals-dime1235-1","Chan2019","eighty","80","tʰamte ˈkʼʌʃnaʃ","thamteksnas","","FALSE","10·8",NA,NA,"Decimal-Africa - numerals-dime1235-1.csv","EK"
"55","numerals-dime1235-1-eighty-2","numerals-dime1235-1","Chan2019","eighty","80","təmtʼi kʼaʃnáʃiʃ","tamtikasnasis","","FALSE","10·8",NA,NA,"Decimal-Africa - numerals-dime1235-1.csv","EK"
"56","numerals-dime1235-1-ninety-1","numerals-dime1235-1","Chan2019","ninety","90","tʰamta ˈwʌklaʃ","thamtawklas","","FALSE","10·9",NA,NA,"Decimal-Africa - numerals-dime1235-1.csv","EK"
"57","numerals-dime1235-1-ninety-2","numerals-dime1235-1","Chan2019","ninety","90","təmtʼi wókláʃiʃ","tamtiwoklasis","","FALSE","10·9",NA,NA,"Decimal-Africa - numerals-dime1235-1.csv","EK"
"58","numerals-dime1235-1-hundred-1","numerals-dime1235-1","Chan2019","hundred","100","ˈteʼətʰ","teath","","FALSE","100",NA,NA,"Decimal-Africa - numerals-dime1235-1.csv","EK"
"59","numerals-dime1235-1-hundred-2","numerals-dime1235-1","Chan2019","hundred","100","sʼéét","seet","","FALSE","100",NA,NA,"Decimal-Africa - numerals-dime1235-1.csv","EK"
"60","numerals-dime1235-1-twohundred-1","numerals-dime1235-1","Chan2019","twohundred","200","sʼéét kʼəstin","seetkastin","","FALSE","100·2",NA,NA,"Decimal-Africa - numerals-dime1235-1.csv","EK"
"61","numerals-dime1235-1-thousand-1","numerals-dime1235-1","Chan2019","thousand","1000","sʼéét təmmi","seettammi","( 100 x 10 )","FALSE","100·10",NA,NA,"Decimal-Africa - numerals-dime1235-1.csv","EK"
"62","numerals-furr1244-1-one-1","numerals-furr1244-1","Chan2019","one","1","díík","diik","","FALSE","1",NA,NA,"Decimal-Africa - numerals-furr1244-1-EDITED.csv","EK"
"63","numerals-furr1244-1-two-1","numerals-furr1244-1","Chan2019","two","2","òù","ou","","FALSE","2",NA,NA,"Decimal-Africa - numerals-furr1244-1-EDITED.csv","EK"
"64","numerals-furr1244-1-three-1","numerals-furr1244-1","Chan2019","three","3","ììs","iis","","FALSE","3",NA,NA,"Decimal-Africa - numerals-furr1244-1-EDITED.csv","EK"
"65","numerals-furr1244-1-four-1","numerals-furr1244-1","Chan2019","four","4","òŋàl","ongal","","FALSE","4",NA,NA,"Decimal-Africa - numerals-furr1244-1-EDITED.csv","EK"
"66","numerals-furr1244-1-five-1","numerals-furr1244-1","Chan2019","five","5","òòs","oos","","FALSE","5",NA,NA,"Decimal-Africa - numerals-furr1244-1-EDITED.csv","EK"
"67","numerals-furr1244-1-six-1","numerals-furr1244-1","Chan2019","six","6","òsàndík","osandik","( 5 + 1 )","FALSE","5{LIG}+1",NA,NA,"Decimal-Africa - numerals-furr1244-1-EDITED.csv","EK"
"68","numerals-furr1244-1-seven-1","numerals-furr1244-1","Chan2019","seven","7","sààbè","saabe","< Arabic","TRUE","7",NA,NA,"Decimal-Africa - numerals-furr1244-1-EDITED.csv","EK"
"69","numerals-furr1244-1-eight-1","numerals-furr1244-1","Chan2019","eight","8","tàmàn","taman","< Arabic","TRUE","8",NA,NA,"Decimal-Africa - numerals-furr1244-1-EDITED.csv","EK"
"70","numerals-furr1244-1-nine-1","numerals-furr1244-1","Chan2019","nine","9","tììsè","tiise","( < Arabic)","TRUE","9",NA,NA,"Decimal-Africa - numerals-furr1244-1-EDITED.csv","EK"
"71","numerals-furr1244-1-ten-1","numerals-furr1244-1","Chan2019","ten","10","wèyè","weye","","FALSE","10",NA,NA,"Decimal-Africa - numerals-furr1244-1-EDITED.csv","EK"
"72","numerals-furr1244-1-eleven-1","numerals-furr1244-1","Chan2019","eleven","11","wèyè nà díík","weyenadiik","","FALSE","10{LIG}+1",NA,NA,"Decimal-Africa - numerals-furr1244-1-EDITED.csv","EK"
"73","numerals-furr1244-1-twelve-1","numerals-furr1244-1","Chan2019","twelve","12","wèyè nà òù","weyenaou","","FALSE","10{LIG}+2",NA,NA,"Decimal-Africa - numerals-furr1244-1-EDITED.csv","EK"
"74","numerals-furr1244-1-thirteen-1","numerals-furr1244-1","Chan2019","thirteen","13","wèyè nà ììs","weyenaiis","","FALSE","10{LIG}+3",NA,NA,"Decimal-Africa - numerals-furr1244-1-EDITED.csv","EK"
"75","numerals-furr1244-1-fourteen-1","numerals-furr1244-1","Chan2019","fourteen","14","wèyè nà òŋàl","weyenaongal","","FALSE","10{LIG}+4",NA,NA,"Decimal-Africa - numerals-furr1244-1-EDITED.csv","EK"
"76","numerals-furr1244-1-fifteen-1","numerals-furr1244-1","Chan2019","fifteen","15","wèyè nà òòs","weyenaoos","","FALSE","10{LIG}+5",NA,NA,"Decimal-Africa - numerals-furr1244-1-EDITED.csv","EK"
"77","numerals-furr1244-1-sixteen-1","numerals-furr1244-1","Chan2019","sixteen","16","wèyè nà òsàndík","weyenaosandik","","FALSE","10{LIG}+5{LIG}+1",NA,NA,"Decimal-Africa - numerals-furr1244-1-EDITED.csv","EK"
"78","numerals-furr1244-1-seventeen-1","numerals-furr1244-1","Chan2019","seventeen","17","wèyè nà sààbè","weyenasaabe","","FALSE","10{LIG}+7",NA,NA,"Decimal-Africa - numerals-furr1244-1-EDITED.csv","EK"
"79","numerals-furr1244-1-eighteen-1","numerals-furr1244-1","Chan2019","eighteen","18","wèyè nà tàmàn","weyenataman","","FALSE","10{LIG}+8",NA,NA,"Decimal-Africa - numerals-furr1244-1-EDITED.csv","EK"
"80","numerals-furr1244-1-nineteen-1","numerals-furr1244-1","Chan2019","nineteen","19","wèyè nà tììsè","weyenatiise","","FALSE","10{LIG}+9",NA,NA,"Decimal-Africa - numerals-furr1244-1-EDITED.csv","EK"
"81","numerals-furr1244-1-twenty-1","numerals-furr1244-1","Chan2019","twenty","20","wèyèŋa òù","weyengaou","","FALSE","10{?}·2",NA,NA,"Decimal-Africa - numerals-furr1244-1-EDITED.csv","EK"
"82","numerals-furr1244-1-twentyone-1","numerals-furr1244-1","Chan2019","twentyone","21","wèyèŋa òù nà díík","weyengaounadiik","","FALSE","10{?}·2{LIG}+1",NA,NA,"Decimal-Africa - numerals-furr1244-1-EDITED.csv","EK"
"83","numerals-furr1244-1-twentytwo-1","numerals-furr1244-1","Chan2019","twentytwo","22","wèyèŋa òù nà òù","weyengaounaou","","FALSE","10{?}·2{LIG}+2",NA,NA,"Decimal-Africa - numerals-furr1244-1-EDITED.csv","EK"
"84","numerals-furr1244-1-twentythree-1","numerals-furr1244-1","Chan2019","twentythree","23","wèyèŋa òù nà ììs","weyengaounaiis","","FALSE","10{?}·2{LIG}+3",NA,NA,"Decimal-Africa - numerals-furr1244-1-EDITED.csv","EK"
"85","numerals-furr1244-1-twentyfour-1","numerals-furr1244-1","Chan2019","twentyfour","24","wèyèŋa òù nà òŋàl","weyengaounaongal","","FALSE","10{?}·2{LIG}+4",NA,NA,"Decimal-Africa - numerals-furr1244-1-EDITED.csv","EK"
"86","numerals-furr1244-1-twentyfive-1","numerals-furr1244-1","Chan2019","twentyfive","25","wèyèŋa òù nà òòs","weyengaounaoos","","FALSE","10{?}·2{LIG}+5",NA,NA,"Decimal-Africa - numerals-furr1244-1-EDITED.csv","EK"
"87","numerals-furr1244-1-twentysix-1","numerals-furr1244-1","Chan2019","twentysix","26","wèyèŋa òù nà òsàndík","weyengaounaosandik","","FALSE","10{?}·2{LIG}+5{LIG}+1",NA,NA,"Decimal-Africa - numerals-furr1244-1-EDITED.csv","EK"
"88","numerals-furr1244-1-twentyseven-1","numerals-furr1244-1","Chan2019","twentyseven","27","wèyèŋa òù nà sààbè","weyengaounasaabe","","FALSE","10{?}·2{LIG}+7",NA,NA,"Decimal-Africa - numerals-furr1244-1-EDITED.csv","EK"
"89","numerals-furr1244-1-twentyeight-1","numerals-furr1244-1","Chan2019","twentyeight","28","wèyèŋa òù nà tàmàn","weyengaounataman","","FALSE","10{?}·2{LIG}+8",NA,NA,"Decimal-Africa - numerals-furr1244-1-EDITED.csv","EK"
"90","numerals-furr1244-1-twentynine-1","numerals-furr1244-1","Chan2019","twentynine","29","wèyèŋa òù nà tììsè","weyengaounatiise","","FALSE","10{?}·2{LIG}+9",NA,NA,"Decimal-Africa - numerals-furr1244-1-EDITED.csv","EK"
"91","numerals-furr1244-1-thirty-1","numerals-furr1244-1","Chan2019","thirty","30","wèyèŋa ììs","weyengaiis","","FALSE","10{?}·3",NA,NA,"Decimal-Africa - numerals-furr1244-1-EDITED.csv","EK"
"92","numerals-furr1244-1-forty-1","numerals-furr1244-1","Chan2019","forty","40","wèyèŋa òŋàl","weyengaongal","","FALSE","10{?}·4",NA,NA,"Decimal-Africa - numerals-furr1244-1-EDITED.csv","EK"
"93","numerals-furr1244-1-fifty-1","numerals-furr1244-1","Chan2019","fifty","50","wèyèŋa òòs","weyengaoos","","FALSE","10{?}·5",NA,NA,"Decimal-Africa - numerals-furr1244-1-EDITED.csv","EK"
"94","numerals-furr1244-1-sixty-1","numerals-furr1244-1","Chan2019","sixty","60","wèyèŋa òsàndík","weyengasaabe","","FALSE","10{?}·(5{LIG}+1)","There seems to be an error in the ordering of Forms and Values in the original dataset. I edited the numerals for 60-90 assuming the sistematicity observed in the other numerals.",NA,"Decimal-Africa - numerals-furr1244-1-EDITED.csv","EK"
"95","numerals-furr1244-1-seventy-1","numerals-furr1244-1","Chan2019","seventy","70","wèyèŋa sààbè","weyengataman","","FALSE","10{?}·7","There seems to be an error in the ordering of Forms and Values in the original dataset. I edited the numerals for 60-90 assuming the sistematicity observed in the other numerals.",NA,"Decimal-Africa - numerals-furr1244-1-EDITED.csv","EK"
"96","numerals-furr1244-1-eighty-1","numerals-furr1244-1","Chan2019","eighty","80","wèyèŋa tàmàn","weyengatiise","","FALSE","10{?}·8","There seems to be an error in the ordering of Forms and Values in the original dataset. I edited the numerals for 60-90 assuming the sistematicity observed in the other numerals.",NA,"Decimal-Africa - numerals-furr1244-1-EDITED.csv","EK"
"97","numerals-furr1244-1-ninety-1","numerals-furr1244-1","Chan2019","ninety","90","wèyèŋa tììsè","weyenga","","FALSE","10{?}·9","There seems to be an error in the ordering of Forms and Values in the original dataset. I edited the numerals for 60-90 assuming the sistematicity observed in the other numerals.",NA,"Decimal-Africa - numerals-furr1244-1-EDITED.csv","EK"
"98","numerals-furr1244-1-hundred-1","numerals-furr1244-1","Chan2019","hundred","100","fírí","firi","","FALSE","100",NA,NA,"Decimal-Africa - numerals-furr1244-1-EDITED.csv","EK"
"99","numerals-furr1244-1-twohundred-1","numerals-furr1244-1","Chan2019","twohundred","200","fíríŋa òù","firingaou","","FALSE","100{?}·2",NA,NA,"Decimal-Africa - numerals-furr1244-1-EDITED.csv","EK"
"100","numerals-kale1246-1-one-1","numerals-kale1246-1","Chan2019","one","1","akɛ̀ːŋkɛ","akengke","","FALSE","1",NA,NA,"Decimal-Africa - numerals-kale1246-1.csv","EK"
"101","numerals-kale1246-1-two-1","numerals-kale1246-1","Chan2019","two","2","áɛ̂ːŋ","aeng","","FALSE","2",NA,NA,"Decimal-Africa - numerals-kale1246-1.csv","EK"
"102","numerals-kale1246-1-three-1","numerals-kale1246-1","Chan2019","three","3","sómòk","somok","","FALSE","3",NA,NA,"Decimal-Africa - numerals-kale1246-1.csv","EK"
"103","numerals-kale1246-1-four-1","numerals-kale1246-1","Chan2019","four","4","áŋwàn","angwan","","FALSE","4",NA,NA,"Decimal-Africa - numerals-kale1246-1.csv","EK"
"104","numerals-kale1246-1-five-1","numerals-kale1246-1","Chan2019","five","5","mûːt","mut","","FALSE","5",NA,NA,"Decimal-Africa - numerals-kale1246-1.csv","EK"
"105","numerals-kale1246-1-six-1","numerals-kale1246-1","Chan2019","six","6","là","la","","FALSE","6",NA,NA,"Decimal-Africa - numerals-kale1246-1.csv","EK"
"106","numerals-kale1246-1-seven-1","numerals-kale1246-1","Chan2019","seven","7","tísap","tisap","","FALSE","7",NA,NA,"Decimal-Africa - numerals-kale1246-1.csv","EK"
"107","numerals-kale1246-1-eight-1","numerals-kale1246-1","Chan2019","eight","8","sisíːt","sisit","","FALSE","8",NA,NA,"Decimal-Africa - numerals-kale1246-1.csv","EK"
"108","numerals-kale1246-1-nine-1","numerals-kale1246-1","Chan2019","nine","9","sókôːl","sokol","","FALSE","9",NA,NA,"Decimal-Africa - numerals-kale1246-1.csv","EK"
"109","numerals-kale1246-1-ten-1","numerals-kale1246-1","Chan2019","ten","10","táman","taman","","FALSE","10",NA,NA,"Decimal-Africa - numerals-kale1246-1.csv","EK"
"110","numerals-kale1246-1-eleven-1","numerals-kale1246-1","Chan2019","eleven","11","táman àk akɛ̀ːŋkɛ","tamanakakengke","","FALSE","10{LIG}+1",NA,NA,"Decimal-Africa - numerals-kale1246-1.csv","EK"
"111","numerals-kale1246-1-twelve-1","numerals-kale1246-1","Chan2019","twelve","12","táman àk áɛ̂ːŋ","tamanakaeng","","FALSE","10{LIG}+2",NA,NA,"Decimal-Africa - numerals-kale1246-1.csv","EK"
"112","numerals-kale1246-1-thirteen-1","numerals-kale1246-1","Chan2019","thirteen","13","táman àk sómòk","tamanaksomok","","FALSE","10{LIG}+3",NA,NA,"Decimal-Africa - numerals-kale1246-1.csv","EK"
"113","numerals-kale1246-1-fourteen-1","numerals-kale1246-1","Chan2019","fourteen","14","táman àk áŋwàn","tamanakangwan","","FALSE","10{LIG}+4",NA,NA,"Decimal-Africa - numerals-kale1246-1.csv","EK"
"114","numerals-kale1246-1-fifteen-1","numerals-kale1246-1","Chan2019","fifteen","15","táman àk mûːt","tamanakmut","","FALSE","10{LIG}+5",NA,NA,"Decimal-Africa - numerals-kale1246-1.csv","EK"
"115","numerals-kale1246-1-sixteen-1","numerals-kale1246-1","Chan2019","sixteen","16","táman àk là","tamanakla","","FALSE","10{LIG}+6",NA,NA,"Decimal-Africa - numerals-kale1246-1.csv","EK"
"116","numerals-kale1246-1-seventeen-1","numerals-kale1246-1","Chan2019","seventeen","17","táman àk tísap","tamanaktisap","","FALSE","10{LIG}+7",NA,NA,"Decimal-Africa - numerals-kale1246-1.csv","EK"
"117","numerals-kale1246-1-eighteen-1","numerals-kale1246-1","Chan2019","eighteen","18","táman àk sisíːt","tamanaksisit","","FALSE","10{LIG}+8",NA,NA,"Decimal-Africa - numerals-kale1246-1.csv","EK"
"118","numerals-kale1246-1-nineteen-1","numerals-kale1246-1","Chan2019","nineteen","19","táman àk sókôːl","tamanaksokol","","FALSE","10{LIG}+9",NA,NA,"Decimal-Africa - numerals-kale1246-1.csv","EK"
"119","numerals-kale1246-1-twenty-1","numerals-kale1246-1","Chan2019","twenty","20","típtém","tiptem","","FALSE","20",NA,NA,"Decimal-Africa - numerals-kale1246-1.csv","EK"
"120","numerals-kale1246-1-twentyone-1","numerals-kale1246-1","Chan2019","twentyone","21","típtém àk akɛ̀ːŋkɛ","tiptemakakengke","","FALSE","20{LIG}+1",NA,NA,"Decimal-Africa - numerals-kale1246-1.csv","EK"
"121","numerals-kale1246-1-twentytwo-1","numerals-kale1246-1","Chan2019","twentytwo","22","típtém àk áɛ̂ːŋ","tiptemakaeng","","FALSE","20{LIG}+2",NA,NA,"Decimal-Africa - numerals-kale1246-1.csv","EK"
"122","numerals-kale1246-1-twentythree-1","numerals-kale1246-1","Chan2019","twentythree","23","típtém àk sómòk","tiptemaksomok","","FALSE","20{LIG}+3",NA,NA,"Decimal-Africa - numerals-kale1246-1.csv","EK"
"123","numerals-kale1246-1-twentyfour-1","numerals-kale1246-1","Chan2019","twentyfour","24","típtém àk áŋwàn","tiptemakangwan","","FALSE","20{LIG}+4",NA,NA,"Decimal-Africa - numerals-kale1246-1.csv","EK"
"124","numerals-kale1246-1-twentyfive-1","numerals-kale1246-1","Chan2019","twentyfive","25","típtém àk mûːt","tiptemakmut","","FALSE","20{LIG}+5",NA,NA,"Decimal-Africa - numerals-kale1246-1.csv","EK"
"125","numerals-kale1246-1-twentysix-1","numerals-kale1246-1","Chan2019","twentysix","26","típtém àk là","tiptemakla","","FALSE","20{LIG}+6",NA,NA,"Decimal-Africa - numerals-kale1246-1.csv","EK"
"126","numerals-kale1246-1-twentyseven-1","numerals-kale1246-1","Chan2019","twentyseven","27","típtém àk tísap","tiptemaktisap","","FALSE","20{LIG}+7",NA,NA,"Decimal-Africa - numerals-kale1246-1.csv","EK"
"127","numerals-kale1246-1-twentyeight-1","numerals-kale1246-1","Chan2019","twentyeight","28","típtém àk sisíːt","tiptemaksisit","","FALSE","20{LIG}+8",NA,NA,"Decimal-Africa - numerals-kale1246-1.csv","EK"
"128","numerals-kale1246-1-twentynine-1","numerals-kale1246-1","Chan2019","twentynine","29","típtém àk sókôːl","tiptemaksokol","","FALSE","20{LIG}+9",NA,NA,"Decimal-Africa - numerals-kale1246-1.csv","EK"
"129","numerals-kale1246-1-thirty-1","numerals-kale1246-1","Chan2019","thirty","30","sosóm","sosom","","FALSE","30",NA,NA,"Decimal-Africa - numerals-kale1246-1.csv","EK"
"130","numerals-kale1246-1-forty-1","numerals-kale1246-1","Chan2019","forty","40","ártám","artam","","FALSE","40",NA,NA,"Decimal-Africa - numerals-kale1246-1.csv","EK"
"131","numerals-kale1246-1-fifty-1","numerals-kale1246-1","Chan2019","fifty","50","konóm","konom","","FALSE","50",NA,NA,"Decimal-Africa - numerals-kale1246-1.csv","EK"
"132","numerals-kale1246-1-sixty-1","numerals-kale1246-1","Chan2019","sixty","60","táman-wáːkík lâ","tamanwakikla","","FALSE","10{LIG2}·6",NA,NA,"Decimal-Africa - numerals-kale1246-1.csv","EK"
"133","numerals-kale1246-1-seventy-1","numerals-kale1246-1","Chan2019","seventy","70","táman-wáːkík tísap","tamanwakiktisap","","FALSE","10{LIG2}·7",NA,NA,"Decimal-Africa - numerals-kale1246-1.csv","EK"
"134","numerals-kale1246-1-eighty-1","numerals-kale1246-1","Chan2019","eighty","80","táman-wáːkík sisíːt","tamanwakiksisit","","FALSE","10{LIG2}·8",NA,NA,"Decimal-Africa - numerals-kale1246-1.csv","EK"
"135","numerals-kale1246-1-ninety-1","numerals-kale1246-1","Chan2019","ninety","90","táman-wáːkík sókôːl","tamanwakiksokol","","FALSE","10{LIG2}·9",NA,NA,"Decimal-Africa - numerals-kale1246-1.csv","EK"
"136","numerals-kale1246-1-hundred-1","numerals-kale1246-1","Chan2019","hundred","100","pákal","pakal","","FALSE","100",NA,NA,"Decimal-Africa - numerals-kale1246-1.csv","EK"
"137","numerals-kale1246-1-twohundred-1","numerals-kale1246-1","Chan2019","twohundred","200","pákal áɛ̂.ŋ","pakalaeng","","FALSE","100·2",NA,NA,"Decimal-Africa - numerals-kale1246-1.csv","EK"
"138","numerals-kale1246-1-thousand-1","numerals-kale1246-1","Chan2019","thousand","1000","élêpu","elepu","( < Swahili ' elfu')","TRUE","1000",NA,NA,"Decimal-Africa - numerals-kale1246-1.csv","EK"
"139","numerals-kale1246-1-twothousand-1","numerals-kale1246-1","Chan2019","twothousand","2000","élêpu áɛ̂.ŋ","elepuaeng","","FALSE","1000·2",NA,NA,"Decimal-Africa - numerals-kale1246-1.csv","EK"
"140","numerals-katl1237-1-one-1","numerals-katl1237-1","Chan2019","one","1","ʈíʈʌ́k","titk","","FALSE","1",NA,NA,"Decimal-Africa - numerals-katl1237-1.csv","EK"
"141","numerals-katl1237-1-two-1","numerals-katl1237-1","Chan2019","two","2","cík","cik","","FALSE","2",NA,NA,"Decimal-Africa - numerals-katl1237-1.csv","EK"
"142","numerals-katl1237-1-three-1","numerals-katl1237-1","Chan2019","three","3","ʌ̀t̪ʌ́t̪","tt","","FALSE","3",NA,NA,"Decimal-Africa - numerals-katl1237-1.csv","EK"
"143","numerals-katl1237-1-four-1","numerals-katl1237-1","Chan2019","four","4","ʌ̀ɡʌ́lʌ̀m","glm","","FALSE","4",NA,NA,"Decimal-Africa - numerals-katl1237-1.csv","EK"
"144","numerals-katl1237-1-five-1","numerals-katl1237-1","Chan2019","five","5","ɟɔ́ɡ͡bə́lɪ́n","jogbalin","","FALSE","5",NA,NA,"Decimal-Africa - numerals-katl1237-1.csv","EK"
"145","numerals-katl1237-1-six-1","numerals-katl1237-1","Chan2019","six","6","ɟɔ́lʈɪ́n","joltin","","FALSE","6",NA,NA,"Decimal-Africa - numerals-katl1237-1.csv","EK"
"146","numerals-katl1237-1-seven-1","numerals-katl1237-1","Chan2019","seven","7","ɟɔ́lɪ́k","jolik","","FALSE","7",NA,NA,"Decimal-Africa - numerals-katl1237-1.csv","EK"
"147","numerals-katl1237-1-eight-1","numerals-katl1237-1","Chan2019","eight","8","t̪ʌ́ŋɡɪ̀l","tnggil","","FALSE","8",NA,NA,"Decimal-Africa - numerals-katl1237-1.csv","EK"
"148","numerals-katl1237-1-nine-1","numerals-katl1237-1","Chan2019","nine","9","ɟʌ́lbʌ̀ʈɪ́n","jlbtin","","FALSE","9",NA,NA,"Decimal-Africa - numerals-katl1237-1.csv","EK"
"149","numerals-katl1237-1-ten-1","numerals-katl1237-1","Chan2019","ten","10","ràk͡pác","rakpac","","FALSE","10",NA,NA,"Decimal-Africa - numerals-katl1237-1.csv","EK"
"150","numerals-katl1237-1-eleven-1","numerals-katl1237-1","Chan2019","eleven","11","ràk͡pác ʈíʈʌ́k","rakpactitk","","FALSE","10+1",NA,NA,"Decimal-Africa - numerals-katl1237-1.csv","EK"
"151","numerals-katl1237-1-twelve-1","numerals-katl1237-1","Chan2019","twelve","12","ràk͡pác cík","rakpaccik","","FALSE","10+2",NA,NA,"Decimal-Africa - numerals-katl1237-1.csv","EK"
"152","numerals-katl1237-1-thirteen-1","numerals-katl1237-1","Chan2019","thirteen","13","ràk͡pác ʌ̀t̪ʌ́t̪","rakpactt","","FALSE","10+3",NA,NA,"Decimal-Africa - numerals-katl1237-1.csv","EK"
"153","numerals-katl1237-1-fourteen-1","numerals-katl1237-1","Chan2019","fourteen","14","ràk͡pác ʌ̀ɡʌ́lʌ̀m","rakpacglm","","FALSE","10+4",NA,NA,"Decimal-Africa - numerals-katl1237-1.csv","EK"
"154","numerals-katl1237-1-fifteen-1","numerals-katl1237-1","Chan2019","fifteen","15","ràk͡pác ɟɔ́ɡ͡bə́lɪ́n","rakpacjogbalin","","FALSE","10+5",NA,NA,"Decimal-Africa - numerals-katl1237-1.csv","EK"
"155","numerals-katl1237-1-sixteen-1","numerals-katl1237-1","Chan2019","sixteen","16","ràk͡pác ɟɔ́lʈɪ́n","rakpacjoltin","","FALSE","10+6",NA,NA,"Decimal-Africa - numerals-katl1237-1.csv","EK"
"156","numerals-katl1237-1-seventeen-1","numerals-katl1237-1","Chan2019","seventeen","17","ràk͡pác ɟɔ́lɪ́k","rakpacjolik","","FALSE","10+7",NA,NA,"Decimal-Africa - numerals-katl1237-1.csv","EK"
"157","numerals-katl1237-1-eighteen-1","numerals-katl1237-1","Chan2019","eighteen","18","ràk͡pác t̪ʌ́ŋɡɪ̀l","rakpactnggil","","FALSE","10+8",NA,NA,"Decimal-Africa - numerals-katl1237-1.csv","EK"
"158","numerals-katl1237-1-nineteen-1","numerals-katl1237-1","Chan2019","nineteen","19","ràk͡pác ɟʌ́lbʌ̀ʈɪ́n","rakpacjlbtin","","FALSE","10+9",NA,NA,"Decimal-Africa - numerals-katl1237-1.csv","EK"
"159","numerals-katl1237-1-twenty-1","numerals-katl1237-1","Chan2019","twenty","20","ɔ̀rɔ́ cɪ́k","orocik","","FALSE","10'·2",NA,NA,"Decimal-Africa - numerals-katl1237-1.csv","EK"
"160","numerals-katl1237-1-twentyone-1","numerals-katl1237-1","Chan2019","twentyone","21","ɔ̀rɔ́ cɪ́k ʌ́wʌ̀l (-t̪ʌ́lʌ̀) ʈíʈʌ́k","orocikwltltitk","","FALSE","10'·2{rush/away}+1",NA,NA,"Decimal-Africa - numerals-katl1237-1.csv","EK"
"161","numerals-katl1237-1-twentytwo-1","numerals-katl1237-1","Chan2019","twentytwo","22","ɔ̀rɔ́ cɪ́k ʌ́wʌ̀l (-t̪ʌ́lʌ̀) cík","orocikwltlcik","","FALSE","10'·2{rush/away}+2",NA,NA,"Decimal-Africa - numerals-katl1237-1.csv","EK"
"162","numerals-katl1237-1-twentythree-1","numerals-katl1237-1","Chan2019","twentythree","23","ɔ̀rɔ́ cɪ́k ʌ́wʌ̀l (-t̪ʌ́lʌ̀) ʌ̀t̪ʌ́t̪","orocikwltltt","","FALSE","10'·2{rush/away}+3",NA,NA,"Decimal-Africa - numerals-katl1237-1.csv","EK"
"163","numerals-katl1237-1-twentyfour-1","numerals-katl1237-1","Chan2019","twentyfour","24","ɔ̀rɔ́ cɪ́k ʌ́wʌ̀l (-t̪ʌ́lʌ̀) ʌ̀ɡʌ́lʌ̀m","orocikwltlglm","","FALSE","10'·2{rush/away}+4",NA,NA,"Decimal-Africa - numerals-katl1237-1.csv","EK"
"164","numerals-katl1237-1-twentyfive-1","numerals-katl1237-1","Chan2019","twentyfive","25","ɔ̀rɔ́ cɪ́k ʌ́wʌ̀l (-t̪ʌ́lʌ̀) ɟɔ́ɡ͡bə́lɪ́n","orocikwltljogbalin","","FALSE","10'·2{rush/away}+5",NA,NA,"Decimal-Africa - numerals-katl1237-1.csv","EK"
"165","numerals-katl1237-1-twentysix-1","numerals-katl1237-1","Chan2019","twentysix","26","ɔ̀rɔ́ cɪ́k ʌ́wʌ̀l (-t̪ʌ́lʌ̀) ɟɔ́lʈɪ́n","orocikwltljoltin","","FALSE","10'·2{rush/away}+6",NA,NA,"Decimal-Africa - numerals-katl1237-1.csv","EK"
"166","numerals-katl1237-1-twentyseven-1","numerals-katl1237-1","Chan2019","twentyseven","27","ɔ̀rɔ́ cɪ́k ʌ́wʌ̀l (-t̪ʌ́lʌ̀) ɟɔ́lɪ́k","orocikwltljolik","","FALSE","10'·2{rush/away}+7",NA,NA,"Decimal-Africa - numerals-katl1237-1.csv","EK"
"167","numerals-katl1237-1-twentyeight-1","numerals-katl1237-1","Chan2019","twentyeight","28","ɔ̀rɔ́ cɪ́k ʌ́wʌ̀l (-t̪ʌ́lʌ̀) t̪ʌ́ŋɡɪ̀l","orocikwltltnggil","","FALSE","10'·2{rush/away}+8",NA,NA,"Decimal-Africa - numerals-katl1237-1.csv","EK"
"168","numerals-katl1237-1-twentynine-1","numerals-katl1237-1","Chan2019","twentynine","29","ɔ̀rɔ́ cɪ́k ʌ́wʌ̀l (-t̪ʌ́lʌ̀) ɟʌ́lbʌ̀ʈɪ́n","orocikwltljlbtin","","FALSE","10'·2{rush/away}+9",NA,NA,"Decimal-Africa - numerals-katl1237-1.csv","EK"
"169","numerals-katl1237-1-thirty-1","numerals-katl1237-1","Chan2019","thirty","30","ɔ̀rɔ́ ʌ̀t̪ʌ́t̪","orott","","FALSE","10'·3",NA,NA,"Decimal-Africa - numerals-katl1237-1.csv","EK"
"170","numerals-katl1237-1-forty-1","numerals-katl1237-1","Chan2019","forty","40","ɔ̀rɔ́ ʌ̀ɡʌ́lʌ̀m","oroglm","","FALSE","10'·4",NA,NA,"Decimal-Africa - numerals-katl1237-1.csv","EK"
"171","numerals-katl1237-1-fifty-1","numerals-katl1237-1","Chan2019","fifty","50","ɔ̀rɔ́ ɟɔ́ɡ͡bə́lɪ́n","orojogbalin","","FALSE","10'·5",NA,NA,"Decimal-Africa - numerals-katl1237-1.csv","EK"
"172","numerals-katl1237-1-sixty-1","numerals-katl1237-1","Chan2019","sixty","60","ɔ̀rɔ́ ɟɔ́lʈɪ́n","orojoltin","","FALSE","10'·6",NA,NA,"Decimal-Africa - numerals-katl1237-1.csv","EK"
"173","numerals-katl1237-1-seventy-1","numerals-katl1237-1","Chan2019","seventy","70","ɔ̀rɔ́ ɟɔ́lɪ́k","orojolik","","FALSE","10'·7",NA,NA,"Decimal-Africa - numerals-katl1237-1.csv","EK"
"174","numerals-katl1237-1-eighty-1","numerals-katl1237-1","Chan2019","eighty","80","ɔ̀rɔ́ t̪ʌ́ŋɡɪ̀l","orotnggil","","FALSE","10'·8",NA,NA,"Decimal-Africa - numerals-katl1237-1.csv","EK"
"175","numerals-katl1237-1-ninety-1","numerals-katl1237-1","Chan2019","ninety","90","ɔ̀rɔ́ ɟʌ́lbʌ̀ʈɪ́n","orojlbtin","","FALSE","10'·9",NA,NA,"Decimal-Africa - numerals-katl1237-1.csv","EK"
"176","numerals-katl1237-1-hundred-1","numerals-katl1237-1","Chan2019","hundred","100","ɔ̀rɔ́ ràk͡pác","ororakpac","","FALSE","10'·10",NA,NA,"Decimal-Africa - numerals-katl1237-1.csv","EK"
"177","numerals-katl1237-1-twohundred-1","numerals-katl1237-1","Chan2019","twohundred","200","ɔ̀rɔ́ ràk͡pác ɔ́mʌ̀n ɔ̀rɔ́ ràk͡pác","ororakpacomnororakpac","( 20 x 10 )","FALSE","10'·10{?}+10'·10","The contributor claims the gloss is 20·10, but I don't see this structure",NA,"Decimal-Africa - numerals-katl1237-1.csv","EK"
"178","numerals-mang1394-1-one-1","numerals-mang1394-1","Chan2019","one","1","kana","kana",NA,"FALSE","1",NA,NA,"Decimal-Africa - numerals-mang1394-1.csv","EK"
"179","numerals-mang1394-1-two-1","numerals-mang1394-1","Chan2019","two","2","sóóndrwé","soondrwe",NA,"FALSE","2",NA,NA,"Decimal-Africa - numerals-mang1394-1.csv","EK"
"180","numerals-mang1394-1-two-2","numerals-mang1394-1","Chan2019","two","2","sóóndrú","soondru",NA,"FALSE","2",NA,NA,"Decimal-Africa - numerals-mang1394-1.csv","EK"
"181","numerals-mang1394-1-three-1","numerals-mang1394-1","Chan2019","three","3","sɔ́ta","sota",NA,"FALSE","3",NA,NA,"Decimal-Africa - numerals-mang1394-1.csv","EK"
"182","numerals-mang1394-1-four-1","numerals-mang1394-1","Chan2019","four","4","sɔ́sʉa","sosua",NA,"FALSE","4",NA,NA,"Decimal-Africa - numerals-mang1394-1.csv","EK"
"183","numerals-mang1394-1-five-1","numerals-mang1394-1","Chan2019","five","5","tɔ́zɛrɛna","tozerena",NA,"FALSE","5",NA,NA,"Decimal-Africa - numerals-mang1394-1.csv","EK"
"184","numerals-mang1394-1-five-2","numerals-mang1394-1","Chan2019","five","5","sɔ́zɛrɛna","sozerena",NA,"FALSE","5",NA,NA,"Decimal-Africa - numerals-mang1394-1.csv","EK"
"185","numerals-mang1394-1-six-1","numerals-mang1394-1","Chan2019","six","6","tɛ́nɡwɛkana","tengwekana",NA,"FALSE","6",NA,NA,"Decimal-Africa - numerals-mang1394-1.csv","EK"
"186","numerals-mang1394-1-six-2","numerals-mang1394-1","Chan2019","six","6","ɛ́tɛana","eteana",NA,"FALSE","6",NA,NA,"Decimal-Africa - numerals-mang1394-1.csv","EK"
"187","numerals-mang1394-1-seven-1","numerals-mang1394-1","Chan2019","seven","7","tónórwe","tonorwe",NA,"FALSE","7",NA,NA,"Decimal-Africa - numerals-mang1394-1.csv","EK"
"188","numerals-mang1394-1-seven-2","numerals-mang1394-1","Chan2019","seven","7","tónóru","tonoru",NA,"FALSE","7",NA,NA,"Decimal-Africa - numerals-mang1394-1.csv","EK"
"189","numerals-mang1394-1-eight-1","numerals-mang1394-1","Chan2019","eight","8","bɔɡɨna","bogina",NA,"FALSE","8",NA,NA,"Decimal-Africa - numerals-mang1394-1.csv","EK"
"190","numerals-mang1394-1-nine-1","numerals-mang1394-1","Chan2019","nine","9","téndeléɡí","tendelegi",NA,"FALSE","9",NA,NA,"Decimal-Africa - numerals-mang1394-1.csv","EK"
"191","numerals-mang1394-1-ten-1","numerals-mang1394-1","Chan2019","ten","10","tɛ́ɛ́vhɛ́","teevhe",NA,"FALSE","10",NA,NA,"Decimal-Africa - numerals-mang1394-1.csv","EK"
"192","numerals-mang1394-1-eleven-1","numerals-mang1394-1","Chan2019","eleven","11","tɛ́ɛ́vhɛ (án)eɡí kana","teevheanegikana",NA,"FALSE","10{LIG}+1",NA,NA,"Decimal-Africa - numerals-mang1394-1.csv","EK"
"193","numerals-mang1394-1-twelve-1","numerals-mang1394-1","Chan2019","twelve","12","tɛ́ɛ́vhɛ (án)eɡí sóóndrwé","teevheanegisoondrwe",NA,"FALSE","10{LIG}+2",NA,NA,"Decimal-Africa - numerals-mang1394-1.csv","EK"
"194","numerals-mang1394-1-thirteen-1","numerals-mang1394-1","Chan2019","thirteen","13","tɛ́ɛ́vhɛ (án)eɡí sɔ́ta","teevheanegisota",NA,"FALSE","10{LIG}+3",NA,NA,"Decimal-Africa - numerals-mang1394-1.csv","EK"
"195","numerals-mang1394-1-fourteen-1","numerals-mang1394-1","Chan2019","fourteen","14","tɛ́ɛ́vhɛ (án)eɡí sɔ́sʉa","teevheanegisosua",NA,"FALSE","10{LIG}+4",NA,NA,"Decimal-Africa - numerals-mang1394-1.csv","EK"
"196","numerals-mang1394-1-fifteen-1","numerals-mang1394-1","Chan2019","fifteen","15","tɛ́ɛ́vhɛ (án)eɡí tɔ́zɛrɛna","teevheanegitozerena",NA,"FALSE","10{LIG}+5",NA,NA,"Decimal-Africa - numerals-mang1394-1.csv","EK"
"197","numerals-mang1394-1-sixteen-1","numerals-mang1394-1","Chan2019","sixteen","16","tɛ́ɛ́vhɛ (án)eɡí tɛ́nɡwɛkana","teevheanegitengwekana",NA,"FALSE","10{LIG}+6",NA,NA,"Decimal-Africa - numerals-mang1394-1.csv","EK"
"198","numerals-mang1394-1-seventeen-1","numerals-mang1394-1","Chan2019","seventeen","17","tɛ́ɛ́vhɛ (án)eɡí tónórwe","teevheanegitonorwe",NA,"FALSE","10{LIG}+7",NA,NA,"Decimal-Africa - numerals-mang1394-1.csv","EK"
"199","numerals-mang1394-1-eighteen-1","numerals-mang1394-1","Chan2019","eighteen","18","tɛ́ɛ́vhɛ (án)eɡí bɔɡɨna","teevheanegibogina",NA,"FALSE","10{LIG}+8",NA,NA,"Decimal-Africa - numerals-mang1394-1.csv","EK"
"200","numerals-mang1394-1-nineteen-1","numerals-mang1394-1","Chan2019","nineteen","19","tɛ́ɛ́vhɛ (án)eɡí téndeléɡí","teevheanegitendelegi",NA,"FALSE","10{LIG}+9",NA,NA,"Decimal-Africa - numerals-mang1394-1.csv","EK"
"201","numerals-mang1394-1-twenty-1","numerals-mang1394-1","Chan2019","twenty","20","ɛtɛ́ɛ́vhɛ sóóndrwé","eteevhesoondrwe",NA,"FALSE","{?}10·2",NA,NA,"Decimal-Africa - numerals-mang1394-1.csv","EK"
"202","numerals-mang1394-1-twentyone-1","numerals-mang1394-1","Chan2019","twentyone","21","ɛtɛ́ɛ́vhɛ sóóndrwé (án)eɡí kana","eteevhesoondrweanegikana",NA,"FALSE","{?}10·2{LIG}+1",NA,NA,"Decimal-Africa - numerals-mang1394-1.csv","EK"
"203","numerals-mang1394-1-twentytwo-1","numerals-mang1394-1","Chan2019","twentytwo","22","ɛtɛ́ɛ́vhɛ sóóndrwé (án)eɡí sóóndrwé","eteevhesoondrweanegisoondrwe",NA,"FALSE","{?}10·2{LIG}+2",NA,NA,"Decimal-Africa - numerals-mang1394-1.csv","EK"
"204","numerals-mang1394-1-twentythree-1","numerals-mang1394-1","Chan2019","twentythree","23","ɛtɛ́ɛ́vhɛ sóóndrwé (án)eɡí sɔ́ta","eteevhesoondrweanegisota",NA,"FALSE","{?}10·2{LIG}+3",NA,NA,"Decimal-Africa - numerals-mang1394-1.csv","EK"
"205","numerals-mang1394-1-twentyfour-1","numerals-mang1394-1","Chan2019","twentyfour","24","ɛtɛ́ɛ́vhɛ sóóndrwé (án)eɡí sɔ́sʉa","eteevhesoondrweanegisosua",NA,"FALSE","{?}10·2{LIG}+4",NA,NA,"Decimal-Africa - numerals-mang1394-1.csv","EK"
"206","numerals-mang1394-1-twentyfive-1","numerals-mang1394-1","Chan2019","twentyfive","25","ɛtɛ́ɛ́vhɛ sóóndrwé (án)eɡí tɔ́zɛrɛna","eteevhesoondrweanegitozerena",NA,"FALSE","{?}10·2{LIG}+5",NA,NA,"Decimal-Africa - numerals-mang1394-1.csv","EK"
"207","numerals-mang1394-1-twentysix-1","numerals-mang1394-1","Chan2019","twentysix","26","ɛtɛ́ɛ́vhɛ sóóndrwé (án)eɡí tɛ́nɡwɛkana","eteevhesoondrweanegitengwekana",NA,"FALSE","{?}10·2{LIG}+6",NA,NA,"Decimal-Africa - numerals-mang1394-1.csv","EK"
"208","numerals-mang1394-1-twentyseven-1","numerals-mang1394-1","Chan2019","twentyseven","27","ɛtɛ́ɛ́vhɛ sóóndrwé (án)eɡí tónórwe","eteevhesoondrweanegitonorwe",NA,"FALSE","{?}10·2{LIG}+7",NA,NA,"Decimal-Africa - numerals-mang1394-1.csv","EK"
"209","numerals-mang1394-1-twentyeight-1","numerals-mang1394-1","Chan2019","twentyeight","28","ɛtɛ́ɛ́vhɛ sóóndrwé (án)eɡí bɔɡɨna","eteevhesoondrweanegibogina",NA,"FALSE","{?}10·2{LIG}+8",NA,NA,"Decimal-Africa - numerals-mang1394-1.csv","EK"
"210","numerals-mang1394-1-twentynine-1","numerals-mang1394-1","Chan2019","twentynine","29","ɛtɛ́ɛ́vhɛ sóóndrwé (án)eɡí téndeléɡí","eteevhesoondrweanegitendelegi",NA,"FALSE","{?}10·2{LIG}+9",NA,NA,"Decimal-Africa - numerals-mang1394-1.csv","EK"
"211","numerals-mang1394-1-thirty-1","numerals-mang1394-1","Chan2019","thirty","30","ɛtɛ́ɛ́vhɛ sɔ́ta","eteevhesota",NA,"FALSE","{?}10·3",NA,NA,"Decimal-Africa - numerals-mang1394-1.csv","EK"
"212","numerals-mang1394-1-forty-1","numerals-mang1394-1","Chan2019","forty","40","ɛtɛ́ɛ́vhɛ sɔ́sʉa","eteevhesosua",NA,"FALSE","{?}10·4",NA,NA,"Decimal-Africa - numerals-mang1394-1.csv","EK"
"213","numerals-mang1394-1-fifty-1","numerals-mang1394-1","Chan2019","fifty","50","ɛtɛ́ɛ́vhɛ tɔ́zɛrɛna","eteevhetozerena",NA,"FALSE","{?}10·5",NA,NA,"Decimal-Africa - numerals-mang1394-1.csv","EK"
"214","numerals-mang1394-1-sixty-1","numerals-mang1394-1","Chan2019","sixty","60","ɛtɛ́ɛ́vhɛ tɛ́nɡwɛkana","eteevhetengwekana",NA,"FALSE","{?}10·6",NA,NA,"Decimal-Africa - numerals-mang1394-1.csv","EK"
"215","numerals-mang1394-1-seventy-1","numerals-mang1394-1","Chan2019","seventy","70","ɛtɛ́ɛ́vhɛ tónórwe","eteevhetonorwe",NA,"FALSE","{?}10·7",NA,NA,"Decimal-Africa - numerals-mang1394-1.csv","EK"
"216","numerals-mang1394-1-eighty-1","numerals-mang1394-1","Chan2019","eighty","80","ɛtɛ́ɛ́vhɛ bɔɡɨna","eteevhebogina",NA,"FALSE","{?}10·8",NA,NA,"Decimal-Africa - numerals-mang1394-1.csv","EK"
"217","numerals-mang1394-1-ninety-1","numerals-mang1394-1","Chan2019","ninety","90","ɛtɛ́ɛ́vhɛ téndeléɡí","eteevhetendelegi",NA,"FALSE","{?}10·9",NA,NA,"Decimal-Africa - numerals-mang1394-1.csv","EK"
"218","numerals-mang1394-1-hundred-1","numerals-mang1394-1","Chan2019","hundred","100","nɛ́kámá kana","nekamakana",NA,"FALSE","{?}100·1",NA,NA,"Decimal-Africa - numerals-mang1394-1.csv","EK"
"219","numerals-mang1394-1-twohundred-1","numerals-mang1394-1","Chan2019","twohundred","200","ɛ́káma sóóndrwé","ekamasoondrwe",NA,"FALSE","100·2",NA,NA,"Decimal-Africa - numerals-mang1394-1.csv","EK"
"220","numerals-mang1394-1-thousand-1","numerals-mang1394-1","Chan2019","thousand","1000","nɛ́kútu kana","nekutukana",NA,"FALSE","{?}1000·1",NA,NA,"Decimal-Africa - numerals-mang1394-1.csv","EK"
"221","numerals-mang1394-1-twothousand-1","numerals-mang1394-1","Chan2019","twothousand","2000","ɛ́kútu sóóndrwé","ekutusoondrwe",NA,"FALSE","1000·2",NA,NA,"Decimal-Africa - numerals-mang1394-1.csv","EK"
"222","numerals-nobi1240-1-one-1","numerals-nobi1240-1","Chan2019","one","1","weː˥r","wer",NA,"FALSE","1",NA,NA,"Decimal-Africa - numerals-nobi1240-1.csv","EK"
"223","numerals-nobi1240-1-two-1","numerals-nobi1240-1","Chan2019","two","2","u˥wwo˥","uwwo",NA,"FALSE","2",NA,NA,"Decimal-Africa - numerals-nobi1240-1.csv","EK"
"224","numerals-nobi1240-1-three-1","numerals-nobi1240-1","Chan2019","three","3","tu˥sko˥","tusko",NA,"FALSE","3",NA,NA,"Decimal-Africa - numerals-nobi1240-1.csv","EK"
"225","numerals-nobi1240-1-four-1","numerals-nobi1240-1","Chan2019","four","4","ke˥mso˥","kemso",NA,"FALSE","4",NA,NA,"Decimal-Africa - numerals-nobi1240-1.csv","EK"
"226","numerals-nobi1240-1-five-1","numerals-nobi1240-1","Chan2019","five","5","di˧dʒ","didz",NA,"FALSE","5",NA,NA,"Decimal-Africa - numerals-nobi1240-1.csv","EK"
"227","numerals-nobi1240-1-six-1","numerals-nobi1240-1","Chan2019","six","6","ɡo˥rdʒo˥","gordzo",NA,"FALSE","6",NA,NA,"Decimal-Africa - numerals-nobi1240-1.csv","EK"
"228","numerals-nobi1240-1-seven-1","numerals-nobi1240-1","Chan2019","seven","7","ko˧lo˧d","kolod",NA,"FALSE","7",NA,NA,"Decimal-Africa - numerals-nobi1240-1.csv","EK"
"229","numerals-nobi1240-1-eight-1","numerals-nobi1240-1","Chan2019","eight","8","i˥dwo˥","idwo",NA,"FALSE","8",NA,NA,"Decimal-Africa - numerals-nobi1240-1.csv","EK"
"230","numerals-nobi1240-1-nine-1","numerals-nobi1240-1","Chan2019","nine","9","o˧sko˧d","oskod",NA,"FALSE","9",NA,NA,"Decimal-Africa - numerals-nobi1240-1.csv","EK"
"231","numerals-nobi1240-1-ten-1","numerals-nobi1240-1","Chan2019","ten","10","di˥me˥","dime",NA,"FALSE","10",NA,NA,"Decimal-Africa - numerals-nobi1240-1.csv","EK"
"232","numerals-nobi1240-1-eleven-1","numerals-nobi1240-1","Chan2019","eleven","11","di˥me˥ weː˥r","dimewer",NA,"FALSE","10+1",NA,NA,"Decimal-Africa - numerals-nobi1240-1.csv","EK"
"233","numerals-nobi1240-1-twelve-1","numerals-nobi1240-1","Chan2019","twelve","12","di˥me˥ u˥wwo˥","dimeuwwo",NA,"FALSE","10+2",NA,NA,"Decimal-Africa - numerals-nobi1240-1.csv","EK"
"234","numerals-nobi1240-1-thirteen-1","numerals-nobi1240-1","Chan2019","thirteen","13","di˥me˥ tu˥sko˥","dimetusko",NA,"FALSE","10+3",NA,NA,"Decimal-Africa - numerals-nobi1240-1.csv","EK"
"235","numerals-nobi1240-1-fourteen-1","numerals-nobi1240-1","Chan2019","fourteen","14","di˥me˥ ke˥mso˥","dimekemso",NA,"FALSE","10+4",NA,NA,"Decimal-Africa - numerals-nobi1240-1.csv","EK"
"236","numerals-nobi1240-1-fifteen-1","numerals-nobi1240-1","Chan2019","fifteen","15","di˥me˥ di˧dʒ","dimedidz",NA,"FALSE","10+5",NA,NA,"Decimal-Africa - numerals-nobi1240-1.csv","EK"
"237","numerals-nobi1240-1-sixteen-1","numerals-nobi1240-1","Chan2019","sixteen","16","di˥me˥ ɡo˥rdʒo˥","dimegordzo",NA,"FALSE","10+6",NA,NA,"Decimal-Africa - numerals-nobi1240-1.csv","EK"
"238","numerals-nobi1240-1-seventeen-1","numerals-nobi1240-1","Chan2019","seventeen","17","di˥me˥ ko˧lo˧d","dimekolod",NA,"FALSE","10+7",NA,NA,"Decimal-Africa - numerals-nobi1240-1.csv","EK"
"239","numerals-nobi1240-1-eighteen-1","numerals-nobi1240-1","Chan2019","eighteen","18","di˥me˥ i˥dwo˥","dimeidwo",NA,"FALSE","10+8",NA,NA,"Decimal-Africa - numerals-nobi1240-1.csv","EK"
"240","numerals-nobi1240-1-nineteen-1","numerals-nobi1240-1","Chan2019","nineteen","19","di˥me˥ o˧sko˧d","dimeoskod",NA,"FALSE","10+9",NA,NA,"Decimal-Africa - numerals-nobi1240-1.csv","EK"
"241","numerals-nobi1240-1-twenty-1","numerals-nobi1240-1","Chan2019","twenty","20","a˥roː˥","aro",NA,"FALSE","20",NA,NA,"Decimal-Africa - numerals-nobi1240-1.csv","EK"
"242","numerals-nobi1240-1-twentyone-1","numerals-nobi1240-1","Chan2019","twentyone","21","a˥roː˥ weː˥r","arower",NA,"FALSE","20+1",NA,NA,"Decimal-Africa - numerals-nobi1240-1.csv","EK"
"243","numerals-nobi1240-1-twentytwo-1","numerals-nobi1240-1","Chan2019","twentytwo","22","a˥roː˥ u˥wwo˥","arouwwo",NA,"FALSE","20+2",NA,NA,"Decimal-Africa - numerals-nobi1240-1.csv","EK"
"244","numerals-nobi1240-1-twentythree-1","numerals-nobi1240-1","Chan2019","twentythree","23","a˥roː˥ tu˥sko˥","arotusko",NA,"FALSE","20+3",NA,NA,"Decimal-Africa - numerals-nobi1240-1.csv","EK"
"245","numerals-nobi1240-1-twentyfour-1","numerals-nobi1240-1","Chan2019","twentyfour","24","a˥roː˥ ke˥mso˥","arokemso",NA,"FALSE","20+4",NA,NA,"Decimal-Africa - numerals-nobi1240-1.csv","EK"
"246","numerals-nobi1240-1-twentyfive-1","numerals-nobi1240-1","Chan2019","twentyfive","25","a˥roː˥ di˧dʒ","arodidz",NA,"FALSE","20+5",NA,NA,"Decimal-Africa - numerals-nobi1240-1.csv","EK"
"247","numerals-nobi1240-1-twentysix-1","numerals-nobi1240-1","Chan2019","twentysix","26","a˥roː˥ ɡo˥rdʒo˥","arogordzo",NA,"FALSE","20+6",NA,NA,"Decimal-Africa - numerals-nobi1240-1.csv","EK"
"248","numerals-nobi1240-1-twentyseven-1","numerals-nobi1240-1","Chan2019","twentyseven","27","a˥roː˥ ko˧lo˧d","arokolod",NA,"FALSE","20+7",NA,NA,"Decimal-Africa - numerals-nobi1240-1.csv","EK"
"249","numerals-nobi1240-1-twentyeight-1","numerals-nobi1240-1","Chan2019","twentyeight","28","a˥roː˥ i˥dwo˥","aroidwo",NA,"FALSE","20+8",NA,NA,"Decimal-Africa - numerals-nobi1240-1.csv","EK"
"250","numerals-nobi1240-1-twentynine-1","numerals-nobi1240-1","Chan2019","twentynine","29","a˥roː˥ o˧sko˧d","arooskod",NA,"FALSE","20+9",NA,NA,"Decimal-Africa - numerals-nobi1240-1.csv","EK"
"251","numerals-nobi1240-1-thirty-1","numerals-nobi1240-1","Chan2019","thirty","30","tu˥sko˥ndi˥","tuskondi",NA,"FALSE","3·10'",NA,NA,"Decimal-Africa - numerals-nobi1240-1.csv","EK"
"252","numerals-nobi1240-1-forty-1","numerals-nobi1240-1","Chan2019","forty","40","ke˥mso˥ndi˥","kemsondi",NA,"FALSE","4·10'",NA,NA,"Decimal-Africa - numerals-nobi1240-1.csv","EK"
"253","numerals-nobi1240-1-fifty-1","numerals-nobi1240-1","Chan2019","fifty","50","di˧dʒo˥ndi˥","didzondi",NA,"FALSE","5·10'",NA,NA,"Decimal-Africa - numerals-nobi1240-1.csv","EK"
"254","numerals-nobi1240-1-sixty-1","numerals-nobi1240-1","Chan2019","sixty","60","ɡo˥rdʒo˥ndi˥","gordzondi",NA,"FALSE","6·10'",NA,NA,"Decimal-Africa - numerals-nobi1240-1.csv","EK"
"255","numerals-nobi1240-1-seventy-1","numerals-nobi1240-1","Chan2019","seventy","70","ko˧lo˧do˥ndi˥","kolodondi",NA,"FALSE","7·10'",NA,NA,"Decimal-Africa - numerals-nobi1240-1.csv","EK"
"256","numerals-nobi1240-1-eighty-1","numerals-nobi1240-1","Chan2019","eighty","80","i˥dwo˥ndi˥","idwondi",NA,"FALSE","8·10'",NA,NA,"Decimal-Africa - numerals-nobi1240-1.csv","EK"
"257","numerals-nobi1240-1-ninety-1","numerals-nobi1240-1","Chan2019","ninety","90","o˧sko˧do˥ndi˥","oskodondi",NA,"FALSE","9·10'",NA,NA,"Decimal-Africa - numerals-nobi1240-1.csv","EK"
"258","numerals-nobi1240-1-hundred-1","numerals-nobi1240-1","Chan2019","hundred","100","i˥mi˥i","imii",NA,"FALSE","100",NA,NA,"Decimal-Africa - numerals-nobi1240-1.csv","EK"
"259","numerals-nobi1240-1-twohundred-1","numerals-nobi1240-1","Chan2019","twohundred","200","i˥mi˥i u˥wwo˥","imiiuwwo",NA,"FALSE","100·2",NA,NA,"Decimal-Africa - numerals-nobi1240-1.csv","EK"
"260","numerals-nobi1240-1-thousand-1","numerals-nobi1240-1","Chan2019","thousand","1000","du˧reː˧","dure",NA,"FALSE","1000",NA,NA,"Decimal-Africa - numerals-nobi1240-1.csv","EK"
"261","numerals-nobi1240-1-twothousand-1","numerals-nobi1240-1","Chan2019","twothousand","2000","du˧reː˧ u˥wwo˥","dureuwwo",NA,"FALSE","1000·2",NA,NA,"Decimal-Africa - numerals-nobi1240-1.csv","EK"
"262","numerals-nuuu1241-1-one-1","numerals-nuuu1241-1","Chan2019","one","1","ǁʰoe","hoe",NA,"FALSE","1",NA,NA,"Decimal-Africa - numerals-nuuu1241-1.csv","EK"
"263","numerals-nuuu1241-1-one-2","numerals-nuuu1241-1","Chan2019","one","1","ǁʔoe","oe",NA,"FALSE","1",NA,NA,"Decimal-Africa - numerals-nuuu1241-1.csv","EK"
"264","numerals-nuuu1241-1-one-3","numerals-nuuu1241-1","Chan2019","one","1","eːn","en",NA,"TRUE","1","Borrowed from Afrikaans",NA,"Decimal-Africa - numerals-nuuu1241-1.csv","EK"
"265","numerals-nuuu1241-1-two-1","numerals-nuuu1241-1","Chan2019","two","2","ǃʰuu","huu",NA,"FALSE","2",NA,NA,"Decimal-Africa - numerals-nuuu1241-1.csv","EK"
"266","numerals-nuuu1241-1-two-2","numerals-nuuu1241-1","Chan2019","two","2","ǃʔuu","uu",NA,"FALSE","2",NA,NA,"Decimal-Africa - numerals-nuuu1241-1.csv","EK"
"267","numerals-nuuu1241-1-two-3","numerals-nuuu1241-1","Chan2019","two","2","tʷeː","twe",NA,"TRUE","2","Borrowed from Afrikaans",NA,"Decimal-Africa - numerals-nuuu1241-1.csv","EK"
"268","numerals-nuuu1241-1-three-1","numerals-nuuu1241-1","Chan2019","three","3","nǃona","nona",NA,"FALSE","3",NA,NA,"Decimal-Africa - numerals-nuuu1241-1.csv","EK"
"269","numerals-nuuu1241-1-three-2","numerals-nuuu1241-1","Chan2019","three","3","ŋǃona","ngona",NA,"FALSE","3",NA,NA,"Decimal-Africa - numerals-nuuu1241-1.csv","EK"
"270","numerals-nuuu1241-1-three-3","numerals-nuuu1241-1","Chan2019","three","3","dri","dri",NA,"TRUE","3","Borrowed from Afrikaans",NA,"Decimal-Africa - numerals-nuuu1241-1.csv","EK"
"271","numerals-nuuu1241-1-four-1","numerals-nuuu1241-1","Chan2019","four","4","fir","fir",NA,"TRUE","4","Borrowed from Afrikaans",NA,"Decimal-Africa - numerals-nuuu1241-1.csv","EK"
"272","numerals-nuuu1241-1-five-1","numerals-nuuu1241-1","Chan2019","five","5","fəif","faif",NA,"TRUE","5","Borrowed from Afrikaans",NA,"Decimal-Africa - numerals-nuuu1241-1.csv","EK"
"273","numerals-nuuu1241-1-six-1","numerals-nuuu1241-1","Chan2019","six","6","sɛs","ses",NA,"TRUE","6","Borrowed from Afrikaans",NA,"Decimal-Africa - numerals-nuuu1241-1.csv","EK"
"274","numerals-nuuu1241-1-seven-1","numerals-nuuu1241-1","Chan2019","seven","7","seːvə","seva",NA,"TRUE","7","Borrowed from Afrikaans",NA,"Decimal-Africa - numerals-nuuu1241-1.csv","EK"
"275","numerals-nuuu1241-1-eight-1","numerals-nuuu1241-1","Chan2019","eight","8","ax(t)","axt",NA,"TRUE","8","Borrowed from Afrikaans",NA,"Decimal-Africa - numerals-nuuu1241-1.csv","EK"
"276","numerals-nuuu1241-1-nine-1","numerals-nuuu1241-1","Chan2019","nine","9","ˈneːxə","nexa",NA,"TRUE","9","Borrowed from Afrikaans",NA,"Decimal-Africa - numerals-nuuu1241-1.csv","EK"
"277","numerals-nuuu1241-1-ten-1","numerals-nuuu1241-1","Chan2019","ten","10","tin","tin",NA,"TRUE","10","Borrowed from Afrikaans",NA,"Decimal-Africa - numerals-nuuu1241-1.csv","EK"
"278","numerals-nuuu1241-1-eleven-1","numerals-nuuu1241-1","Chan2019","eleven","11","ɛlf","elf",NA,"TRUE","11","Borrowed from Afrikaans",NA,"Decimal-Africa - numerals-nuuu1241-1.csv","EK"
"279","numerals-nuuu1241-1-twelve-1","numerals-nuuu1241-1","Chan2019","twelve","12","ˈtʷaˑlf","twalf",NA,"TRUE","12","Borrowed from Afrikaans",NA,"Decimal-Africa - numerals-nuuu1241-1.csv","EK"
"280","numerals-nuuu1241-1-thirteen-1","numerals-nuuu1241-1","Chan2019","thirteen","13","ˈdɛrtin","dertin",NA,"TRUE","3+10","Borrowed from Afrikaans",NA,"Decimal-Africa - numerals-nuuu1241-1.csv","EK"
"281","numerals-nuuu1241-1-fourteen-1","numerals-nuuu1241-1","Chan2019","fourteen","14","ˈfeːrtin","fertin",NA,"TRUE","4+10","Borrowed from Afrikaans",NA,"Decimal-Africa - numerals-nuuu1241-1.csv","EK"
"282","numerals-nuuu1241-1-fifteen-1","numerals-nuuu1241-1","Chan2019","fifteen","15","ˈfəiftin","faiftin",NA,"TRUE","5+10","Borrowed from Afrikaans",NA,"Decimal-Africa - numerals-nuuu1241-1.csv","EK"
"283","numerals-nuuu1241-1-sixteen-1","numerals-nuuu1241-1","Chan2019","sixteen","16","ˈsɛstin","sestin",NA,"TRUE","6+10","Borrowed from Afrikaans",NA,"Decimal-Africa - numerals-nuuu1241-1.csv","EK"
"284","numerals-nuuu1241-1-seventeen-1","numerals-nuuu1241-1","Chan2019","seventeen","17","ˈseːvəntin","sevantin",NA,"TRUE","7+10","Borrowed from Afrikaans",NA,"Decimal-Africa - numerals-nuuu1241-1.csv","EK"
"285","numerals-nuuu1241-1-eighteen-1","numerals-nuuu1241-1","Chan2019","eighteen","18","ˈaxtin","axtin",NA,"TRUE","8+10","Borrowed from Afrikaans",NA,"Decimal-Africa - numerals-nuuu1241-1.csv","EK"
"286","numerals-nuuu1241-1-nineteen-1","numerals-nuuu1241-1","Chan2019","nineteen","19","ˈneːxəntin","nexantin",NA,"TRUE","9+10","Borrowed from Afrikaans",NA,"Decimal-Africa - numerals-nuuu1241-1.csv","EK"
"287","numerals-nuuu1241-1-twenty-1","numerals-nuuu1241-1","Chan2019","twenty","20","ˈtʷəntəx","twantax",NA,"TRUE","2·10'","Borrowed from Afrikaans",NA,"Decimal-Africa - numerals-nuuu1241-1.csv","EK"
"288","numerals-nuuu1241-1-twentyone-1","numerals-nuuu1241-1","Chan2019","twentyone","21","ˈeːn ɛn ˌtʷəntəx","enentwantax",NA,"TRUE","1{AND}+2·10'","Borrowed from Afrikaans",NA,"Decimal-Africa - numerals-nuuu1241-1.csv","EK"
"289","numerals-nuuu1241-1-twentytwo-1","numerals-nuuu1241-1","Chan2019","twentytwo","22","ˈtʷeː ɛn ˌtʷəntəx","tweentwantax",NA,"TRUE","2{AND}+2·10'","Borrowed from Afrikaans",NA,"Decimal-Africa - numerals-nuuu1241-1.csv","EK"
"290","numerals-nuuu1241-1-twentythree-1","numerals-nuuu1241-1","Chan2019","twentythree","23","ˈdri ɛn ˌtʷəntəx","drientwantax",NA,"TRUE","3{AND}+2·10'","Borrowed from Afrikaans",NA,"Decimal-Africa - numerals-nuuu1241-1.csv","EK"
"291","numerals-nuuu1241-1-twentyfour-1","numerals-nuuu1241-1","Chan2019","twentyfour","24","ˈfir ɛn ˌtʷəntəx","firentwantax",NA,"TRUE","4{AND}+2·10'","Borrowed from Afrikaans",NA,"Decimal-Africa - numerals-nuuu1241-1.csv","EK"
"292","numerals-nuuu1241-1-twentyfive-1","numerals-nuuu1241-1","Chan2019","twentyfive","25","ˈfəif ɛn ˌtʷəntəx","faifentwantax",NA,"TRUE","5{AND}+2·10'","Borrowed from Afrikaans",NA,"Decimal-Africa - numerals-nuuu1241-1.csv","EK"
"293","numerals-nuuu1241-1-twentysix-1","numerals-nuuu1241-1","Chan2019","twentysix","26","ˈsɛs ɛn ˌtʷəntəx","sesentwantax",NA,"TRUE","6{AND}+2·10'","Borrowed from Afrikaans",NA,"Decimal-Africa - numerals-nuuu1241-1.csv","EK"
"294","numerals-nuuu1241-1-twentyseven-1","numerals-nuuu1241-1","Chan2019","twentyseven","27","ˈseːvə ɛn ˌtʷəntəx","sevaentwantax",NA,"TRUE","7{AND}+2·10'","Borrowed from Afrikaans",NA,"Decimal-Africa - numerals-nuuu1241-1.csv","EK"
"295","numerals-nuuu1241-1-twentyeight-1","numerals-nuuu1241-1","Chan2019","twentyeight","28","ˈax(t) ɛn ˌtʷəntəx","axtentwantax",NA,"TRUE","8{AND}+2·10'","Borrowed from Afrikaans",NA,"Decimal-Africa - numerals-nuuu1241-1.csv","EK"
"296","numerals-nuuu1241-1-twentynine-1","numerals-nuuu1241-1","Chan2019","twentynine","29","ˈneːxə ɛn ˌtʷəntəx","nexaentwantax",NA,"TRUE","9{AND}+2·10'","Borrowed from Afrikaans",NA,"Decimal-Africa - numerals-nuuu1241-1.csv","EK"
"297","numerals-nuuu1241-1-thirty-1","numerals-nuuu1241-1","Chan2019","thirty","30","ˈdɛrtəx","dertax",NA,"TRUE","3·10'","Borrowed from Afrikaans",NA,"Decimal-Africa - numerals-nuuu1241-1.csv","EK"
"298","numerals-nuuu1241-1-forty-1","numerals-nuuu1241-1","Chan2019","forty","40","ˈfeːrtəx","fertax",NA,"TRUE","4·10'","Borrowed from Afrikaans",NA,"Decimal-Africa - numerals-nuuu1241-1.csv","EK"
"299","numerals-nuuu1241-1-fifty-1","numerals-nuuu1241-1","Chan2019","fifty","50","ˈfəiftəx","faiftax",NA,"TRUE","5·10'","Borrowed from Afrikaans",NA,"Decimal-Africa - numerals-nuuu1241-1.csv","EK"
"300","numerals-nuuu1241-1-sixty-1","numerals-nuuu1241-1","Chan2019","sixty","60","ˈsɛkstəx","sekstax",NA,"TRUE","6·10'","Borrowed from Afrikaans",NA,"Decimal-Africa - numerals-nuuu1241-1.csv","EK"
"301","numerals-nuuu1241-1-seventy-1","numerals-nuuu1241-1","Chan2019","seventy","70","ˈsevəːntəx","sevantax",NA,"TRUE","7·10'","Borrowed from Afrikaans",NA,"Decimal-Africa - numerals-nuuu1241-1.csv","EK"
"302","numerals-nuuu1241-1-eighty-1","numerals-nuuu1241-1","Chan2019","eighty","80","ˈtaxtəx","taxtax",NA,"TRUE","8·10'","Borrowed from Afrikaans",NA,"Decimal-Africa - numerals-nuuu1241-1.csv","EK"
"303","numerals-nuuu1241-1-ninety-1","numerals-nuuu1241-1","Chan2019","ninety","90","ˈneːgəntəx","negantax",NA,"TRUE","9·10'","Borrowed from Afrikaans",NA,"Decimal-Africa - numerals-nuuu1241-1.csv","EK"
"304","numerals-nuuu1241-1-hundred-1","numerals-nuuu1241-1","Chan2019","hundred","100","ˈhɔndərt","hondart",NA,"TRUE","100","Borrowed from Afrikaans",NA,"Decimal-Africa - numerals-nuuu1241-1.csv","EK"
"305","numerals-nuuu1241-1-twohundred-1","numerals-nuuu1241-1","Chan2019","twohundred","200","ˈtʷeːˌhɔndərt","twehondart",NA,"TRUE","2·100","Borrowed from Afrikaans",NA,"Decimal-Africa - numerals-nuuu1241-1.csv","EK"
"306","numerals-nuuu1241-1-thousand-1","numerals-nuuu1241-1","Chan2019","thousand","1000","ˈdœysənt","doeysant",NA,"TRUE","1000","Borrowed from Afrikaans",NA,"Decimal-Africa - numerals-nuuu1241-1.csv","EK"
"307","numerals-nuuu1241-1-twothousand-1","numerals-nuuu1241-1","Chan2019","twothousand","2000","ˈtʷeːdœysənt","twedoeysant",NA,"TRUE","2·1000","Borrowed from Afrikaans",NA,"Decimal-Africa - numerals-nuuu1241-1.csv","EK"
"308","numerals-tega1236-1-one-1","numerals-tega1236-1","Chan2019","one","1","m̪t̪a","mta","","FALSE","1",NA,NA,"Decimal-Africa - numerals-tega1236-1.csv","EK"
"309","numerals-tega1236-1-two-1","numerals-tega1236-1","Chan2019","two","2","rəkkʊ","rakku","","FALSE","2",NA,NA,"Decimal-Africa - numerals-tega1236-1.csv","EK"
"310","numerals-tega1236-1-two-2","numerals-tega1236-1","Chan2019","two","2","rʊkkʊ","rukku","","FALSE","2",NA,NA,"Decimal-Africa - numerals-tega1236-1.csv","EK"
"311","numerals-tega1236-1-three-1","numerals-tega1236-1","Chan2019","three","3","d̪akt̪a","dakta","","FALSE","3",NA,NA,"Decimal-Africa - numerals-tega1236-1.csv","EK"
"312","numerals-tega1236-1-three-2","numerals-tega1236-1","Chan2019","three","3","d̪at̪t̪a","datta","","FALSE","3",NA,NA,"Decimal-Africa - numerals-tega1236-1.csv","EK"
"313","numerals-tega1236-1-four-1","numerals-tega1236-1","Chan2019","four","4","aːrəm","aram","","FALSE","4",NA,NA,"Decimal-Africa - numerals-tega1236-1.csv","EK"
"314","numerals-tega1236-1-five-1","numerals-tega1236-1","Chan2019","five","5","ʊmmə","umma","","FALSE","5",NA,NA,"Decimal-Africa - numerals-tega1236-1.csv","EK"
"315","numerals-tega1236-1-six-1","numerals-tega1236-1","Chan2019","six","6","ɲeˑɽe","nere","","FALSE","6",NA,NA,"Decimal-Africa - numerals-tega1236-1.csv","EK"
"316","numerals-tega1236-1-seven-1","numerals-tega1236-1","Chan2019","seven","7","ʊmmərkʊ","ummarku","","FALSE","7",NA,NA,"Decimal-Africa - numerals-tega1236-1.csv","EK"
"317","numerals-tega1236-1-eight-1","numerals-tega1236-1","Chan2019","eight","8","duˑpˑa","dupa","","FALSE","8",NA,NA,"Decimal-Africa - numerals-tega1236-1.csv","EK"
"318","numerals-tega1236-1-nine-1","numerals-tega1236-1","Chan2019","nine","9","fəŋɪsan","fangisan","","FALSE","9","It looks like a subtractive form, but I cannot assure this","10-1","Decimal-Africa - numerals-tega1236-1.csv","EK"
"319","numerals-tega1236-1-ten-1","numerals-tega1236-1","Chan2019","ten","10","fəŋən","fangan","","FALSE","10",NA,NA,"Decimal-Africa - numerals-tega1236-1.csv","EK"
"320","numerals-tega1236-1-eleven-1","numerals-tega1236-1","Chan2019","eleven","11","fəŋən mə m̪t̪a","fanganmamta","","FALSE","10{LIG}+1",NA,NA,"Decimal-Africa - numerals-tega1236-1.csv","EK"
"321","numerals-tega1236-1-twelve-1","numerals-tega1236-1","Chan2019","twelve","12","fəŋən mə rəkkʊ","fanganmarakku","","FALSE","10{LIG}+2",NA,NA,"Decimal-Africa - numerals-tega1236-1.csv","EK"
"322","numerals-tega1236-1-thirteen-1","numerals-tega1236-1","Chan2019","thirteen","13","fəŋən mə d̪akt̪a","fanganmadakta","","FALSE","10{LIG}+3",NA,NA,"Decimal-Africa - numerals-tega1236-1.csv","EK"
"323","numerals-tega1236-1-fourteen-1","numerals-tega1236-1","Chan2019","fourteen","14","fəŋən mə aːrəm","fanganmaaram","","FALSE","10{LIG}+4",NA,NA,"Decimal-Africa - numerals-tega1236-1.csv","EK"
"324","numerals-tega1236-1-fifteen-1","numerals-tega1236-1","Chan2019","fifteen","15","fəŋən mə ʊmmə","fanganmaumma","","FALSE","10{LIG}+5",NA,NA,"Decimal-Africa - numerals-tega1236-1.csv","EK"
"325","numerals-tega1236-1-sixteen-1","numerals-tega1236-1","Chan2019","sixteen","16","fəŋən mə ɲeˑɽe","fanganmanere","","FALSE","10{LIG}+6",NA,NA,"Decimal-Africa - numerals-tega1236-1.csv","EK"
"326","numerals-tega1236-1-seventeen-1","numerals-tega1236-1","Chan2019","seventeen","17","fəŋən mə ʊmmərkʊ","fanganmaummarku","","FALSE","10{LIG}+7",NA,NA,"Decimal-Africa - numerals-tega1236-1.csv","EK"
"327","numerals-tega1236-1-eighteen-1","numerals-tega1236-1","Chan2019","eighteen","18","fəŋən mə duˑpˑa","fanganmadupa","","FALSE","10{LIG}+8",NA,NA,"Decimal-Africa - numerals-tega1236-1.csv","EK"
"328","numerals-tega1236-1-nineteen-1","numerals-tega1236-1","Chan2019","nineteen","19","fəŋən mə fəŋɪsan","fanganmafangisan","","FALSE","10{LIG}+9",NA,NA,"Decimal-Africa - numerals-tega1236-1.csv","EK"
"329","numerals-tega1236-1-twenty-1","numerals-tega1236-1","Chan2019","twenty","20","fəŋən mə fəŋən","fanganmafangan","( 10 + 10 )","FALSE","10{LIG}+10",NA,NA,"Decimal-Africa - numerals-tega1236-1.csv","EK"
"330","numerals-tega1236-1-twentyone-1","numerals-tega1236-1","Chan2019","twentyone","21","fəŋəndən rəkkʊ mə m̪t̪a","fangandanrakkumamta","","FALSE","10{?}·2{LIG}+1",NA,NA,"Decimal-Africa - numerals-tega1236-1.csv","EK"
"331","numerals-tega1236-1-twentytwo-1","numerals-tega1236-1","Chan2019","twentytwo","22","fəŋəndən rəkkʊ mə rəkkʊ","fangandanrakkumarakku","","FALSE","10{?}·2{LIG}+2",NA,NA,"Decimal-Africa - numerals-tega1236-1.csv","EK"
"332","numerals-tega1236-1-twentythree-1","numerals-tega1236-1","Chan2019","twentythree","23","fəŋəndən rəkkʊ mə d̪akt̪a","fangandanrakkumadakta","","FALSE","10{?}·2{LIG}+3",NA,NA,"Decimal-Africa - numerals-tega1236-1.csv","EK"
"333","numerals-tega1236-1-twentyfour-1","numerals-tega1236-1","Chan2019","twentyfour","24","fəŋəndən rəkkʊ mə aːrəm","fangandanrakkumaaram","","FALSE","10{?}·2{LIG}+4",NA,NA,"Decimal-Africa - numerals-tega1236-1.csv","EK"
"334","numerals-tega1236-1-twentyfive-1","numerals-tega1236-1","Chan2019","twentyfive","25","fəŋəndən rəkkʊ mə ʊmmə","fangandanrakkumaumma","","FALSE","10{?}·2{LIG}+5",NA,NA,"Decimal-Africa - numerals-tega1236-1.csv","EK"
"335","numerals-tega1236-1-twentysix-1","numerals-tega1236-1","Chan2019","twentysix","26","fəŋəndən rəkkʊ mə ɲeˑɽe","fangandanrakkumanere","","FALSE","10{?}·2{LIG}+6",NA,NA,"Decimal-Africa - numerals-tega1236-1.csv","EK"
"336","numerals-tega1236-1-twentyseven-1","numerals-tega1236-1","Chan2019","twentyseven","27","fəŋəndən rəkkʊ mə ʊmmərkʊ","fangandanrakkumaummarku","","FALSE","10{?}·2{LIG}+7",NA,NA,"Decimal-Africa - numerals-tega1236-1.csv","EK"
"337","numerals-tega1236-1-twentyeight-1","numerals-tega1236-1","Chan2019","twentyeight","28","fəŋəndən rəkkʊ mə duˑpˑa","fangandanrakkumadupa","","FALSE","10{?}·2{LIG}+8",NA,NA,"Decimal-Africa - numerals-tega1236-1.csv","EK"
"338","numerals-tega1236-1-twentynine-1","numerals-tega1236-1","Chan2019","twentynine","29","fəŋəndən rəkkʊ mə fəŋɪsan","fangandanrakkumafangisan","","FALSE","10{?}·2{LIG}+9",NA,NA,"Decimal-Africa - numerals-tega1236-1.csv","EK"
"339","numerals-tega1236-1-thirty-1","numerals-tega1236-1","Chan2019","thirty","30","fəŋəndən d̪akt̪a","fangandandakta","","FALSE","10{?}·3",NA,NA,"Decimal-Africa - numerals-tega1236-1.csv","EK"
"340","numerals-tega1236-1-forty-1","numerals-tega1236-1","Chan2019","forty","40","fəŋəndən aːrəm","fangandanaram","","FALSE","10{?}·4",NA,NA,"Decimal-Africa - numerals-tega1236-1.csv","EK"
"341","numerals-tega1236-1-fifty-1","numerals-tega1236-1","Chan2019","fifty","50","fəŋəndən ʊmmə","fangandanumma","","FALSE","10{?}·5",NA,NA,"Decimal-Africa - numerals-tega1236-1.csv","EK"
"342","numerals-tega1236-1-sixty-1","numerals-tega1236-1","Chan2019","sixty","60","fəŋəndən ɲeˑɽe","fangandannere","","FALSE","10{?}·6",NA,NA,"Decimal-Africa - numerals-tega1236-1.csv","EK"
"343","numerals-tega1236-1-seventy-1","numerals-tega1236-1","Chan2019","seventy","70","fəŋəndən ʊmmərkʊ","fangandanummarku","","FALSE","10{?}·7",NA,NA,"Decimal-Africa - numerals-tega1236-1.csv","EK"
"344","numerals-tega1236-1-eighty-1","numerals-tega1236-1","Chan2019","eighty","80","fəŋəndən duˑpˑa","fangandandupa","","FALSE","10{?}·8",NA,NA,"Decimal-Africa - numerals-tega1236-1.csv","EK"
"345","numerals-tega1236-1-ninety-1","numerals-tega1236-1","Chan2019","ninety","90","fəŋəndən fəŋɪsan","fangandanfangisan","","FALSE","10{?}·9",NA,NA,"Decimal-Africa - numerals-tega1236-1.csv","EK"
"346","numerals-tega1236-1-hundred-1","numerals-tega1236-1","Chan2019","hundred","100","fəŋəndən fəŋən","fangandanfangan","( 10 x 10 )","FALSE","10{?}·10",NA,NA,"Decimal-Africa - numerals-tega1236-1.csv","EK"
"347","numerals-tega1236-1-twohundred-1","numerals-tega1236-1","Chan2019","twohundred","200","fəŋəndən fəŋəndən rəkkʊ","fangandanfangandanrakku","(10x10x 2)","FALSE","10{?}·10{?}·2",NA,NA,"Decimal-Africa - numerals-tega1236-1.csv","EK"
"348","numerals-tega1236-1-thousand-1","numerals-tega1236-1","Chan2019","thousand","1000","fəŋəndən fəŋəndən fəŋən","fangandanfangandanfangan","","FALSE","10{?}·10{?}·10",NA,NA,"Decimal-Africa - numerals-tega1236-1.csv","EK"
"349","numerals-tega1236-1-twothousand-1","numerals-tega1236-1","Chan2019","twothousand","2000","fəŋəndən fəŋəndən fəŋəndən rəkkʊ","fangandanfangandanfangandanrakku","","FALSE","10{?}·10{?}·10{?}·2",NA,NA,"Decimal-Africa - numerals-tega1236-1.csv","EK"
"350","numerals-furr1244-1-one-1","numerals-furr1244-1","Chan2019","one","1","díík","diik","","false","1",NA,NA,"numerals-furr1244-1.csv","NK"
"351","numerals-furr1244-1-two-1","numerals-furr1244-1","Chan2019","two","2","òù","ou","","false","2",NA,NA,"numerals-furr1244-1.csv","NK"
"352","numerals-furr1244-1-three-1","numerals-furr1244-1","Chan2019","three","3","ììs","iis","","false","3",NA,NA,"numerals-furr1244-1.csv","NK"
"353","numerals-furr1244-1-four-1","numerals-furr1244-1","Chan2019","four","4","òŋàl","ongal","","false","4",NA,NA,"numerals-furr1244-1.csv","NK"
"354","numerals-furr1244-1-five-1","numerals-furr1244-1","Chan2019","five","5","òòs","oos","","false","5",NA,NA,"numerals-furr1244-1.csv","NK"
"355","numerals-furr1244-1-six-1","numerals-furr1244-1","Chan2019","six","6","òsàndík","osandik","( 5 + 1 )","false","6",NA,NA,"numerals-furr1244-1.csv","NK"
"356","numerals-furr1244-1-seven-1","numerals-furr1244-1","Chan2019","seven","7","sààbè","saabe","< Arabic","true","7","loan from Arabic",NA,"numerals-furr1244-1.csv","NK"
"357","numerals-furr1244-1-eight-1","numerals-furr1244-1","Chan2019","eight","8","tàmàn","taman","< Arabic","true","8","loan from Arabic",NA,"numerals-furr1244-1.csv","NK"
"358","numerals-furr1244-1-nine-1","numerals-furr1244-1","Chan2019","nine","9","tììsè","tiise","( < Arabic)","true","9","loan from Arabic",NA,"numerals-furr1244-1.csv","NK"
"359","numerals-furr1244-1-ten-1","numerals-furr1244-1","Chan2019","ten","10","wèyè","weye","","false","10",NA,NA,"numerals-furr1244-1.csv","NK"
"360","numerals-furr1244-1-eleven-1","numerals-furr1244-1","Chan2019","eleven","11","wèyè nà díík","weyenadiik","","false","10+{+}1",NA,NA,"numerals-furr1244-1.csv","NK"
"361","numerals-furr1244-1-twelve-1","numerals-furr1244-1","Chan2019","twelve","12","wèyè nà òù","weyenaou","","false","10+{+}2",NA,NA,"numerals-furr1244-1.csv","NK"
"362","numerals-furr1244-1-thirteen-1","numerals-furr1244-1","Chan2019","thirteen","13","wèyè nà ììs","weyenaiis","","false","10+{+}3",NA,NA,"numerals-furr1244-1.csv","NK"
"363","numerals-furr1244-1-fourteen-1","numerals-furr1244-1","Chan2019","fourteen","14","wèyè nà òŋàl","weyenaongal","","false","10+{+}4",NA,NA,"numerals-furr1244-1.csv","NK"
"364","numerals-furr1244-1-fifteen-1","numerals-furr1244-1","Chan2019","fifteen","15","wèyè nà òòs","weyenaoos","","false","10+{+}5",NA,NA,"numerals-furr1244-1.csv","NK"
"365","numerals-furr1244-1-sixteen-1","numerals-furr1244-1","Chan2019","sixteen","16","wèyè nà òsàndík","weyenaosandik","","false","10+{+}6",NA,NA,"numerals-furr1244-1.csv","NK"
"366","numerals-furr1244-1-seventeen-1","numerals-furr1244-1","Chan2019","seventeen","17","wèyè nà sààbè","weyenasaabe","","false","10+{+}7","sààbè is a loan from Arabic",NA,"numerals-furr1244-1.csv","NK"
"367","numerals-furr1244-1-eighteen-1","numerals-furr1244-1","Chan2019","eighteen","18","wèyè nà tàmàn","weyenataman","","false","10+{+}8","tàmàn is a loan from Arabic",NA,"numerals-furr1244-1.csv","NK"
"368","numerals-furr1244-1-nineteen-1","numerals-furr1244-1","Chan2019","nineteen","19","wèyè nà tììsè","weyenatiise","","false","10+{+}9","tììsè is a loan from Arabic",NA,"numerals-furr1244-1.csv","NK"
"369","numerals-furr1244-1-twenty-1","numerals-furr1244-1","Chan2019","twenty","20","wèyèŋa òù","weyengaou","","false","10⋅{⋅}2",NA,NA,"numerals-furr1244-1.csv","NK"
"370","numerals-furr1244-1-twentyone-1","numerals-furr1244-1","Chan2019","twentyone","21","wèyèŋa òù nà díík","weyengaounadiik","","false","10⋅{⋅}2+{+}1",NA,NA,"numerals-furr1244-1.csv","NK"
"371","numerals-furr1244-1-twentytwo-1","numerals-furr1244-1","Chan2019","twentytwo","22","wèyèŋa òù nà òù","weyengaounaou","","false","10⋅{⋅}2+{+}2",NA,NA,"numerals-furr1244-1.csv","NK"
"372","numerals-furr1244-1-twentythree-1","numerals-furr1244-1","Chan2019","twentythree","23","wèyèŋa òù nà ììs","weyengaounaiis","","false","10⋅{⋅}2+{+}3",NA,NA,"numerals-furr1244-1.csv","NK"
"373","numerals-furr1244-1-twentyfour-1","numerals-furr1244-1","Chan2019","twentyfour","24","wèyèŋa òù nà òŋàl","weyengaounaongal","","false","10⋅{⋅}2+{+}4",NA,NA,"numerals-furr1244-1.csv","NK"
"374","numerals-furr1244-1-twentyfive-1","numerals-furr1244-1","Chan2019","twentyfive","25","wèyèŋa òù nà òòs","weyengaounaoos","","false","10⋅{⋅}2+{+}5",NA,NA,"numerals-furr1244-1.csv","NK"
"375","numerals-furr1244-1-twentysix-1","numerals-furr1244-1","Chan2019","twentysix","26","wèyèŋa òù nà òsàndík","weyengaounaosandik","","false","10⋅{⋅}2+{+}6",NA,NA,"numerals-furr1244-1.csv","NK"
"376","numerals-furr1244-1-twentyseven-1","numerals-furr1244-1","Chan2019","twentyseven","27","wèyèŋa òù nà sààbè","weyengaounasaabe","","false","10⋅{⋅}2+{+}7","sààbè is a loan from Arabic",NA,"numerals-furr1244-1.csv","NK"
"377","numerals-furr1244-1-twentyeight-1","numerals-furr1244-1","Chan2019","twentyeight","28","wèyèŋa òù nà tàmàn","weyengaounataman","","false","10⋅{⋅}2+{+}8","tàmàn is a loan from Arabic",NA,"numerals-furr1244-1.csv","NK"
"378","numerals-furr1244-1-twentynine-1","numerals-furr1244-1","Chan2019","twentynine","29","wèyèŋa òù nà tììsè","weyengaounatiise","","false","10⋅{⋅}2+{+}9","tììsè is a loan from Arabic",NA,"numerals-furr1244-1.csv","NK"
"379","numerals-furr1244-1-thirty-1","numerals-furr1244-1","Chan2019","thirty","30","wèyèŋa ììs","weyengaiis","","false","10⋅{⋅}3",NA,NA,"numerals-furr1244-1.csv","NK"
"380","numerals-furr1244-1-forty-1","numerals-furr1244-1","Chan2019","forty","40","wèyèŋa òŋàl","weyengaongal","","false","10⋅{⋅}4",NA,NA,"numerals-furr1244-1.csv","NK"
"381","numerals-furr1244-1-fifty-1","numerals-furr1244-1","Chan2019","fifty","50","wèyèŋa òòs","weyengaoos","","false","10⋅{⋅}5",NA,NA,"numerals-furr1244-1.csv","NK"
"382","numerals-furr1244-1-sixty-1","numerals-furr1244-1","Chan2019","sixty","60","wèyèŋa sààbè","weyengasaabe","","false","?","This seems to be an error as the analysis yields 10⋅{⋅}7 (sààbè is a loan from Arabic).",NA,"numerals-furr1244-1.csv","NK"
"383","numerals-furr1244-1-seventy-1","numerals-furr1244-1","Chan2019","seventy","70","wèyèŋa tàmàn","weyengataman","","false","?","This seems to be an error as the analysis yields 10⋅{⋅}8 (tàmàn is a loan from Arabic).",NA,"numerals-furr1244-1.csv","NK"
"384","numerals-furr1244-1-eighty-1","numerals-furr1244-1","Chan2019","eighty","80","wèyèŋa tììsè","weyengatiise","","false","?","This seems to be an error as the analysis yields 10⋅{⋅}9 (tììsè is a loan from Arabic).",NA,"numerals-furr1244-1.csv","NK"
"385","numerals-furr1244-1-ninety-1","numerals-furr1244-1","Chan2019","ninety","90","wèyèŋa","weyenga","","false","?","This is only 10⋅{⋅}, the 9 is missing (probably because it is given as 80).",NA,"numerals-furr1244-1.csv","NK"
"386","numerals-furr1244-1-hundred-1","numerals-furr1244-1","Chan2019","hundred","100","fírí","firi","","false","100",NA,NA,"numerals-furr1244-1.csv","NK"
"387","numerals-furr1244-1-twohundred-1","numerals-furr1244-1","Chan2019","twohundred","200","fíríŋa òù","firingaou","","false","100⋅{⋅}2",NA,NA,"numerals-furr1244-1.csv","NK"
"388","numerals-gaam1241-1-one-1","numerals-gaam1241-1","Chan2019","one","1","t̪āmán","taman","","false","1",NA,NA,"numerals-gaam1241-1-edited.csv","NK"
"389","numerals-gaam1241-1-two-1","numerals-gaam1241-1","Chan2019","two","2","d̪áāɡɡ","daagg","","false","2",NA,NA,"numerals-gaam1241-1-edited.csv","NK"
"390","numerals-gaam1241-1-three-1","numerals-gaam1241-1","Chan2019","three","3","ɔ́ðɔ̄","odo","","false","3",NA,NA,"numerals-gaam1241-1-edited.csv","NK"
"391","numerals-gaam1241-1-four-1","numerals-gaam1241-1","Chan2019","four","4","yə̄ə̄sə́","yaasa","","false","4",NA,NA,"numerals-gaam1241-1-edited.csv","NK"
"392","numerals-gaam1241-1-five-1","numerals-gaam1241-1","Chan2019","five","5","áás-ááma᷇n","aasaaman","(lit: 'hand')","false","5{hand}",NA,NA,"numerals-gaam1241-1-edited.csv","NK"
"393","numerals-gaam1241-1-six-1","numerals-gaam1241-1","Chan2019","six","6","t̪ə́ld̪ìɡɡ","taldigg","","false","1′+5′{eyes}",NA,NA,"numerals-gaam1241-1-edited.csv","NK"
"394","numerals-gaam1241-1-seven-1","numerals-gaam1241-1","Chan2019","seven","7","íd̪iɡ-dáāɡɡ","idigdaagg","(lit: 'eyes-two')","false","5′{eyes}+2","The forms for 7 and 8 were erroneously transposed in Chan (2019); cf. Stirtz (2011:152).",NA,"numerals-gaam1241-1-edited.csv","NK"
"395","numerals-gaam1241-1-eight-1","numerals-gaam1241-1","Chan2019","eight","8","íd̪iɡɡ-ɔ́ðɔ̄","idiggodo","(lit: 'eyes-three')","false","5′{eyes}+3","The forms for 7 and 8 were erroneously transposed in Chan (2019); cf. Stirtz (2011:152).",NA,"numerals-gaam1241-1-edited.csv","NK"
"396","numerals-gaam1241-1-nine-1","numerals-gaam1241-1","Chan2019","nine","9","íd̪iɡ-yə̄ə̄sə́","idigyaasa","(lit: 'eyes-four')","false","5′{eyes}+4",NA,NA,"numerals-gaam1241-1-edited.csv","NK"
"397","numerals-gaam1241-1-ten-1","numerals-gaam1241-1","Chan2019","ten","10","ə́sēɡ-dí","asegdi","(lit: 'hands-also')","false","5{hands}⋅2′{also}",NA,NA,"numerals-gaam1241-1-edited.csv","NK"
"398","numerals-gaam1241-1-eleven-1","numerals-gaam1241-1","Chan2019","eleven","11","ə́sēɡdí ì ná t̪āmán","asegdiinataman","","false","(5{hands}⋅2′{also})+{+}1",NA,NA,"numerals-gaam1241-1-edited.csv","NK"
"399","numerals-gaam1241-1-twelve-1","numerals-gaam1241-1","Chan2019","twelve","12","ə́sēɡdí ì ná d̪áāɡɡ","asegdiinadaagg","","false","(5{hands}⋅2′{also})+{+}2",NA,NA,"numerals-gaam1241-1-edited.csv","NK"
"400","numerals-gaam1241-1-thirteen-1","numerals-gaam1241-1","Chan2019","thirteen","13","ə́sēɡdí ì ná ɔ́ðɔ̄","asegdiinaodo","","false","(5{hands}⋅2′{also})+{+}3",NA,NA,"numerals-gaam1241-1-edited.csv","NK"
"401","numerals-gaam1241-1-fourteen-1","numerals-gaam1241-1","Chan2019","fourteen","14","ə́sēɡdí ì ná yə̄ə̄sə́","asegdiinayaasa","","false","(5{hands}⋅2′{also})+{+}4",NA,NA,"numerals-gaam1241-1-edited.csv","NK"
"402","numerals-gaam1241-1-fifteen-1","numerals-gaam1241-1","Chan2019","fifteen","15","ə́sēɡdí ì ná áásááma᷇n","asegdiinaaasaaman","","false","(5{hands}⋅2′{also})+{+}5{hand}",NA,NA,"numerals-gaam1241-1-edited.csv","NK"
"403","numerals-gaam1241-1-sixteen-1","numerals-gaam1241-1","Chan2019","sixteen","16","ə́sēɡdí ì ná t̪ə́ld̪ìɡɡ","asegdiinataldigg","","false","(5{hands}⋅2′{also})+{+}1′+5′{eyes}",NA,NA,"numerals-gaam1241-1-edited.csv","NK"
"404","numerals-gaam1241-1-seventeen-1","numerals-gaam1241-1","Chan2019","seventeen","17","ə́sēɡdí ì ná íd̪iɡ-dáāɡɡ","asegdiinaidigdaagg","","false","(5{hands}⋅2′{also})+{+}5′{eyes}+2","The forms for 7 and 8 were erroneously transposed in Chan (2019); cf. Stirtz (2011:152).",NA,"numerals-gaam1241-1-edited.csv","NK"
"405","numerals-gaam1241-1-eighteen-1","numerals-gaam1241-1","Chan2019","eighteen","18","ə́sēɡdí ì ná íd̪iɡɡ-ɔ́ðɔ̄","asegdiinaidiggodo","","false","(5{hands}⋅2′{also})+{+}5′{eyes}+3","The forms for 7 and 8 were erroneously transposed in Chan (2019); cf. Stirtz (2011:152).",NA,"numerals-gaam1241-1-edited.csv","NK"
"406","numerals-gaam1241-1-nineteen-1","numerals-gaam1241-1","Chan2019","nineteen","19","ə́sēɡdí ì ná íd̪iɡ-yə̄ə̄sə́","asegdiinaidigyaasa","","false","(5{hands}⋅2′{also})+{+}5′{eyes}+4",NA,NA,"numerals-gaam1241-1-edited.csv","NK"
"407","numerals-gaam1241-1-twenty-1","numerals-gaam1241-1","Chan2019","twenty","20","ɟāā dùì ə̄ə̄ŋ","jaaduiaang","(lit: ‘person black body′)","false","20{person-black-body}",NA,NA,"numerals-gaam1241-1-edited.csv","NK"
"408","numerals-gaam1241-1-twentyone-1","numerals-gaam1241-1","Chan2019","twentyone","21","ɟāā dùì ə̄ə̄ŋ ì nát̪āmán","jaaduiaanginataman","","false","20{person-black-body}+{+}1",NA,NA,"numerals-gaam1241-1-edited.csv","NK"
"409","numerals-gaam1241-1-twentytwo-1","numerals-gaam1241-1","Chan2019","twentytwo","22","ɟāā dùì ə̄ə̄ŋ ì nád̪áāɡɡ","jaaduiaanginadaagg","","false","20{person-black-body}+{+}2",NA,NA,"numerals-gaam1241-1-edited.csv","NK"
"410","numerals-gaam1241-1-twentythree-1","numerals-gaam1241-1","Chan2019","twentythree","23","ɟāā dùì ə̄ə̄ŋ ì náɔ́ðɔ̄","jaaduiaanginaodo","","false","20{person-black-body}+{+}3",NA,NA,"numerals-gaam1241-1-edited.csv","NK"
"411","numerals-gaam1241-1-twentyfour-1","numerals-gaam1241-1","Chan2019","twentyfour","24","ɟāā dùì ə̄ə̄ŋ ì náyə̄ə̄sə́","jaaduiaanginayaasa","","false","20{person-black-body}+{+}4",NA,NA,"numerals-gaam1241-1-edited.csv","NK"
"412","numerals-gaam1241-1-twentyfive-1","numerals-gaam1241-1","Chan2019","twentyfive","25","ɟāā dùì ə̄ə̄ŋ ì nááásááma᷇n","jaaduiaanginaaasaaman","","false","20{person-black-body}+{+}5{hand}",NA,NA,"numerals-gaam1241-1-edited.csv","NK"
"413","numerals-gaam1241-1-twentysix-1","numerals-gaam1241-1","Chan2019","twentysix","26","ɟāā dùì ə̄ə̄ŋ ì nát̪ə́ld̪ìɡɡ","jaaduiaanginataldigg","","false","20{person-black-body}+{+}1′+5′{eyes}",NA,NA,"numerals-gaam1241-1-edited.csv","NK"
"414","numerals-gaam1241-1-twentyseven-1","numerals-gaam1241-1","Chan2019","twentyseven","27","ɟāā dùì ə̄ə̄ŋ ì náíd̪iɡ-dáāɡɡ","jaaduiaanginaidigdaagg","","false","20{person-black-body}+{+}5′{eyes}+2","The forms for 7 and 8 were erroneously transposed in Chan (2019); cf. Stirtz (2011:152).",NA,"numerals-gaam1241-1-edited.csv","NK"
"415","numerals-gaam1241-1-twentyeight-1","numerals-gaam1241-1","Chan2019","twentyeight","28","ɟāā dùì ə̄ə̄ŋ ì náíd̪iɡɡ-ɔ́ðɔ̄","jaaduiaanginaidiggodo","","false","20{person-black-body}+{+}5′{eyes}+3","The forms for 7 and 8 were erroneously transposed in Chan (2019); cf. Stirtz (2011:152).",NA,"numerals-gaam1241-1-edited.csv","NK"
"416","numerals-gaam1241-1-twentynine-1","numerals-gaam1241-1","Chan2019","twentynine","29","ɟāā dùì ə̄ə̄ŋ ì náíd̪iɡ-yə̄ə̄sə́","jaaduiaanginaidigyaasa","","false","20{person-black-body}+{+}5′{eyes}+4",NA,NA,"numerals-gaam1241-1-edited.csv","NK"
"417","numerals-gaam1241-1-thirty-1","numerals-gaam1241-1","Chan2019","thirty","30","ɟāā dùì ə̄ə̄ŋ ì náə́sēɡdí","jaaduiaanginaasegdi","","false","20{person-black-body}+{+}(5{hands}⋅2′{also})",NA,NA,"numerals-gaam1241-1-edited.csv","NK"
"418","numerals-gaam1241-1-forty-1","numerals-gaam1241-1","Chan2019","forty","40","jɔ̄ɡ dùìɡɡ ììŋ-ə̄ d̪áāɡɡ","jogduiggiingadaagg","( 20 x 2 )","false","20{person-black-body}⋅{⋅}2",NA,NA,"numerals-gaam1241-1-edited.csv","NK"
"419","numerals-gaam1241-1-fifty-1","numerals-gaam1241-1","Chan2019","fifty","50","jɔ̄ɡ dùìɡɡ ììŋ-ə̄ d̪áāɡɡ ì ná ə́sēɡdí","jogduiggiingadaagginaasegdi","","false","(20{person-black-body}⋅{⋅}2)+{+}(5{hands}⋅2′{also})",NA,NA,"numerals-gaam1241-1-edited.csv","NK"
"420","numerals-gaam1241-1-sixty-1","numerals-gaam1241-1","Chan2019","sixty","60","jɔ̄ɡ dùìɡɡ ììŋ-ə̄ ɔ́ðɔ̄","jogduiggiingaodo","( 20 x 3 )","false","20{person-black-body}⋅{⋅}3",NA,NA,"numerals-gaam1241-1-edited.csv","NK"
"421","numerals-gaam1241-1-seventy-1","numerals-gaam1241-1","Chan2019","seventy","70","jɔ̄ɡ dùìɡɡ ììŋ-ə̄ ɔ́ðɔ̄ ì ná ə́sēɡdí","jogduiggiingaodoinaasegdi","","false","(20{person-black-body}⋅{⋅}3)+{+}(5{hands}⋅2′{also})",NA,NA,"numerals-gaam1241-1-edited.csv","NK"
"422","numerals-gaam1241-1-eighty-1","numerals-gaam1241-1","Chan2019","eighty","80","jɔ̄ɡ dùìɡɡ ììŋ-ə̄ yə̄ə̄sə́","jogduiggiingayaasa","( 20 x 4 )","false","20{person-black-body}⋅{⋅}4",NA,NA,"numerals-gaam1241-1-edited.csv","NK"
"423","numerals-gaam1241-1-ninety-1","numerals-gaam1241-1","Chan2019","ninety","90","jɔ̄ɡ dùìɡɡ ììŋ-ə̄ yə̄ə̄sə́ ì ná ə́sēɡdí","jogduiggiingayaasainaasegdi","","false","(20{person-black-body}⋅{⋅}4)+{+}(5{hands}⋅2′{also})",NA,NA,"numerals-gaam1241-1-edited.csv","NK"
"424","numerals-gaam1241-1-hundred-1","numerals-gaam1241-1","Chan2019","hundred","100","jɔ̄ɡ dùìɡɡ ììŋ-ə̄ áásááma᷇n","jogduiggiingaaasaaman","( 20 x 5 )","false","20{person-black-body}⋅{⋅}5{hand}",NA,NA,"numerals-gaam1241-1-edited.csv","NK"
"425","numerals-gaam1241-1-twohundred-1","numerals-gaam1241-1","Chan2019","twohundred","200","jɔ̄ɡ dùìɡɡ ììŋ-ə̄ ə́sēɡdí","jogduiggiingaasegdi","( 20 x 10 )","false","20{person-black-body}⋅{⋅}5{hands}⋅2′{also}",NA,NA,"numerals-gaam1241-1-edited.csv","NK"
"426","numerals-gaam1241-1-one-1","numerals-gaam1241-1","Chan2019","one","1","t̪āmán","taman","","false","1",NA,NA,"numerals-gaam1241-1.csv","NK"
"427","numerals-gaam1241-1-two-1","numerals-gaam1241-1","Chan2019","two","2","d̪áāɡɡ","daagg","","false","2",NA,NA,"numerals-gaam1241-1.csv","NK"
"428","numerals-gaam1241-1-three-1","numerals-gaam1241-1","Chan2019","three","3","ɔ́ðɔ̄","odo","","false","3",NA,NA,"numerals-gaam1241-1.csv","NK"
"429","numerals-gaam1241-1-four-1","numerals-gaam1241-1","Chan2019","four","4","yə̄ə̄sə́","yaasa","","false","4",NA,NA,"numerals-gaam1241-1.csv","NK"
"430","numerals-gaam1241-1-five-1","numerals-gaam1241-1","Chan2019","five","5","áás-ááma᷇n","aasaaman","(lit: 'hand')","false","5{hand}",NA,NA,"numerals-gaam1241-1.csv","NK"
"431","numerals-gaam1241-1-six-1","numerals-gaam1241-1","Chan2019","six","6","t̪ə́ld̪ìɡɡ","taldigg","","false","1’+5’{eyes}",NA,NA,"numerals-gaam1241-1.csv","NK"
"432","numerals-gaam1241-1-seven-1","numerals-gaam1241-1","Chan2019","seven","7","íd̪iɡɡ-ɔ́ðɔ̄","idiggodo","(lit: 'eyes-two')","false","?","7 and 8 may have gotten mixed up. This one is 5’{eyes}+3.",NA,"numerals-gaam1241-1.csv","NK"
"433","numerals-gaam1241-1-eight-1","numerals-gaam1241-1","Chan2019","eight","8","íd̪iɡ-dáāɡɡ","idigdaagg","(lit: 'eyes-three')","false","?","7 and 8 may have gotten mixed up. This one is 5’{eyes}+2.",NA,"numerals-gaam1241-1.csv","NK"
"434","numerals-gaam1241-1-nine-1","numerals-gaam1241-1","Chan2019","nine","9","íd̪iɡ-yə̄ə̄sə́","idigyaasa","(lit: 'eyes-four')","false","5’{eyes}+4",NA,NA,"numerals-gaam1241-1.csv","NK"
"435","numerals-gaam1241-1-ten-1","numerals-gaam1241-1","Chan2019","ten","10","ə́sēɡ-dí","asegdi","(lit: 'hands-also')","false","5{hands}⋅2’{also}",NA,NA,"numerals-gaam1241-1.csv","NK"
"436","numerals-gaam1241-1-eleven-1","numerals-gaam1241-1","Chan2019","eleven","11","ə́sēɡdí ì ná t̪āmán","asegdiinataman","","false","5{hands}⋅2’{also}+{+}1",NA,NA,"numerals-gaam1241-1.csv","NK"
"437","numerals-gaam1241-1-twelve-1","numerals-gaam1241-1","Chan2019","twelve","12","ə́sēɡdí ì ná d̪áāɡɡ","asegdiinadaagg","","false","5{hands}⋅2’{also}+{+}2",NA,NA,"numerals-gaam1241-1.csv","NK"
"438","numerals-gaam1241-1-thirteen-1","numerals-gaam1241-1","Chan2019","thirteen","13","ə́sēɡdí ì ná ɔ́ðɔ̄","asegdiinaodo","","false","5{hands}⋅2’{also}+{+}3",NA,NA,"numerals-gaam1241-1.csv","NK"
"439","numerals-gaam1241-1-fourteen-1","numerals-gaam1241-1","Chan2019","fourteen","14","ə́sēɡdí ì ná yə̄ə̄sə́","asegdiinayaasa","","false","5{hands}⋅2’{also}+{+}4",NA,NA,"numerals-gaam1241-1.csv","NK"
"440","numerals-gaam1241-1-fifteen-1","numerals-gaam1241-1","Chan2019","fifteen","15","ə́sēɡdí ì ná áásááma᷇n","asegdiinaaasaaman","","false","5{hands}⋅2’{also}+{+}5{hand}",NA,NA,"numerals-gaam1241-1.csv","NK"
"441","numerals-gaam1241-1-sixteen-1","numerals-gaam1241-1","Chan2019","sixteen","16","ə́sēɡdí ì ná t̪ə́ld̪ìɡɡ","asegdiinataldigg","","false","5{hands}⋅2’{also}+{+}1’+5’{eyes}",NA,NA,"numerals-gaam1241-1.csv","NK"
"442","numerals-gaam1241-1-seventeen-1","numerals-gaam1241-1","Chan2019","seventeen","17","ə́sēɡdí ì ná íd̪iɡɡ-ɔ́ðɔ̄","asegdiinaidiggodo","","false","?","See comment on 7 and 8.",NA,"numerals-gaam1241-1.csv","NK"
"443","numerals-gaam1241-1-eighteen-1","numerals-gaam1241-1","Chan2019","eighteen","18","ə́sēɡdí ì ná íd̪iɡ-dáāɡɡ","asegdiinaidigdaagg","","false","?","See comment on 7 and 8.",NA,"numerals-gaam1241-1.csv","NK"
"444","numerals-gaam1241-1-nineteen-1","numerals-gaam1241-1","Chan2019","nineteen","19","ə́sēɡdí ì ná íd̪iɡ-yə̄ə̄sə́","asegdiinaidigyaasa","","false","5{hands}⋅2’{also}+{+}5’{eyes}+4",NA,NA,"numerals-gaam1241-1.csv","NK"
"445","numerals-gaam1241-1-twenty-1","numerals-gaam1241-1","Chan2019","twenty","20","ɟāā dùì ə̄ə̄ŋ","jaaduiaang","(lit: ‘person black body’)","false","20{person-black-body}",NA,NA,"numerals-gaam1241-1.csv","NK"
"446","numerals-gaam1241-1-twentyone-1","numerals-gaam1241-1","Chan2019","twentyone","21","ɟāā dùì ə̄ə̄ŋ ì nát̪āmán","jaaduiaanginataman","","false","20{person-black-body}+{+}1",NA,NA,"numerals-gaam1241-1.csv","NK"
"447","numerals-gaam1241-1-twentytwo-1","numerals-gaam1241-1","Chan2019","twentytwo","22","ɟāā dùì ə̄ə̄ŋ ì nád̪áāɡɡ","jaaduiaanginadaagg","","false","20{person-black-body}+{+}2",NA,NA,"numerals-gaam1241-1.csv","NK"
"448","numerals-gaam1241-1-twentythree-1","numerals-gaam1241-1","Chan2019","twentythree","23","ɟāā dùì ə̄ə̄ŋ ì náɔ́ðɔ̄","jaaduiaanginaodo","","false","20{person-black-body}+{+}3",NA,NA,"numerals-gaam1241-1.csv","NK"
"449","numerals-gaam1241-1-twentyfour-1","numerals-gaam1241-1","Chan2019","twentyfour","24","ɟāā dùì ə̄ə̄ŋ ì náyə̄ə̄sə́","jaaduiaanginayaasa","","false","20{person-black-body}+{+}4",NA,NA,"numerals-gaam1241-1.csv","NK"
"450","numerals-gaam1241-1-twentyfive-1","numerals-gaam1241-1","Chan2019","twentyfive","25","ɟāā dùì ə̄ə̄ŋ ì nááásááma᷇n","jaaduiaanginaaasaaman","","false","20{person-black-body}+{+}5{hand}",NA,NA,"numerals-gaam1241-1.csv","NK"
"451","numerals-gaam1241-1-twentysix-1","numerals-gaam1241-1","Chan2019","twentysix","26","ɟāā dùì ə̄ə̄ŋ ì nát̪ə́ld̪ìɡɡ","jaaduiaanginataldigg","","false","20{person-black-body}+{+}1’+5’{eyes}",NA,NA,"numerals-gaam1241-1.csv","NK"
"452","numerals-gaam1241-1-twentyseven-1","numerals-gaam1241-1","Chan2019","twentyseven","27","ɟāā dùì ə̄ə̄ŋ ì náíd̪iɡɡ-ɔ́ðɔ̄","jaaduiaanginaidiggodo","","false","?","See comment on 7 and 8.",NA,"numerals-gaam1241-1.csv","NK"
"453","numerals-gaam1241-1-twentyeight-1","numerals-gaam1241-1","Chan2019","twentyeight","28","ɟāā dùì ə̄ə̄ŋ ì náíd̪iɡ-dáāɡɡ","jaaduiaanginaidigdaagg","","false","?","See comment on 7 and 8.",NA,"numerals-gaam1241-1.csv","NK"
"454","numerals-gaam1241-1-twentynine-1","numerals-gaam1241-1","Chan2019","twentynine","29","ɟāā dùì ə̄ə̄ŋ ì náíd̪iɡ-yə̄ə̄sə́","jaaduiaanginaidigyaasa","","false","20{person-black-body}+{+}5’{eyes}+4",NA,NA,"numerals-gaam1241-1.csv","NK"
"455","numerals-gaam1241-1-thirty-1","numerals-gaam1241-1","Chan2019","thirty","30","ɟāā dùì ə̄ə̄ŋ ì náə́sēɡdí","jaaduiaanginaasegdi","","false","20{person-black-body}+{+}5{hands}⋅2’{also}",NA,NA,"numerals-gaam1241-1.csv","NK"
"456","numerals-gaam1241-1-forty-1","numerals-gaam1241-1","Chan2019","forty","40","jɔ̄ɡ dùìɡɡ ììŋ-ə̄ d̪áāɡɡ","jogduiggiingadaagg","( 20 x 2 )","false","20{person-black-body}⋅{⋅}2",NA,NA,"numerals-gaam1241-1.csv","NK"
"457","numerals-gaam1241-1-fifty-1","numerals-gaam1241-1","Chan2019","fifty","50","jɔ̄ɡ dùìɡɡ ììŋ-ə̄ d̪áāɡɡ ì ná ə́sēɡdí","jogduiggiingadaagginaasegdi","","false","20{person-black-body}⋅{⋅}2+{+}5{hands}⋅2’{also}",NA,NA,"numerals-gaam1241-1.csv","NK"
"458","numerals-gaam1241-1-sixty-1","numerals-gaam1241-1","Chan2019","sixty","60","jɔ̄ɡ dùìɡɡ ììŋ-ə̄ ɔ́ðɔ̄","jogduiggiingaodo","( 20 x 3 )","false","20{person-black-body}⋅{⋅}3",NA,NA,"numerals-gaam1241-1.csv","NK"
"459","numerals-gaam1241-1-seventy-1","numerals-gaam1241-1","Chan2019","seventy","70","jɔ̄ɡ dùìɡɡ ììŋ-ə̄ ɔ́ðɔ̄ ì ná ə́sēɡdí","jogduiggiingaodoinaasegdi","","false","20{person-black-body}⋅{⋅}3+{+}5{hands}⋅2’{also}",NA,NA,"numerals-gaam1241-1.csv","NK"
"460","numerals-gaam1241-1-eighty-1","numerals-gaam1241-1","Chan2019","eighty","80","jɔ̄ɡ dùìɡɡ ììŋ-ə̄ yə̄ə̄sə́","jogduiggiingayaasa","( 20 x 4 )","false","20{person-black-body}⋅{⋅}4",NA,NA,"numerals-gaam1241-1.csv","NK"
"461","numerals-gaam1241-1-ninety-1","numerals-gaam1241-1","Chan2019","ninety","90","jɔ̄ɡ dùìɡɡ ììŋ-ə̄ yə̄ə̄sə́ ì ná ə́sēɡdí","jogduiggiingayaasainaasegdi","","false","20{person-black-body}⋅{⋅}4+{+}5{hands}⋅2’{also}",NA,NA,"numerals-gaam1241-1.csv","NK"
"462","numerals-gaam1241-1-hundred-1","numerals-gaam1241-1","Chan2019","hundred","100","jɔ̄ɡ dùìɡɡ ììŋ-ə̄ áásááma᷇n","jogduiggiingaaasaaman","( 20 x 5 )","false","20{person-black-body}⋅{⋅}5{hand}",NA,NA,"numerals-gaam1241-1.csv","NK"
"463","numerals-gaam1241-1-twohundred-1","numerals-gaam1241-1","Chan2019","twohundred","200","jɔ̄ɡ dùìɡɡ ììŋ-ə̄ ə́sēɡdí","jogduiggiingaasegdi","( 20 x 10 )","false","20{person-black-body}⋅{⋅}5{hands}⋅2’{also}",NA,NA,"numerals-gaam1241-1.csv","NK"
"464","numerals-gaww1239-1-one-1","numerals-gaww1239-1","Chan2019","one","1","tóʔon","toon",NA,"false","1",NA,NA,"numerals-gaww1239-1.csv","NK"
"465","numerals-gaww1239-1-two-1","numerals-gaww1239-1","Chan2019","two","2","lákke","lakke",NA,"false","2",NA,NA,"numerals-gaww1239-1.csv","NK"
"466","numerals-gaww1239-1-three-1","numerals-gaww1239-1","Chan2019","three","3","ízzaħ","izzah",NA,"false","3",NA,NA,"numerals-gaww1239-1.csv","NK"
"467","numerals-gaww1239-1-four-1","numerals-gaww1239-1","Chan2019","four","4","sálaħ","salah",NA,"false","4",NA,NA,"numerals-gaww1239-1.csv","NK"
"468","numerals-gaww1239-1-five-1","numerals-gaww1239-1","Chan2019","five","5","xúpin","xupin",NA,"false","5",NA,NA,"numerals-gaww1239-1.csv","NK"
"469","numerals-gaww1239-1-six-1","numerals-gaww1239-1","Chan2019","six","6","tappi","tappi",NA,"false","6",NA,NA,"numerals-gaww1239-1.csv","NK"
"470","numerals-gaww1239-1-seven-1","numerals-gaww1239-1","Chan2019","seven","7","táʔan","taan",NA,"false","7",NA,NA,"numerals-gaww1239-1.csv","NK"
"471","numerals-gaww1239-1-eight-1","numerals-gaww1239-1","Chan2019","eight","8","sétten","setten",NA,"false","8",NA,NA,"numerals-gaww1239-1.csv","NK"
"472","numerals-gaww1239-1-nine-1","numerals-gaww1239-1","Chan2019","nine","9","kóllan","kollan",NA,"false","9",NA,NA,"numerals-gaww1239-1.csv","NK"
"473","numerals-gaww1239-1-ten-1","numerals-gaww1239-1","Chan2019","ten","10","ħúɗɗan","huddan",NA,"false","10",NA,NA,"numerals-gaww1239-1.csv","NK"
"474","numerals-gaww1239-1-eleven-1","numerals-gaww1239-1","Chan2019","eleven","11","ħúɗɗa=pa tóʔon","huddapatoon",NA,"false","10+{+}1",NA,NA,"numerals-gaww1239-1.csv","NK"
"475","numerals-gaww1239-1-twelve-1","numerals-gaww1239-1","Chan2019","twelve","12","ħúɗɗa=pa lákke","huddapalakke",NA,"false","10+{+}2",NA,NA,"numerals-gaww1239-1.csv","NK"
"476","numerals-gaww1239-1-thirteen-1","numerals-gaww1239-1","Chan2019","thirteen","13","ħúɗɗa=paízzaħ","huddapaizzah",NA,"false","10+{+}3",NA,NA,"numerals-gaww1239-1.csv","NK"
"477","numerals-gaww1239-1-fourteen-1","numerals-gaww1239-1","Chan2019","fourteen","14","ħúɗɗa=pa sálaħ","huddapasalah",NA,"false","10+{+}4",NA,NA,"numerals-gaww1239-1.csv","NK"
"478","numerals-gaww1239-1-fifteen-1","numerals-gaww1239-1","Chan2019","fifteen","15","ħúɗɗa=paxúpin","huddapaxupin",NA,"false","10+{+}5",NA,NA,"numerals-gaww1239-1.csv","NK"
"479","numerals-gaww1239-1-sixteen-1","numerals-gaww1239-1","Chan2019","sixteen","16","ħúɗɗa=patappi","huddapatappi",NA,"false","10+{+}6",NA,NA,"numerals-gaww1239-1.csv","NK"
"480","numerals-gaww1239-1-seventeen-1","numerals-gaww1239-1","Chan2019","seventeen","17","ħúɗɗa=patáʔan","huddapataan",NA,"false","10+{+}7",NA,NA,"numerals-gaww1239-1.csv","NK"
"481","numerals-gaww1239-1-eighteen-1","numerals-gaww1239-1","Chan2019","eighteen","18","ħúɗɗa=pasétten","huddapasetten",NA,"false","10+{+}8",NA,NA,"numerals-gaww1239-1.csv","NK"
"482","numerals-gaww1239-1-nineteen-1","numerals-gaww1239-1","Chan2019","nineteen","19","ħúɗɗa=pa kóllan","huddapakollan",NA,"false","10+{+}9",NA,NA,"numerals-gaww1239-1.csv","NK"
"483","numerals-gaww1239-1-twenty-1","numerals-gaww1239-1","Chan2019","twenty","20","ħúɗanko lákke","hudankolakke",NA,"false","10⋅{⋅}2",NA,NA,"numerals-gaww1239-1.csv","NK"
"484","numerals-gaww1239-1-twentyone-1","numerals-gaww1239-1","Chan2019","twentyone","21","ħúɗanko lákke=pa tóʔon","hudankolakkepatoon",NA,"false","10⋅{⋅}2+{+}1",NA,NA,"numerals-gaww1239-1.csv","NK"
"485","numerals-gaww1239-1-twentytwo-1","numerals-gaww1239-1","Chan2019","twentytwo","22","ħúɗanko lákke=pa lákke","hudankolakkepalakke",NA,"false","10⋅{⋅}2+{+}2",NA,NA,"numerals-gaww1239-1.csv","NK"
"486","numerals-gaww1239-1-twentythree-1","numerals-gaww1239-1","Chan2019","twentythree","23","ħúɗanko lákke=pa ízzaħ","hudankolakkepaizzah",NA,"false","10⋅{⋅}2+{+}3",NA,NA,"numerals-gaww1239-1.csv","NK"
"487","numerals-gaww1239-1-twentyfour-1","numerals-gaww1239-1","Chan2019","twentyfour","24","ħúɗanko lákke=pa sálaħ","hudankolakkepasalah",NA,"false","10⋅{⋅}2+{+}4",NA,NA,"numerals-gaww1239-1.csv","NK"
"488","numerals-gaww1239-1-twentyfive-1","numerals-gaww1239-1","Chan2019","twentyfive","25","ħúɗanko lákke=pa xúpin","hudankolakkepaxupin",NA,"false","10⋅{⋅}2+{+}5",NA,NA,"numerals-gaww1239-1.csv","NK"
"489","numerals-gaww1239-1-twentysix-1","numerals-gaww1239-1","Chan2019","twentysix","26","ħúɗanko lákke=pa tappi","hudankolakkepatappi",NA,"false","10⋅{⋅}2+{+}6",NA,NA,"numerals-gaww1239-1.csv","NK"
"490","numerals-gaww1239-1-twentyseven-1","numerals-gaww1239-1","Chan2019","twentyseven","27","ħúɗanko lákke=pa táʔan","hudankolakkepataan",NA,"false","10⋅{⋅}2+{+}7",NA,NA,"numerals-gaww1239-1.csv","NK"
"491","numerals-gaww1239-1-twentyeight-1","numerals-gaww1239-1","Chan2019","twentyeight","28","ħúɗanko lákke=pa sétten","hudankolakkepasetten",NA,"false","10⋅{⋅}2+{+}8",NA,NA,"numerals-gaww1239-1.csv","NK"
"492","numerals-gaww1239-1-twentynine-1","numerals-gaww1239-1","Chan2019","twentynine","29","ħúɗanko lákke=pa kóllan","hudankolakkepakollan",NA,"false","10⋅{⋅}2+{+}9",NA,NA,"numerals-gaww1239-1.csv","NK"
"493","numerals-gaww1239-1-thirty-1","numerals-gaww1239-1","Chan2019","thirty","30","ħúɗankoízzaħ","hudankoizzah",NA,"false","10⋅{⋅}3",NA,NA,"numerals-gaww1239-1.csv","NK"
"494","numerals-gaww1239-1-forty-1","numerals-gaww1239-1","Chan2019","forty","40","ħúɗanko sálaħ","hudankosalah",NA,"false","10⋅{⋅}4",NA,NA,"numerals-gaww1239-1.csv","NK"
"495","numerals-gaww1239-1-fifty-1","numerals-gaww1239-1","Chan2019","fifty","50","ħúɗankoxúpin","hudankoxupin",NA,"false","10⋅{⋅}5",NA,NA,"numerals-gaww1239-1.csv","NK"
"496","numerals-gaww1239-1-sixty-1","numerals-gaww1239-1","Chan2019","sixty","60","ħúɗankotappi","hudankotappi",NA,"false","10⋅{⋅}6",NA,NA,"numerals-gaww1239-1.csv","NK"
"497","numerals-gaww1239-1-seventy-1","numerals-gaww1239-1","Chan2019","seventy","70","ħúɗankotáʔan","hudankotaan",NA,"false","10⋅{⋅}7",NA,NA,"numerals-gaww1239-1.csv","NK"
"498","numerals-gaww1239-1-eighty-1","numerals-gaww1239-1","Chan2019","eighty","80","ħúɗankosétten","hudankosetten",NA,"false","10⋅{⋅}8",NA,NA,"numerals-gaww1239-1.csv","NK"
"499","numerals-gaww1239-1-ninety-1","numerals-gaww1239-1","Chan2019","ninety","90","ħúɗanko kóllan","hudankokollan",NA,"false","10⋅{⋅}9",NA,NA,"numerals-gaww1239-1.csv","NK"
"500","numerals-gaww1239-1-hundred-1","numerals-gaww1239-1","Chan2019","hundred","100","ɗippa","dippa",NA,"false","100",NA,NA,"numerals-gaww1239-1.csv","NK"
"501","numerals-gaww1239-1-twohundred-1","numerals-gaww1239-1","Chan2019","twohundred","200","ɗippa lákke","dippalakke",NA,"false","100[⋅]2",NA,NA,"numerals-gaww1239-1.csv","NK"
"502","numerals-gaww1239-1-thousand-1","numerals-gaww1239-1","Chan2019","thousand","1000","kúma","kuma",NA,"false","1000",NA,NA,"numerals-gaww1239-1.csv","NK"
"503","numerals-gaww1239-1-twothousand-1","numerals-gaww1239-1","Chan2019","twothousand","2000","kúma lákke","kumalakke",NA,"false","1000[⋅]2",NA,NA,"numerals-gaww1239-1.csv","NK"
"504","numerals-katl1237-1-one-1","numerals-katl1237-1","Chan2019","one","1","ʈíʈʌ́k","titk","","false","1",NA,NA,"numerals-katl1237-1.csv","NK"
"505","numerals-katl1237-1-two-1","numerals-katl1237-1","Chan2019","two","2","cík","cik","","false","2",NA,NA,"numerals-katl1237-1.csv","NK"
"506","numerals-katl1237-1-three-1","numerals-katl1237-1","Chan2019","three","3","ʌ̀t̪ʌ́t̪","tt","","false","3",NA,NA,"numerals-katl1237-1.csv","NK"
"507","numerals-katl1237-1-four-1","numerals-katl1237-1","Chan2019","four","4","ʌ̀ɡʌ́lʌ̀m","glm","","false","4",NA,NA,"numerals-katl1237-1.csv","NK"
"508","numerals-katl1237-1-five-1","numerals-katl1237-1","Chan2019","five","5","ɟɔ́ɡ͡bə́lɪ́n","jogbalin","","false","5",NA,NA,"numerals-katl1237-1.csv","NK"
"509","numerals-katl1237-1-six-1","numerals-katl1237-1","Chan2019","six","6","ɟɔ́lʈɪ́n","joltin","","false","6",NA,NA,"numerals-katl1237-1.csv","NK"
"510","numerals-katl1237-1-seven-1","numerals-katl1237-1","Chan2019","seven","7","ɟɔ́lɪ́k","jolik","","false","7",NA,NA,"numerals-katl1237-1.csv","NK"
"511","numerals-katl1237-1-eight-1","numerals-katl1237-1","Chan2019","eight","8","t̪ʌ́ŋɡɪ̀l","tnggil","","false","8",NA,NA,"numerals-katl1237-1.csv","NK"
"512","numerals-katl1237-1-nine-1","numerals-katl1237-1","Chan2019","nine","9","ɟʌ́lbʌ̀ʈɪ́n","jlbtin","","false","9",NA,NA,"numerals-katl1237-1.csv","NK"
"513","numerals-katl1237-1-ten-1","numerals-katl1237-1","Chan2019","ten","10","ràk͡pác","rakpac","","false","10",NA,NA,"numerals-katl1237-1.csv","NK"
"514","numerals-katl1237-1-eleven-1","numerals-katl1237-1","Chan2019","eleven","11","ràk͡pác ʈíʈʌ́k","rakpactitk","","false","10[+]1",NA,NA,"numerals-katl1237-1.csv","NK"
"515","numerals-katl1237-1-twelve-1","numerals-katl1237-1","Chan2019","twelve","12","ràk͡pác cík","rakpaccik","","false","10[+]2",NA,NA,"numerals-katl1237-1.csv","NK"
"516","numerals-katl1237-1-thirteen-1","numerals-katl1237-1","Chan2019","thirteen","13","ràk͡pác ʌ̀t̪ʌ́t̪","rakpactt","","false","10[+]3",NA,NA,"numerals-katl1237-1.csv","NK"
"517","numerals-katl1237-1-fourteen-1","numerals-katl1237-1","Chan2019","fourteen","14","ràk͡pác ʌ̀ɡʌ́lʌ̀m","rakpacglm","","false","10[+]4",NA,NA,"numerals-katl1237-1.csv","NK"
"518","numerals-katl1237-1-fifteen-1","numerals-katl1237-1","Chan2019","fifteen","15","ràk͡pác ɟɔ́ɡ͡bə́lɪ́n","rakpacjogbalin","","false","10[+]5",NA,NA,"numerals-katl1237-1.csv","NK"
"519","numerals-katl1237-1-sixteen-1","numerals-katl1237-1","Chan2019","sixteen","16","ràk͡pác ɟɔ́lʈɪ́n","rakpacjoltin","","false","10[+]6",NA,NA,"numerals-katl1237-1.csv","NK"
"520","numerals-katl1237-1-seventeen-1","numerals-katl1237-1","Chan2019","seventeen","17","ràk͡pác ɟɔ́lɪ́k","rakpacjolik","","false","10[+]7",NA,NA,"numerals-katl1237-1.csv","NK"
"521","numerals-katl1237-1-eighteen-1","numerals-katl1237-1","Chan2019","eighteen","18","ràk͡pác t̪ʌ́ŋɡɪ̀l","rakpactnggil","","false","10[+]8",NA,NA,"numerals-katl1237-1.csv","NK"
"522","numerals-katl1237-1-nineteen-1","numerals-katl1237-1","Chan2019","nineteen","19","ràk͡pác ɟʌ́lbʌ̀ʈɪ́n","rakpacjlbtin","","false","10[+]9",NA,NA,"numerals-katl1237-1.csv","NK"
"523","numerals-katl1237-1-twenty-1","numerals-katl1237-1","Chan2019","twenty","20","ɔ̀rɔ́ cɪ́k","orocik","","false","10’⋅2",NA,NA,"numerals-katl1237-1.csv","NK"
"524","numerals-katl1237-1-twentyone-1","numerals-katl1237-1","Chan2019","twentyone","21","ɔ̀rɔ́ cɪ́k ʌ́wʌ̀l (-t̪ʌ́lʌ̀) ʈíʈʌ́k","orocikwltltitk","","false","10’⋅2+{+}1",NA,NA,"numerals-katl1237-1.csv","NK"
"525","numerals-katl1237-1-twentytwo-1","numerals-katl1237-1","Chan2019","twentytwo","22","ɔ̀rɔ́ cɪ́k ʌ́wʌ̀l (-t̪ʌ́lʌ̀) cík","orocikwltlcik","","false","10’⋅2+{+}2",NA,NA,"numerals-katl1237-1.csv","NK"
"526","numerals-katl1237-1-twentythree-1","numerals-katl1237-1","Chan2019","twentythree","23","ɔ̀rɔ́ cɪ́k ʌ́wʌ̀l (-t̪ʌ́lʌ̀) ʌ̀t̪ʌ́t̪","orocikwltltt","","false","10’⋅2+{+}3",NA,NA,"numerals-katl1237-1.csv","NK"
"527","numerals-katl1237-1-twentyfour-1","numerals-katl1237-1","Chan2019","twentyfour","24","ɔ̀rɔ́ cɪ́k ʌ́wʌ̀l (-t̪ʌ́lʌ̀) ʌ̀ɡʌ́lʌ̀m","orocikwltlglm","","false","10’⋅2+{+}4",NA,NA,"numerals-katl1237-1.csv","NK"
"528","numerals-katl1237-1-twentyfive-1","numerals-katl1237-1","Chan2019","twentyfive","25","ɔ̀rɔ́ cɪ́k ʌ́wʌ̀l (-t̪ʌ́lʌ̀) ɟɔ́ɡ͡bə́lɪ́n","orocikwltljogbalin","","false","10’⋅2+{+}5",NA,NA,"numerals-katl1237-1.csv","NK"
"529","numerals-katl1237-1-twentysix-1","numerals-katl1237-1","Chan2019","twentysix","26","ɔ̀rɔ́ cɪ́k ʌ́wʌ̀l (-t̪ʌ́lʌ̀) ɟɔ́lʈɪ́n","orocikwltljoltin","","false","10’⋅2+{+}6",NA,NA,"numerals-katl1237-1.csv","NK"
"530","numerals-katl1237-1-twentyseven-1","numerals-katl1237-1","Chan2019","twentyseven","27","ɔ̀rɔ́ cɪ́k ʌ́wʌ̀l (-t̪ʌ́lʌ̀) ɟɔ́lɪ́k","orocikwltljolik","","false","10’⋅2+{+}7",NA,NA,"numerals-katl1237-1.csv","NK"
"531","numerals-katl1237-1-twentyeight-1","numerals-katl1237-1","Chan2019","twentyeight","28","ɔ̀rɔ́ cɪ́k ʌ́wʌ̀l (-t̪ʌ́lʌ̀) t̪ʌ́ŋɡɪ̀l","orocikwltltnggil","","false","10’⋅2+{+}8",NA,NA,"numerals-katl1237-1.csv","NK"
"532","numerals-katl1237-1-twentynine-1","numerals-katl1237-1","Chan2019","twentynine","29","ɔ̀rɔ́ cɪ́k ʌ́wʌ̀l (-t̪ʌ́lʌ̀) ɟʌ́lbʌ̀ʈɪ́n","orocikwltljlbtin","","false","10’⋅2+{+}9",NA,NA,"numerals-katl1237-1.csv","NK"
"533","numerals-katl1237-1-thirty-1","numerals-katl1237-1","Chan2019","thirty","30","ɔ̀rɔ́ ʌ̀t̪ʌ́t̪","orott","","false","10’⋅3",NA,NA,"numerals-katl1237-1.csv","NK"
"534","numerals-katl1237-1-forty-1","numerals-katl1237-1","Chan2019","forty","40","ɔ̀rɔ́ ʌ̀ɡʌ́lʌ̀m","oroglm","","false","10’⋅4",NA,NA,"numerals-katl1237-1.csv","NK"
"535","numerals-katl1237-1-fifty-1","numerals-katl1237-1","Chan2019","fifty","50","ɔ̀rɔ́ ɟɔ́ɡ͡bə́lɪ́n","orojogbalin","","false","10’⋅5",NA,NA,"numerals-katl1237-1.csv","NK"
"536","numerals-katl1237-1-sixty-1","numerals-katl1237-1","Chan2019","sixty","60","ɔ̀rɔ́ ɟɔ́lʈɪ́n","orojoltin","","false","10’⋅6",NA,NA,"numerals-katl1237-1.csv","NK"
"537","numerals-katl1237-1-seventy-1","numerals-katl1237-1","Chan2019","seventy","70","ɔ̀rɔ́ ɟɔ́lɪ́k","orojolik","","false","10’⋅7",NA,NA,"numerals-katl1237-1.csv","NK"
"538","numerals-katl1237-1-eighty-1","numerals-katl1237-1","Chan2019","eighty","80","ɔ̀rɔ́ t̪ʌ́ŋɡɪ̀l","orotnggil","","false","10’⋅8",NA,NA,"numerals-katl1237-1.csv","NK"
"539","numerals-katl1237-1-ninety-1","numerals-katl1237-1","Chan2019","ninety","90","ɔ̀rɔ́ ɟʌ́lbʌ̀ʈɪ́n","orojlbtin","","false","10’⋅9",NA,NA,"numerals-katl1237-1.csv","NK"
"540","numerals-katl1237-1-hundred-1","numerals-katl1237-1","Chan2019","hundred","100","ɔ̀rɔ́ ràk͡pác","ororakpac","","false","10’⋅10",NA,NA,"numerals-katl1237-1.csv","NK"
"541","numerals-katl1237-1-twohundred-1","numerals-katl1237-1","Chan2019","twohundred","200","ɔ̀rɔ́ ràk͡pác ɔ́mʌ̀n ɔ̀rɔ́ ràk͡pác","ororakpacomnororakpac","( 20 x 10 )","false","10’⋅10+{+}10’⋅10",NA,NA,"numerals-katl1237-1.csv","NK"
"542","numerals-nuuu1241-1-one-1","numerals-nuuu1241-1","Chan2019","one","1","ǁʰoe","hoe",NA,"false","1",NA,NA,"numerals-nuuu1241-1.csv","NK"
"543","numerals-nuuu1241-1-one-2","numerals-nuuu1241-1","Chan2019","one","1","ǁʔoe","oe",NA,"false","1",NA,NA,"numerals-nuuu1241-1.csv","NK"
"544","numerals-nuuu1241-1-one-3","numerals-nuuu1241-1","Chan2019","one","1","eːn","en",NA,"false","?","Loan from Afrikaans or codeswitching?","1’","numerals-nuuu1241-1.csv","NK"
"545","numerals-nuuu1241-1-two-1","numerals-nuuu1241-1","Chan2019","two","2","ǃʰuu","huu",NA,"false","2",NA,NA,"numerals-nuuu1241-1.csv","NK"
"546","numerals-nuuu1241-1-two-2","numerals-nuuu1241-1","Chan2019","two","2","ǃʔuu","uu",NA,"false","2",NA,NA,"numerals-nuuu1241-1.csv","NK"
"547","numerals-nuuu1241-1-two-3","numerals-nuuu1241-1","Chan2019","two","2","tʷeː","twe",NA,"false","?","Loan from Afrikaans or codeswitching?","2’","numerals-nuuu1241-1.csv","NK"
"548","numerals-nuuu1241-1-three-1","numerals-nuuu1241-1","Chan2019","three","3","nǃona","nona",NA,"false","3",NA,NA,"numerals-nuuu1241-1.csv","NK"
"549","numerals-nuuu1241-1-three-2","numerals-nuuu1241-1","Chan2019","three","3","ŋǃona","ngona",NA,"false","3",NA,NA,"numerals-nuuu1241-1.csv","NK"
"550","numerals-nuuu1241-1-three-3","numerals-nuuu1241-1","Chan2019","three","3","dri","dri",NA,"false","?","Loan from Afrikaans or codeswitching?","3’","numerals-nuuu1241-1.csv","NK"
"551","numerals-nuuu1241-1-four-1","numerals-nuuu1241-1","Chan2019","four","4","fir","fir",NA,"false","?","Loan from Afrikaans or codeswitching?","4","numerals-nuuu1241-1.csv","NK"
"552","numerals-nuuu1241-1-five-1","numerals-nuuu1241-1","Chan2019","five","5","fəif","faif",NA,"false","?","Loan from Afrikaans or codeswitching?","5","numerals-nuuu1241-1.csv","NK"
"553","numerals-nuuu1241-1-six-1","numerals-nuuu1241-1","Chan2019","six","6","sɛs","ses",NA,"false","?","Loan from Afrikaans or codeswitching?","6","numerals-nuuu1241-1.csv","NK"
"554","numerals-nuuu1241-1-seven-1","numerals-nuuu1241-1","Chan2019","seven","7","seːvə","seva",NA,"false","?","Loan from Afrikaans or codeswitching?","7","numerals-nuuu1241-1.csv","NK"
"555","numerals-nuuu1241-1-eight-1","numerals-nuuu1241-1","Chan2019","eight","8","ax(t)","axt",NA,"false","?","Loan from Afrikaans or codeswitching?","8","numerals-nuuu1241-1.csv","NK"
"556","numerals-nuuu1241-1-nine-1","numerals-nuuu1241-1","Chan2019","nine","9","ˈneːxə","nexa",NA,"false","?","Loan from Afrikaans or codeswitching?","9","numerals-nuuu1241-1.csv","NK"
"557","numerals-nuuu1241-1-ten-1","numerals-nuuu1241-1","Chan2019","ten","10","tin","tin",NA,"false","?","Loan from Afrikaans or codeswitching?","10","numerals-nuuu1241-1.csv","NK"
"558","numerals-nuuu1241-1-eleven-1","numerals-nuuu1241-1","Chan2019","eleven","11","ɛlf","elf",NA,"false","?","Loan from Afrikaans or codeswitching?","11","numerals-nuuu1241-1.csv","NK"
"559","numerals-nuuu1241-1-twelve-1","numerals-nuuu1241-1","Chan2019","twelve","12","ˈtʷaˑlf","twalf",NA,"false","?","Loan from Afrikaans or codeswitching?","12","numerals-nuuu1241-1.csv","NK"
"560","numerals-nuuu1241-1-thirteen-1","numerals-nuuu1241-1","Chan2019","thirteen","13","ˈdɛrtin","dertin",NA,"false","?","Loan from Afrikaans or codeswitching?","3’+10","numerals-nuuu1241-1.csv","NK"
"561","numerals-nuuu1241-1-fourteen-1","numerals-nuuu1241-1","Chan2019","fourteen","14","ˈfeːrtin","fertin",NA,"false","?","Loan from Afrikaans or codeswitching?","4+10","numerals-nuuu1241-1.csv","NK"
"562","numerals-nuuu1241-1-fifteen-1","numerals-nuuu1241-1","Chan2019","fifteen","15","ˈfəiftin","faiftin",NA,"false","?","Loan from Afrikaans or codeswitching?","5+10","numerals-nuuu1241-1.csv","NK"
"563","numerals-nuuu1241-1-sixteen-1","numerals-nuuu1241-1","Chan2019","sixteen","16","ˈsɛstin","sestin",NA,"false","?","Loan from Afrikaans or codeswitching?","6+10","numerals-nuuu1241-1.csv","NK"
"564","numerals-nuuu1241-1-seventeen-1","numerals-nuuu1241-1","Chan2019","seventeen","17","ˈseːvəntin","sevantin",NA,"false","?","Loan from Afrikaans or codeswitching?","7+10","numerals-nuuu1241-1.csv","NK"
"565","numerals-nuuu1241-1-eighteen-1","numerals-nuuu1241-1","Chan2019","eighteen","18","ˈaxtin","axtin",NA,"false","?","Loan from Afrikaans or codeswitching?","8+10","numerals-nuuu1241-1.csv","NK"
"566","numerals-nuuu1241-1-nineteen-1","numerals-nuuu1241-1","Chan2019","nineteen","19","ˈneːxəntin","nexantin",NA,"false","?","Loan from Afrikaans or codeswitching?","9+10","numerals-nuuu1241-1.csv","NK"
"567","numerals-nuuu1241-1-twenty-1","numerals-nuuu1241-1","Chan2019","twenty","20","ˈtʷəntəx","twantax",NA,"false","?","Loan from Afrikaans or codeswitching?","2’⋅10’","numerals-nuuu1241-1.csv","NK"
"568","numerals-nuuu1241-1-twentyone-1","numerals-nuuu1241-1","Chan2019","twentyone","21","ˈeːn ɛn ˌtʷəntəx","enentwantax",NA,"false","?","Loan from Afrikaans or codeswitching?","1’+{and}2’⋅10’","numerals-nuuu1241-1.csv","NK"
"569","numerals-nuuu1241-1-twentytwo-1","numerals-nuuu1241-1","Chan2019","twentytwo","22","ˈtʷeː ɛn ˌtʷəntəx","tweentwantax",NA,"false","?","Loan from Afrikaans or codeswitching?","2’+{and}2’⋅10’","numerals-nuuu1241-1.csv","NK"
"570","numerals-nuuu1241-1-twentythree-1","numerals-nuuu1241-1","Chan2019","twentythree","23","ˈdri ɛn ˌtʷəntəx","drientwantax",NA,"false","?","Loan from Afrikaans or codeswitching?","3’+{and}2’⋅10’","numerals-nuuu1241-1.csv","NK"
"571","numerals-nuuu1241-1-twentyfour-1","numerals-nuuu1241-1","Chan2019","twentyfour","24","ˈfir ɛn ˌtʷəntəx","firentwantax",NA,"false","?","Loan from Afrikaans or codeswitching?","4+{and}2’⋅10’","numerals-nuuu1241-1.csv","NK"
"572","numerals-nuuu1241-1-twentyfive-1","numerals-nuuu1241-1","Chan2019","twentyfive","25","ˈfəif ɛn ˌtʷəntəx","faifentwantax",NA,"false","?","Loan from Afrikaans or codeswitching?","5+{and}2’⋅10’","numerals-nuuu1241-1.csv","NK"
"573","numerals-nuuu1241-1-twentysix-1","numerals-nuuu1241-1","Chan2019","twentysix","26","ˈsɛs ɛn ˌtʷəntəx","sesentwantax",NA,"false","?","Loan from Afrikaans or codeswitching?","6+{and}2’⋅10’","numerals-nuuu1241-1.csv","NK"
"574","numerals-nuuu1241-1-twentyseven-1","numerals-nuuu1241-1","Chan2019","twentyseven","27","ˈseːvə ɛn ˌtʷəntəx","sevaentwantax",NA,"false","?","Loan from Afrikaans or codeswitching?","7+{and}2’⋅10’","numerals-nuuu1241-1.csv","NK"
"575","numerals-nuuu1241-1-twentyeight-1","numerals-nuuu1241-1","Chan2019","twentyeight","28","ˈax(t) ɛn ˌtʷəntəx","axtentwantax",NA,"false","?","Loan from Afrikaans or codeswitching?","8+{and}2’⋅10’","numerals-nuuu1241-1.csv","NK"
"576","numerals-nuuu1241-1-twentynine-1","numerals-nuuu1241-1","Chan2019","twentynine","29","ˈneːxə ɛn ˌtʷəntəx","nexaentwantax",NA,"false","?","Loan from Afrikaans or codeswitching?","9+{and}2’⋅10’","numerals-nuuu1241-1.csv","NK"
"577","numerals-nuuu1241-1-thirty-1","numerals-nuuu1241-1","Chan2019","thirty","30","ˈdɛrtəx","dertax",NA,"false","?","Loan from Afrikaans or codeswitching?","3’⋅10’","numerals-nuuu1241-1.csv","NK"
"578","numerals-nuuu1241-1-forty-1","numerals-nuuu1241-1","Chan2019","forty","40","ˈfeːrtəx","fertax",NA,"false","?","Loan from Afrikaans or codeswitching?","4⋅10’","numerals-nuuu1241-1.csv","NK"
"579","numerals-nuuu1241-1-fifty-1","numerals-nuuu1241-1","Chan2019","fifty","50","ˈfəiftəx","faiftax",NA,"false","?","Loan from Afrikaans or codeswitching?","5⋅10’","numerals-nuuu1241-1.csv","NK"
"580","numerals-nuuu1241-1-sixty-1","numerals-nuuu1241-1","Chan2019","sixty","60","ˈsɛkstəx","sekstax",NA,"false","?","Loan from Afrikaans or codeswitching?","6⋅10’","numerals-nuuu1241-1.csv","NK"
"581","numerals-nuuu1241-1-seventy-1","numerals-nuuu1241-1","Chan2019","seventy","70","ˈsevəːntəx","sevantax",NA,"false","?","Loan from Afrikaans or codeswitching?","7⋅10’","numerals-nuuu1241-1.csv","NK"
"582","numerals-nuuu1241-1-eighty-1","numerals-nuuu1241-1","Chan2019","eighty","80","ˈtaxtəx","taxtax",NA,"false","?","Loan from Afrikaans or codeswitching?","8⋅10’","numerals-nuuu1241-1.csv","NK"
"583","numerals-nuuu1241-1-ninety-1","numerals-nuuu1241-1","Chan2019","ninety","90","ˈneːgəntəx","negantax",NA,"false","?","Loan from Afrikaans or codeswitching?","9⋅10’","numerals-nuuu1241-1.csv","NK"
"584","numerals-nuuu1241-1-hundred-1","numerals-nuuu1241-1","Chan2019","hundred","100","ˈhɔndərt","hondart",NA,"false","?","Loan from Afrikaans or codeswitching?","100","numerals-nuuu1241-1.csv","NK"
"585","numerals-nuuu1241-1-twohundred-1","numerals-nuuu1241-1","Chan2019","twohundred","200","ˈtʷeːˌhɔndərt","twehondart",NA,"false","?","Loan from Afrikaans or codeswitching?","2⋅100","numerals-nuuu1241-1.csv","NK"
"586","numerals-nuuu1241-1-thousand-1","numerals-nuuu1241-1","Chan2019","thousand","1000","ˈdœysənt","doeysant",NA,"false","?","Loan from Afrikaans or codeswitching?","1000","numerals-nuuu1241-1.csv","NK"
"587","numerals-nuuu1241-1-twothousand-1","numerals-nuuu1241-1","Chan2019","twothousand","2000","ˈtʷeːdœysənt","twedoeysant",NA,"false","?","Loan from Afrikaans or codeswitching?","2⋅1000","numerals-nuuu1241-1.csv","NK"
"588","numerals-tega1236-1-one-1","numerals-tega1236-1","Chan2019","one","1","m̪t̪a","mta","","false","1",NA,NA,"numerals-tega1236-1.csv","NK"
"589","numerals-tega1236-1-two-1","numerals-tega1236-1","Chan2019","two","2","rəkkʊ","rakku","","false","2",NA,NA,"numerals-tega1236-1.csv","NK"
"590","numerals-tega1236-1-two-2","numerals-tega1236-1","Chan2019","two","2","rʊkkʊ","rukku","","false","2",NA,NA,"numerals-tega1236-1.csv","NK"
"591","numerals-tega1236-1-three-1","numerals-tega1236-1","Chan2019","three","3","d̪akt̪a","dakta","","false","3",NA,NA,"numerals-tega1236-1.csv","NK"
"592","numerals-tega1236-1-three-2","numerals-tega1236-1","Chan2019","three","3","d̪at̪t̪a","datta","","false","3",NA,NA,"numerals-tega1236-1.csv","NK"
"593","numerals-tega1236-1-four-1","numerals-tega1236-1","Chan2019","four","4","aːrəm","aram","","false","4",NA,NA,"numerals-tega1236-1.csv","NK"
"594","numerals-tega1236-1-five-1","numerals-tega1236-1","Chan2019","five","5","ʊmmə","umma","","false","5",NA,NA,"numerals-tega1236-1.csv","NK"
"595","numerals-tega1236-1-six-1","numerals-tega1236-1","Chan2019","six","6","ɲeˑɽe","nere","","false","6",NA,NA,"numerals-tega1236-1.csv","NK"
"596","numerals-tega1236-1-seven-1","numerals-tega1236-1","Chan2019","seven","7","ʊmmərkʊ","ummarku","","false","7",NA,NA,"numerals-tega1236-1.csv","NK"
"597","numerals-tega1236-1-eight-1","numerals-tega1236-1","Chan2019","eight","8","duˑpˑa","dupa","","false","8",NA,NA,"numerals-tega1236-1.csv","NK"
"598","numerals-tega1236-1-nine-1","numerals-tega1236-1","Chan2019","nine","9","fəŋɪsan","fangisan","","false","10−[1]","Theoretically, the similarity to 10 could also be a coincidence.","9","numerals-tega1236-1.csv","NK"
"599","numerals-tega1236-1-ten-1","numerals-tega1236-1","Chan2019","ten","10","fəŋən","fangan","","false","10",NA,NA,"numerals-tega1236-1.csv","NK"
"600","numerals-tega1236-1-eleven-1","numerals-tega1236-1","Chan2019","eleven","11","fəŋən mə m̪t̪a","fanganmamta","","false","10+{+}1",NA,NA,"numerals-tega1236-1.csv","NK"
"601","numerals-tega1236-1-twelve-1","numerals-tega1236-1","Chan2019","twelve","12","fəŋən mə rəkkʊ","fanganmarakku","","false","10+{+}2",NA,NA,"numerals-tega1236-1.csv","NK"
"602","numerals-tega1236-1-thirteen-1","numerals-tega1236-1","Chan2019","thirteen","13","fəŋən mə d̪akt̪a","fanganmadakta","","false","10+{+}3",NA,NA,"numerals-tega1236-1.csv","NK"
"603","numerals-tega1236-1-fourteen-1","numerals-tega1236-1","Chan2019","fourteen","14","fəŋən mə aːrəm","fanganmaaram","","false","10+{+}4",NA,NA,"numerals-tega1236-1.csv","NK"
"604","numerals-tega1236-1-fifteen-1","numerals-tega1236-1","Chan2019","fifteen","15","fəŋən mə ʊmmə","fanganmaumma","","false","10+{+}5",NA,NA,"numerals-tega1236-1.csv","NK"
"605","numerals-tega1236-1-sixteen-1","numerals-tega1236-1","Chan2019","sixteen","16","fəŋən mə ɲeˑɽe","fanganmanere","","false","10+{+}6",NA,NA,"numerals-tega1236-1.csv","NK"
"606","numerals-tega1236-1-seventeen-1","numerals-tega1236-1","Chan2019","seventeen","17","fəŋən mə ʊmmərkʊ","fanganmaummarku","","false","10+{+}7",NA,NA,"numerals-tega1236-1.csv","NK"
"607","numerals-tega1236-1-eighteen-1","numerals-tega1236-1","Chan2019","eighteen","18","fəŋən mə duˑpˑa","fanganmadupa","","false","10+{+}8",NA,NA,"numerals-tega1236-1.csv","NK"
"608","numerals-tega1236-1-nineteen-1","numerals-tega1236-1","Chan2019","nineteen","19","fəŋən mə fəŋɪsan","fanganmafangisan","","false","10+{+}(10−[1])",NA,"10+{+}9","numerals-tega1236-1.csv","NK"
"609","numerals-tega1236-1-twenty-1","numerals-tega1236-1","Chan2019","twenty","20","fəŋən mə fəŋən","fanganmafangan","( 10 + 10 )","false","10+{+}10",NA,NA,"numerals-tega1236-1.csv","NK"
"610","numerals-tega1236-1-twentyone-1","numerals-tega1236-1","Chan2019","twentyone","21","fəŋəndən rəkkʊ mə m̪t̪a","fangandanrakkumamta","","false","10⋅2+{+}1",NA,NA,"numerals-tega1236-1.csv","NK"
"611","numerals-tega1236-1-twentytwo-1","numerals-tega1236-1","Chan2019","twentytwo","22","fəŋəndən rəkkʊ mə rəkkʊ","fangandanrakkumarakku","","false","10⋅2+{+}2",NA,NA,"numerals-tega1236-1.csv","NK"
"612","numerals-tega1236-1-twentythree-1","numerals-tega1236-1","Chan2019","twentythree","23","fəŋəndən rəkkʊ mə d̪akt̪a","fangandanrakkumadakta","","false","10⋅2+{+}3",NA,NA,"numerals-tega1236-1.csv","NK"
"613","numerals-tega1236-1-twentyfour-1","numerals-tega1236-1","Chan2019","twentyfour","24","fəŋəndən rəkkʊ mə aːrəm","fangandanrakkumaaram","","false","10⋅2+{+}4",NA,NA,"numerals-tega1236-1.csv","NK"
"614","numerals-tega1236-1-twentyfive-1","numerals-tega1236-1","Chan2019","twentyfive","25","fəŋəndən rəkkʊ mə ʊmmə","fangandanrakkumaumma","","false","10⋅2+{+}5",NA,NA,"numerals-tega1236-1.csv","NK"
"615","numerals-tega1236-1-twentysix-1","numerals-tega1236-1","Chan2019","twentysix","26","fəŋəndən rəkkʊ mə ɲeˑɽe","fangandanrakkumanere","","false","10⋅2+{+}6",NA,NA,"numerals-tega1236-1.csv","NK"
"616","numerals-tega1236-1-twentyseven-1","numerals-tega1236-1","Chan2019","twentyseven","27","fəŋəndən rəkkʊ mə ʊmmərkʊ","fangandanrakkumaummarku","","false","10⋅2+{+}7",NA,NA,"numerals-tega1236-1.csv","NK"
"617","numerals-tega1236-1-twentyeight-1","numerals-tega1236-1","Chan2019","twentyeight","28","fəŋəndən rəkkʊ mə duˑpˑa","fangandanrakkumadupa","","false","10⋅2+{+}8",NA,NA,"numerals-tega1236-1.csv","NK"
"618","numerals-tega1236-1-twentynine-1","numerals-tega1236-1","Chan2019","twentynine","29","fəŋəndən rəkkʊ mə fəŋɪsan","fangandanrakkumafangisan","","false","10⋅2+{+}(10−[1])",NA,"10⋅2+{+}9","numerals-tega1236-1.csv","NK"
"619","numerals-tega1236-1-thirty-1","numerals-tega1236-1","Chan2019","thirty","30","fəŋəndən d̪akt̪a","fangandandakta","","false","10⋅3",NA,NA,"numerals-tega1236-1.csv","NK"
"620","numerals-tega1236-1-forty-1","numerals-tega1236-1","Chan2019","forty","40","fəŋəndən aːrəm","fangandanaram","","false","10⋅4",NA,NA,"numerals-tega1236-1.csv","NK"
"621","numerals-tega1236-1-fifty-1","numerals-tega1236-1","Chan2019","fifty","50","fəŋəndən ʊmmə","fangandanumma","","false","10⋅5",NA,NA,"numerals-tega1236-1.csv","NK"
"622","numerals-tega1236-1-sixty-1","numerals-tega1236-1","Chan2019","sixty","60","fəŋəndən ɲeˑɽe","fangandannere","","false","10⋅6",NA,NA,"numerals-tega1236-1.csv","NK"
"623","numerals-tega1236-1-seventy-1","numerals-tega1236-1","Chan2019","seventy","70","fəŋəndən ʊmmərkʊ","fangandanummarku","","false","10⋅7",NA,NA,"numerals-tega1236-1.csv","NK"
"624","numerals-tega1236-1-eighty-1","numerals-tega1236-1","Chan2019","eighty","80","fəŋəndən duˑpˑa","fangandandupa","","false","10⋅8",NA,NA,"numerals-tega1236-1.csv","NK"
"625","numerals-tega1236-1-ninety-1","numerals-tega1236-1","Chan2019","ninety","90","fəŋəndən fəŋɪsan","fangandanfangisan","","false","10⋅(10−[1])",NA,"10⋅9","numerals-tega1236-1.csv","NK"
"626","numerals-tega1236-1-hundred-1","numerals-tega1236-1","Chan2019","hundred","100","fəŋəndən fəŋən","fangandanfangan","( 10 x 10 )","false","10⋅10",NA,NA,"numerals-tega1236-1.csv","NK"
"627","numerals-tega1236-1-twohundred-1","numerals-tega1236-1","Chan2019","twohundred","200","fəŋəndən fəŋəndən rəkkʊ","fangandanfangandanrakku","(10x10x 2)","false","10⋅10⋅2",NA,NA,"numerals-tega1236-1.csv","NK"
"628","numerals-tega1236-1-thousand-1","numerals-tega1236-1","Chan2019","thousand","1000","fəŋəndən fəŋəndən fəŋən","fangandanfangandanfangan","","false","10⋅10⋅10",NA,NA,"numerals-tega1236-1.csv","NK"
"629","numerals-tega1236-1-twothousand-1","numerals-tega1236-1","Chan2019","twothousand","2000","fəŋəndən fəŋəndən fəŋəndən rəkkʊ","fangandanfangandanfangandanrakku","","false","10⋅10⋅10⋅2",NA,NA,"numerals-tega1236-1.csv","NK"
"630","numerals-fiji1242-1-one-1","numerals-fiji1242-1","Chan2019","one","1","ek","ek",NA,"false","1","According to the contributor, Fiji Hindustani numeral system is similar to that of Awadhi. They use English numbers with phonological adaptations more often, especially the numbers 21 to 19. The traditional numbers 60, 70 and 90 does not exist in Fiji Hindi. ",NA,"numerals-fiji1242-1.csv","KM"
"631","numerals-fiji1242-1-one-2","numerals-fiji1242-1","Chan2019","one","1","wan","wan",NA,"false","1′","This is an English form of ‘one’.There is a very high level of allomorphy in many numerals; some prime symbols are used, but they do not cover the extent of the variation as two parallel systems are there, one is Indo-Aryan forms another is English numerals.",NA,"numerals-fiji1242-1.csv","KM"
"632","numerals-fiji1242-1-two-1","numerals-fiji1242-1","Chan2019","two","2","dui:","dui",NA,"false","2","",NA,"numerals-fiji1242-1.csv","KM"
"633","numerals-fiji1242-1-two-2","numerals-fiji1242-1","Chan2019","two","2","ʈuː","tu",NA,"false","2′","English form.",NA,"numerals-fiji1242-1.csv","KM"
"634","numerals-fiji1242-1-three-1","numerals-fiji1242-1","Chan2019","three","3","tiːn","tin",NA,"false","3","",NA,"numerals-fiji1242-1.csv","KM"
"635","numerals-fiji1242-1-three-2","numerals-fiji1242-1","Chan2019","three","3","triː","tri",NA,"false","3′","English form.",NA,"numerals-fiji1242-1.csv","KM"
"636","numerals-fiji1242-1-four-1","numerals-fiji1242-1","Chan2019","four","4","t͡ʃɑːr","tsar",NA,"false","4","",NA,"numerals-fiji1242-1.csv","KM"
"637","numerals-fiji1242-1-four-2","numerals-fiji1242-1","Chan2019","four","4","fo","fo",NA,"false","4′","English form.",NA,"numerals-fiji1242-1.csv","KM"
"638","numerals-fiji1242-1-five-1","numerals-fiji1242-1","Chan2019","five","5","pɑːt͡ʃ","pats",NA,"false","5","",NA,"numerals-fiji1242-1.csv","KM"
"639","numerals-fiji1242-1-five-2","numerals-fiji1242-1","Chan2019","five","5","faif","faif",NA,"false","5′","English form.",NA,"numerals-fiji1242-1.csv","KM"
"640","numerals-fiji1242-1-six-1","numerals-fiji1242-1","Chan2019","six","6","t͡ʃʰe","tshe",NA,"false","6","",NA,"numerals-fiji1242-1.csv","KM"
"641","numerals-fiji1242-1-six-2","numerals-fiji1242-1","Chan2019","six","6","siks","siks",NA,"false","6′","English form.",NA,"numerals-fiji1242-1.csv","KM"
"642","numerals-fiji1242-1-seven-1","numerals-fiji1242-1","Chan2019","seven","7","sɑːt","sat",NA,"false","7","",NA,"numerals-fiji1242-1.csv","KM"
"643","numerals-fiji1242-1-seven-2","numerals-fiji1242-1","Chan2019","seven","7","sebən","seban",NA,"false","7′","English form.",NA,"numerals-fiji1242-1.csv","KM"
"644","numerals-fiji1242-1-seven-3","numerals-fiji1242-1","Chan2019","seven","7","sevən","sevan",NA,"false","7′","English form.",NA,"numerals-fiji1242-1.csv","KM"
"645","numerals-fiji1242-1-eight-1","numerals-fiji1242-1","Chan2019","eight","8","ɑːʈ","at",NA,"false","8","",NA,"numerals-fiji1242-1.csv","KM"
"646","numerals-fiji1242-1-eight-2","numerals-fiji1242-1","Chan2019","eight","8","əiʈ","ait",NA,"false","8′","English form.",NA,"numerals-fiji1242-1.csv","KM"
"647","numerals-fiji1242-1-nine-1","numerals-fiji1242-1","Chan2019","nine","9","nau","nau",NA,"false","9","",NA,"numerals-fiji1242-1.csv","KM"
"648","numerals-fiji1242-1-nine-2","numerals-fiji1242-1","Chan2019","nine","9","nɑːin","nain",NA,"false","9′","English form.",NA,"numerals-fiji1242-1.csv","KM"
"649","numerals-fiji1242-1-ten-1","numerals-fiji1242-1","Chan2019","ten","10","dəs","das",NA,"false","10","",NA,"numerals-fiji1242-1.csv","KM"
"650","numerals-fiji1242-1-ten-2","numerals-fiji1242-1","Chan2019","ten","10","ʈen","ten",NA,"false","10′","English form.",NA,"numerals-fiji1242-1.csv","KM"
"651","numerals-fiji1242-1-eleven-1","numerals-fiji1242-1","Chan2019","eleven","11","ɡjɑːrɑː","gjara",NA,"false","1+10′′","",NA,"numerals-fiji1242-1.csv","KM"
"652","numerals-fiji1242-1-eleven-2","numerals-fiji1242-1","Chan2019","eleven","11","ilevən","ilevan",NA,"false","11","English form.",NA,"numerals-fiji1242-1.csv","KM"
"653","numerals-fiji1242-1-twelve-1","numerals-fiji1242-1","Chan2019","twelve","12","bɑːrɑː","bara",NA,"false","2′′+10′′","",NA,"numerals-fiji1242-1.csv","KM"
"654","numerals-fiji1242-1-twelve-2","numerals-fiji1242-1","Chan2019","twelve","12","ʈolf","tolf",NA,"false","12","English form.",NA,"numerals-fiji1242-1.csv","KM"
"655","numerals-fiji1242-1-thirteen-1","numerals-fiji1242-1","Chan2019","thirteen","13","terɑː","tera",NA,"false","3+10′′","",NA,"numerals-fiji1242-1.csv","KM"
"656","numerals-fiji1242-1-thirteen-2","numerals-fiji1242-1","Chan2019","thirteen","13","tʰeʈiːn","thetin",NA,"false","3′+10′′′","English form.",NA,"numerals-fiji1242-1.csv","KM"
"657","numerals-fiji1242-1-thirteen-3","numerals-fiji1242-1","Chan2019","thirteen","13","ʈʰeʈiːn","thetin",NA,"false","3′+10′′′","English form.",NA,"numerals-fiji1242-1.csv","KM"
"658","numerals-fiji1242-1-fourteen-1","numerals-fiji1242-1","Chan2019","fourteen","14","t͡ʃaudaː","tsauda",NA,"false","4+10′′","",NA,"numerals-fiji1242-1.csv","KM"
"659","numerals-fiji1242-1-fourteen-2","numerals-fiji1242-1","Chan2019","fourteen","14","foʈiːn","fotin",NA,"false","4′+10′′′","English form.",NA,"numerals-fiji1242-1.csv","KM"
"660","numerals-fiji1242-1-fifteen-1","numerals-fiji1242-1","Chan2019","fifteen","15","pəndrɑː","pandra",NA,"false","5+10′′","",NA,"numerals-fiji1242-1.csv","KM"
"661","numerals-fiji1242-1-fifteen-2","numerals-fiji1242-1","Chan2019","fifteen","15","fifʈiːn","fiftin",NA,"false","5′+10′′′","English form.",NA,"numerals-fiji1242-1.csv","KM"
"662","numerals-fiji1242-1-sixteen-1","numerals-fiji1242-1","Chan2019","sixteen","16","sorɑː","sora",NA,"false","6+10′′","",NA,"numerals-fiji1242-1.csv","KM"
"663","numerals-fiji1242-1-sixteen-2","numerals-fiji1242-1","Chan2019","sixteen","16","siksʈiːn","sikstin",NA,"false","6′+10′′′","English form.",NA,"numerals-fiji1242-1.csv","KM"
"664","numerals-fiji1242-1-seventeen-1","numerals-fiji1242-1","Chan2019","seventeen","17","sətːrɑː","satra",NA,"false","7+10′′","",NA,"numerals-fiji1242-1.csv","KM"
"665","numerals-fiji1242-1-seventeen-2","numerals-fiji1242-1","Chan2019","seventeen","17","səbenʈiːn","sabentin",NA,"false","7′+10′′′","English form.",NA,"numerals-fiji1242-1.csv","KM"
"666","numerals-fiji1242-1-eighteen-1","numerals-fiji1242-1","Chan2019","eighteen","18","əʈːʰɑːraː","athara",NA,"false","8+10′′","",NA,"numerals-fiji1242-1.csv","KM"
"667","numerals-fiji1242-1-eighteen-2","numerals-fiji1242-1","Chan2019","eighteen","18","aiʈiːn","aitin",NA,"false","8′+10′′′","English form.",NA,"numerals-fiji1242-1.csv","KM"
"668","numerals-fiji1242-1-nineteen-1","numerals-fiji1242-1","Chan2019","nineteen","19","unniːs","unnis",NA,"false","1′′−([2′′]⋅10′′′)","",NA,"numerals-fiji1242-1.csv","KM"
"669","numerals-fiji1242-1-nineteen-2","numerals-fiji1242-1","Chan2019","nineteen","19","nɑːinʈiːn","naintin",NA,"false","9′+10′′′","English form.",NA,"numerals-fiji1242-1.csv","KM"
"670","numerals-fiji1242-1-twenty-1","numerals-fiji1242-1","Chan2019","twenty","20","biːs","bis",NA,"false","2′′′⋅10′′′","",NA,"numerals-fiji1242-1.csv","KM"
"671","numerals-fiji1242-1-twenty-2","numerals-fiji1242-1","Chan2019","twenty","20","ʈonʈiː","tonti",NA,"false","2′′′⋅10′′′","English form.",NA,"numerals-fiji1242-1.csv","KM"
"672","numerals-fiji1242-1-twentyone-1","numerals-fiji1242-1","Chan2019","twentyone","21","ʈonʈiːwan","tontiwan",NA,"false","(2′′′⋅10′′′ )+1′","English form.",NA,"numerals-fiji1242-1.csv","KM"
"673","numerals-fiji1242-1-twentytwo-1","numerals-fiji1242-1","Chan2019","twentytwo","22","ʈonʈiːʈuː","tontitu",NA,"false","(2′′′⋅10′′′ )+2′","English form.",NA,"numerals-fiji1242-1.csv","KM"
"674","numerals-fiji1242-1-twentythree-1","numerals-fiji1242-1","Chan2019","twentythree","23","ʈonʈiːtriː","tontitri",NA,"false","(2′′′⋅10′′′ )+3′","English form.",NA,"numerals-fiji1242-1.csv","KM"
"675","numerals-fiji1242-1-twentyfour-1","numerals-fiji1242-1","Chan2019","twentyfour","24","ʈonʈiːfo","tontifo",NA,"false","(2′′′⋅10′′′ )+4′","English form.",NA,"numerals-fiji1242-1.csv","KM"
"676","numerals-fiji1242-1-twentyfive-1","numerals-fiji1242-1","Chan2019","twentyfive","25","ʈonʈiːfaif","tontifaif",NA,"false","(2′′′⋅10′′′ )+5′","English form.",NA,"numerals-fiji1242-1.csv","KM"
"677","numerals-fiji1242-1-twentysix-1","numerals-fiji1242-1","Chan2019","twentysix","26","ʈonʈiːsiks","tontisiks",NA,"false","(2′′′⋅10′′′ )+6′","English form.",NA,"numerals-fiji1242-1.csv","KM"
"678","numerals-fiji1242-1-twentyseven-1","numerals-fiji1242-1","Chan2019","twentyseven","27","ʈonʈiːsevən","tontisevan",NA,"false","(2′′′⋅10′′′ )+7′","English form.",NA,"numerals-fiji1242-1.csv","KM"
"679","numerals-fiji1242-1-twentyeight-1","numerals-fiji1242-1","Chan2019","twentyeight","28","ʈonʈiːəiʈ","tontiait",NA,"false","(2′′′⋅10′′′ )+8′","English form.",NA,"numerals-fiji1242-1.csv","KM"
"680","numerals-fiji1242-1-twentynine-1","numerals-fiji1242-1","Chan2019","twentynine","29","ʈonʈiːnɑːin","tontinain",NA,"false","(2′′′⋅10′′′ )+9′","English form.",NA,"numerals-fiji1242-1.csv","KM"
"681","numerals-fiji1242-1-thirty-1","numerals-fiji1242-1","Chan2019","thirty","30","tiːs","tis",NA,"false","3⋅10′′′","",NA,"numerals-fiji1242-1.csv","KM"
"682","numerals-fiji1242-1-forty-1","numerals-fiji1242-1","Chan2019","forty","40","t͡ʃɑːlis","tsalis",NA,"false","4⋅10′′′","",NA,"numerals-fiji1242-1.csv","KM"
"683","numerals-fiji1242-1-forty-2","numerals-fiji1242-1","Chan2019","forty","40","foʈiː","foti",NA,"false","4′⋅10′′′","English form.",NA,"numerals-fiji1242-1.csv","KM"
"684","numerals-fiji1242-1-fifty-1","numerals-fiji1242-1","Chan2019","fifty","50","pət͡ʃːɑːs","patsas",NA,"false","5⋅10′′′","",NA,"numerals-fiji1242-1.csv","KM"
"685","numerals-fiji1242-1-fifty-2","numerals-fiji1242-1","Chan2019","fifty","50","fifʈiː","fifti",NA,"false","5′⋅10′′′","English form.",NA,"numerals-fiji1242-1.csv","KM"
"686","numerals-fiji1242-1-fifty-3","numerals-fiji1242-1","Chan2019","fifty","50","fipʈi:","fipti",NA,"false","5′⋅10′′′","English form.",NA,"numerals-fiji1242-1.csv","KM"
"687","numerals-fiji1242-1-sixty-1","numerals-fiji1242-1","Chan2019","sixty","60","siksʈiː","siksti",NA,"false","6′⋅10′′′","English form.",NA,"numerals-fiji1242-1.csv","KM"
"688","numerals-fiji1242-1-seventy-1","numerals-fiji1242-1","Chan2019","seventy","70","səvenʈiː","saventi",NA,"false","7′⋅10′′′","English form.",NA,"numerals-fiji1242-1.csv","KM"
"689","numerals-fiji1242-1-seventy-2","numerals-fiji1242-1","Chan2019","seventy","70","səbenʈiː","sabenti",NA,"false","7′⋅10′′′","English form.",NA,"numerals-fiji1242-1.csv","KM"
"690","numerals-fiji1242-1-eighty-1","numerals-fiji1242-1","Chan2019","eighty","80","əsːiː","asi",NA,"false","8⋅10′′′","",NA,"numerals-fiji1242-1.csv","KM"
"691","numerals-fiji1242-1-eighty-2","numerals-fiji1242-1","Chan2019","eighty","80","əiʈiː","aiti",NA,"false","8′⋅10′′′","English form.",NA,"numerals-fiji1242-1.csv","KM"
"692","numerals-fiji1242-1-ninety-1","numerals-fiji1242-1","Chan2019","ninety","90","nɑːinʈi:","nainti",NA,"false","9′⋅10′′′","English form.",NA,"numerals-fiji1242-1.csv","KM"
"693","numerals-fiji1242-1-hundred-1","numerals-fiji1242-1","Chan2019","hundred","100","səu","sau",NA,"false","100","",NA,"numerals-fiji1242-1.csv","KM"
"694","numerals-fiji1242-1-hundred-2","numerals-fiji1242-1","Chan2019","hundred","100","ek səu","eksau",NA,"false","1⋅100","",NA,"numerals-fiji1242-1.csv","KM"
"695","numerals-fiji1242-1-twohundred-1","numerals-fiji1242-1","Chan2019","twohundred","200","duiː səu","duisau",NA,"false","2⋅100","",NA,"numerals-fiji1242-1.csv","KM"
"696","numerals-fiji1242-1-thousand-1","numerals-fiji1242-1","Chan2019","thousand","1000","həd͡ʒɑːr","hadzar",NA,"false","1000","",NA,"numerals-fiji1242-1.csv","KM"
"697","numerals-fiji1242-1-twothousand-1","numerals-fiji1242-1","Chan2019","twothousand","2000","duiː həd͡ʒɑːr","duihadzar",NA,"false","2⋅1000","",NA,"numerals-fiji1242-1.csv","KM"
"698","numerals-fiji1242-1-one-1","numerals-fiji1242-1","Chan2019","one","1","ek","ek",NA,"FALSE","1","","","XX05_numerals-fiji1242-1.csv","RB"
"699","numerals-fiji1242-1-one-2","numerals-fiji1242-1","Chan2019","one","1","wan","wan",NA,"FALSE","1′","Borrowed from English","","XX05_numerals-fiji1242-1.csv","RB"
"700","numerals-fiji1242-1-two-1","numerals-fiji1242-1","Chan2019","two","2","dui:","dui",NA,"FALSE","2","","","XX05_numerals-fiji1242-1.csv","RB"
"701","numerals-fiji1242-1-two-2","numerals-fiji1242-1","Chan2019","two","2","ʈuː","tu",NA,"FALSE","2′","Borrowed from English","","XX05_numerals-fiji1242-1.csv","RB"
"702","numerals-fiji1242-1-three-1","numerals-fiji1242-1","Chan2019","three","3","tiːn","tin",NA,"FALSE","3","","","XX05_numerals-fiji1242-1.csv","RB"
"703","numerals-fiji1242-1-three-2","numerals-fiji1242-1","Chan2019","three","3","triː","tri",NA,"FALSE","3′","Borrowed from English","","XX05_numerals-fiji1242-1.csv","RB"
"704","numerals-fiji1242-1-four-1","numerals-fiji1242-1","Chan2019","four","4","t͡ʃɑːr","tsar",NA,"FALSE","4","","","XX05_numerals-fiji1242-1.csv","RB"
"705","numerals-fiji1242-1-four-2","numerals-fiji1242-1","Chan2019","four","4","fo","fo",NA,"FALSE","4′","Borrowed from English","","XX05_numerals-fiji1242-1.csv","RB"
"706","numerals-fiji1242-1-five-1","numerals-fiji1242-1","Chan2019","five","5","pɑːt͡ʃ","pats",NA,"FALSE","5","","","XX05_numerals-fiji1242-1.csv","RB"
"707","numerals-fiji1242-1-five-2","numerals-fiji1242-1","Chan2019","five","5","faif","faif",NA,"FALSE","5′","Borrowed from English","","XX05_numerals-fiji1242-1.csv","RB"
"708","numerals-fiji1242-1-six-1","numerals-fiji1242-1","Chan2019","six","6","t͡ʃʰe","tshe",NA,"FALSE","6","","","XX05_numerals-fiji1242-1.csv","RB"
"709","numerals-fiji1242-1-six-2","numerals-fiji1242-1","Chan2019","six","6","siks","siks",NA,"FALSE","6′","Borrowed from English","","XX05_numerals-fiji1242-1.csv","RB"
"710","numerals-fiji1242-1-seven-1","numerals-fiji1242-1","Chan2019","seven","7","sɑːt","sat",NA,"FALSE","7","","","XX05_numerals-fiji1242-1.csv","RB"
"711","numerals-fiji1242-1-seven-2","numerals-fiji1242-1","Chan2019","seven","7","sebən","seban",NA,"FALSE","7′","Borrowed from English","","XX05_numerals-fiji1242-1.csv","RB"
"712","numerals-fiji1242-1-seven-3","numerals-fiji1242-1","Chan2019","seven","7","sevən","sevan",NA,"FALSE","7′","Borrowed from English","","XX05_numerals-fiji1242-1.csv","RB"
"713","numerals-fiji1242-1-eight-1","numerals-fiji1242-1","Chan2019","eight","8","ɑːʈ","at",NA,"FALSE","8","","","XX05_numerals-fiji1242-1.csv","RB"
"714","numerals-fiji1242-1-eight-2","numerals-fiji1242-1","Chan2019","eight","8","əiʈ","ait",NA,"FALSE","8′","Borrowed from English","","XX05_numerals-fiji1242-1.csv","RB"
"715","numerals-fiji1242-1-nine-1","numerals-fiji1242-1","Chan2019","nine","9","nau","nau",NA,"FALSE","9","","","XX05_numerals-fiji1242-1.csv","RB"
"716","numerals-fiji1242-1-nine-2","numerals-fiji1242-1","Chan2019","nine","9","nɑːin","nain",NA,"FALSE","9′","Borrowed from English","","XX05_numerals-fiji1242-1.csv","RB"
"717","numerals-fiji1242-1-ten-1","numerals-fiji1242-1","Chan2019","ten","10","dəs","das",NA,"FALSE","10","","1″[⋅]10","XX05_numerals-fiji1242-1.csv","RB"
"718","numerals-fiji1242-1-ten-2","numerals-fiji1242-1","Chan2019","ten","10","ʈen","ten",NA,"FALSE","10′","Borrowed from English","","XX05_numerals-fiji1242-1.csv","RB"
"719","numerals-fiji1242-1-eleven-1","numerals-fiji1242-1","Chan2019","eleven","11","ɡjɑːrɑː","gjara",NA,"FALSE","1″[+]10″","","","XX05_numerals-fiji1242-1.csv","RB"
"720","numerals-fiji1242-1-eleven-2","numerals-fiji1242-1","Chan2019","eleven","11","ilevən","ilevan",NA,"FALSE","11","Borrowed from English","","XX05_numerals-fiji1242-1.csv","RB"
"721","numerals-fiji1242-1-twelve-1","numerals-fiji1242-1","Chan2019","twelve","12","bɑːrɑː","bara",NA,"FALSE","2″[+]10″","","","XX05_numerals-fiji1242-1.csv","RB"
"722","numerals-fiji1242-1-twelve-2","numerals-fiji1242-1","Chan2019","twelve","12","ʈolf","tolf",NA,"FALSE","12","Borrowed from English","","XX05_numerals-fiji1242-1.csv","RB"
"723","numerals-fiji1242-1-thirteen-1","numerals-fiji1242-1","Chan2019","thirteen","13","terɑː","tera",NA,"FALSE","3[+]10″","","","XX05_numerals-fiji1242-1.csv","RB"
"724","numerals-fiji1242-1-thirteen-2","numerals-fiji1242-1","Chan2019","thirteen","13","tʰeʈiːn","thetin",NA,"FALSE","3′[+]10‴","Borrowed from English","","XX05_numerals-fiji1242-1.csv","RB"
"725","numerals-fiji1242-1-thirteen-3","numerals-fiji1242-1","Chan2019","thirteen","13","ʈʰeʈiːn","thetin",NA,"FALSE","3′[+]10‴","Borrowed from English","","XX05_numerals-fiji1242-1.csv","RB"
"726","numerals-fiji1242-1-fourteen-1","numerals-fiji1242-1","Chan2019","fourteen","14","t͡ʃaudaː","tsauda",NA,"FALSE","4[+]10″","","","XX05_numerals-fiji1242-1.csv","RB"
"727","numerals-fiji1242-1-fourteen-2","numerals-fiji1242-1","Chan2019","fourteen","14","foʈiːn","fotin",NA,"FALSE","4′[+]10‴","Borrowed from English","","XX05_numerals-fiji1242-1.csv","RB"
"728","numerals-fiji1242-1-fifteen-1","numerals-fiji1242-1","Chan2019","fifteen","15","pəndrɑː","pandra",NA,"FALSE","5[+]10″","","","XX05_numerals-fiji1242-1.csv","RB"
"729","numerals-fiji1242-1-fifteen-2","numerals-fiji1242-1","Chan2019","fifteen","15","fifʈiːn","fiftin",NA,"FALSE","5′[+]10‴","Borrowed from English","","XX05_numerals-fiji1242-1.csv","RB"
"730","numerals-fiji1242-1-sixteen-1","numerals-fiji1242-1","Chan2019","sixteen","16","sorɑː","sora",NA,"FALSE","6[+]10″","","","XX05_numerals-fiji1242-1.csv","RB"
"731","numerals-fiji1242-1-sixteen-2","numerals-fiji1242-1","Chan2019","sixteen","16","siksʈiːn","sikstin",NA,"FALSE","6′[+]10‴","Borrowed from English","","XX05_numerals-fiji1242-1.csv","RB"
"732","numerals-fiji1242-1-seventeen-1","numerals-fiji1242-1","Chan2019","seventeen","17","sətːrɑː","satra",NA,"FALSE","7[+]10″","","","XX05_numerals-fiji1242-1.csv","RB"
"733","numerals-fiji1242-1-seventeen-2","numerals-fiji1242-1","Chan2019","seventeen","17","səbenʈiːn","sabentin",NA,"FALSE","7′[+]10‴","Borrowed from English","","XX05_numerals-fiji1242-1.csv","RB"
"734","numerals-fiji1242-1-eighteen-1","numerals-fiji1242-1","Chan2019","eighteen","18","əʈːʰɑːraː","athara",NA,"FALSE","8[+]10″","","","XX05_numerals-fiji1242-1.csv","RB"
"735","numerals-fiji1242-1-eighteen-2","numerals-fiji1242-1","Chan2019","eighteen","18","aiʈiːn","aitin",NA,"FALSE","8′[+]10‴","Borrowed from English","","XX05_numerals-fiji1242-1.csv","RB"
"736","numerals-fiji1242-1-nineteen-1","numerals-fiji1242-1","Chan2019","nineteen","19","unniːs","unnis",NA,"FALSE","19","Historically subtractive","","XX05_numerals-fiji1242-1.csv","RB"
"737","numerals-fiji1242-1-nineteen-2","numerals-fiji1242-1","Chan2019","nineteen","19","nɑːinʈiːn","naintin",NA,"FALSE","9′[+]10‴","Borrowed from English","","XX05_numerals-fiji1242-1.csv","RB"
"738","numerals-fiji1242-1-twenty-1","numerals-fiji1242-1","Chan2019","twenty","20","biːs","bis",NA,"FALSE","20","","2″[⋅]10","XX05_numerals-fiji1242-1.csv","RB"
"739","numerals-fiji1242-1-twenty-2","numerals-fiji1242-1","Chan2019","twenty","20","ʈonʈiː","tonti",NA,"FALSE","2′[⋅]10⁗","Borrowed from English","","XX05_numerals-fiji1242-1.csv","RB"
"740","numerals-fiji1242-1-twentyone-1","numerals-fiji1242-1","Chan2019","twentyone","21","ʈonʈiːwan","tontiwan",NA,"FALSE","(2′[⋅]10⁗)[+]1′","Borrowed from English","","XX05_numerals-fiji1242-1.csv","RB"
"741","numerals-fiji1242-1-twentytwo-1","numerals-fiji1242-1","Chan2019","twentytwo","22","ʈonʈiːʈuː","tontitu",NA,"FALSE","(2′[⋅]10⁗)[+]2′","Borrowed from English","","XX05_numerals-fiji1242-1.csv","RB"
"742","numerals-fiji1242-1-twentythree-1","numerals-fiji1242-1","Chan2019","twentythree","23","ʈonʈiːtriː","tontitri",NA,"FALSE","(2′[⋅]10⁗)[+]3′","Borrowed from English","","XX05_numerals-fiji1242-1.csv","RB"
"743","numerals-fiji1242-1-twentyfour-1","numerals-fiji1242-1","Chan2019","twentyfour","24","ʈonʈiːfo","tontifo",NA,"FALSE","(2′[⋅]10⁗)[+]4′","Borrowed from English","","XX05_numerals-fiji1242-1.csv","RB"
"744","numerals-fiji1242-1-twentyfive-1","numerals-fiji1242-1","Chan2019","twentyfive","25","ʈonʈiːfaif","tontifaif",NA,"FALSE","(2′[⋅]10⁗)[+]5′","Borrowed from English","","XX05_numerals-fiji1242-1.csv","RB"
"745","numerals-fiji1242-1-twentysix-1","numerals-fiji1242-1","Chan2019","twentysix","26","ʈonʈiːsiks","tontisiks",NA,"FALSE","(2′[⋅]10⁗)[+]6′","Borrowed from English","","XX05_numerals-fiji1242-1.csv","RB"
"746","numerals-fiji1242-1-twentyseven-1","numerals-fiji1242-1","Chan2019","twentyseven","27","ʈonʈiːsevən","tontisevan",NA,"FALSE","(2′[⋅]10⁗)[+]7′","Borrowed from English","","XX05_numerals-fiji1242-1.csv","RB"
"747","numerals-fiji1242-1-twentyeight-1","numerals-fiji1242-1","Chan2019","twentyeight","28","ʈonʈiːəiʈ","tontiait",NA,"FALSE","(2′[⋅]10⁗)[+]8′","Borrowed from English","","XX05_numerals-fiji1242-1.csv","RB"
"748","numerals-fiji1242-1-twentynine-1","numerals-fiji1242-1","Chan2019","twentynine","29","ʈonʈiːnɑːin","tontinain",NA,"FALSE","(2′[⋅]10⁗)[+]9′","Borrowed from English","","XX05_numerals-fiji1242-1.csv","RB"
"749","numerals-fiji1242-1-thirty-1","numerals-fiji1242-1","Chan2019","thirty","30","tiːs","tis",NA,"FALSE","3[⋅]10","","","XX05_numerals-fiji1242-1.csv","RB"
"750","numerals-fiji1242-1-forty-1","numerals-fiji1242-1","Chan2019","forty","40","t͡ʃɑːlis","tsalis",NA,"FALSE","4[⋅]10","","","XX05_numerals-fiji1242-1.csv","RB"
"751","numerals-fiji1242-1-forty-2","numerals-fiji1242-1","Chan2019","forty","40","foʈiː","foti",NA,"FALSE","4′[⋅]10⁗","Borrowed from English","","XX05_numerals-fiji1242-1.csv","RB"
"752","numerals-fiji1242-1-fifty-1","numerals-fiji1242-1","Chan2019","fifty","50","pət͡ʃːɑːs","patsas",NA,"FALSE","5[⋅]10","","","XX05_numerals-fiji1242-1.csv","RB"
"753","numerals-fiji1242-1-fifty-2","numerals-fiji1242-1","Chan2019","fifty","50","fifʈiː","fifti",NA,"FALSE","5′[⋅]10⁗","Borrowed from English","","XX05_numerals-fiji1242-1.csv","RB"
"754","numerals-fiji1242-1-fifty-3","numerals-fiji1242-1","Chan2019","fifty","50","fipʈi:","fipti",NA,"FALSE","5′[⋅]10⁗","Borrowed from English","","XX05_numerals-fiji1242-1.csv","RB"
"755","numerals-fiji1242-1-sixty-1","numerals-fiji1242-1","Chan2019","sixty","60","siksʈiː","siksti",NA,"FALSE","6′[⋅]10⁗","Borrowed from English","","XX05_numerals-fiji1242-1.csv","RB"
"756","numerals-fiji1242-1-seventy-1","numerals-fiji1242-1","Chan2019","seventy","70","səvenʈiː","saventi",NA,"FALSE","7′[⋅]10⁗","Borrowed from English","","XX05_numerals-fiji1242-1.csv","RB"
"757","numerals-fiji1242-1-seventy-2","numerals-fiji1242-1","Chan2019","seventy","70","səbenʈiː","sabenti",NA,"FALSE","7′[⋅]10⁗","Borrowed from English","","XX05_numerals-fiji1242-1.csv","RB"
"758","numerals-fiji1242-1-eighty-1","numerals-fiji1242-1","Chan2019","eighty","80","əsːiː","asi",NA,"FALSE","8[⋅]10","","","XX05_numerals-fiji1242-1.csv","RB"
"759","numerals-fiji1242-1-eighty-2","numerals-fiji1242-1","Chan2019","eighty","80","əiʈiː","aiti",NA,"FALSE","8′[⋅]10⁗","Borrowed from English","","XX05_numerals-fiji1242-1.csv","RB"
"760","numerals-fiji1242-1-ninety-1","numerals-fiji1242-1","Chan2019","ninety","90","nɑːinʈi:","nainti",NA,"FALSE","9′[⋅]10⁗","Borrowed from English","","XX05_numerals-fiji1242-1.csv","RB"
"761","numerals-fiji1242-1-hundred-1","numerals-fiji1242-1","Chan2019","hundred","100","səu","sau",NA,"FALSE","100","","","XX05_numerals-fiji1242-1.csv","RB"
"762","numerals-fiji1242-1-hundred-2","numerals-fiji1242-1","Chan2019","hundred","100","ek səu","eksau",NA,"FALSE","1[⋅]100","","","XX05_numerals-fiji1242-1.csv","RB"
"763","numerals-fiji1242-1-twohundred-1","numerals-fiji1242-1","Chan2019","twohundred","200","duiː səu","duisau",NA,"FALSE","2[⋅]100","","","XX05_numerals-fiji1242-1.csv","RB"
"764","numerals-fiji1242-1-thousand-1","numerals-fiji1242-1","Chan2019","thousand","1000","həd͡ʒɑːr","hadzar",NA,"FALSE","1000","","","XX05_numerals-fiji1242-1.csv","RB"
"765","numerals-fiji1242-1-twothousand-1","numerals-fiji1242-1","Chan2019","twothousand","2000","duiː həd͡ʒɑːr","duihadzar",NA,"FALSE","2[⋅]1000","","","XX05_numerals-fiji1242-1.csv","RB"
"766","numerals-gaam1241-1-one-1","numerals-gaam1241-1","Chan2019","one","1","t̪āmán","taman",NA,"FALSE","1",NA,NA,"gaam1241.csv","EAT"
"767","numerals-gaam1241-1-two-1","numerals-gaam1241-1","Chan2019","two","2","d̪áāɡɡ","daagg",NA,"FALSE","2",NA,NA,"gaam1241.csv","EAT"
"768","numerals-gaam1241-1-three-1","numerals-gaam1241-1","Chan2019","three","3","ɔ́ðɔ̄","odo",NA,"FALSE","3",NA,NA,"gaam1241.csv","EAT"
"769","numerals-gaam1241-1-four-1","numerals-gaam1241-1","Chan2019","four","4","yə̄ə̄sə́","yaasa",NA,"FALSE","4",NA,NA,"gaam1241.csv","EAT"
"770","numerals-gaam1241-1-five-1","numerals-gaam1241-1","Chan2019","five","5","áás-ááma᷇n","aasaaman","(lit: 'hand')","FALSE","5·1","hand-one",NA,"gaam1241.csv","EAT"
"771","numerals-gaam1241-1-six-1","numerals-gaam1241-1","Chan2019","six","6","t̪ə́ld̪ìɡɡ","taldigg",NA,"FALSE","6{LIG}","6-eyes",NA,"gaam1241.csv","EAT"
"772","numerals-gaam1241-1-seven-1","numerals-gaam1241-1","Chan2019","seven","7","íd̪iɡ-dáāɡɡ","idigdaagg","(lit: 'eyes-two')","FALSE","[5]{LIG}-2","[5]",NA,"gaam1241.csv","EAT"
"773","numerals-gaam1241-1-eight-1","numerals-gaam1241-1","Chan2019","eight","8","íd̪iɡɡ-ɔ́ðɔ̄","idiggodo","(lit: 'eyes-three')","FALSE","[5]{LIG}-3","edited: swapped values for eight and seven.",NA,"gaam1241.csv","EAT"
"774","numerals-gaam1241-1-nine-1","numerals-gaam1241-1","Chan2019","nine","9","íd̪iɡ-yə̄ə̄sə́","idigyaasa","(lit: 'eyes-four')","FALSE","[5]{LIG}-4",NA,NA,"gaam1241.csv","EAT"
"775","numerals-gaam1241-1-ten-1","numerals-gaam1241-1","Chan2019","ten","10","ə́sēɡ-dí","asegdi","(lit: 'hands-also')","FALSE","10{LIG}","hands-also",NA,"gaam1241.csv","EAT"
"776","numerals-gaam1241-1-eleven-1","numerals-gaam1241-1","Chan2019","eleven","11","ə́sēɡdí ì ná t̪āmán","asegdiinataman",NA,"FALSE","10+{and}1",NA,NA,"gaam1241.csv","EAT"
"777","numerals-gaam1241-1-twelve-1","numerals-gaam1241-1","Chan2019","twelve","12","ə́sēɡdí ì ná d̪áāɡɡ","asegdiinadaagg",NA,"FALSE","10+{and}2",NA,NA,"gaam1241.csv","EAT"
"778","numerals-gaam1241-1-thirteen-1","numerals-gaam1241-1","Chan2019","thirteen","13","ə́sēɡdí ì ná ɔ́ðɔ̄","asegdiinaodo",NA,"FALSE","10+{and}3",NA,NA,"gaam1241.csv","EAT"
"779","numerals-gaam1241-1-fourteen-1","numerals-gaam1241-1","Chan2019","fourteen","14","ə́sēɡdí ì ná yə̄ə̄sə́","asegdiinayaasa",NA,"FALSE","10+{and}4",NA,NA,"gaam1241.csv","EAT"
"780","numerals-gaam1241-1-fifteen-1","numerals-gaam1241-1","Chan2019","fifteen","15","ə́sēɡdí ì ná áásááma᷇n","asegdiinaaasaaman",NA,"FALSE","10+{and}5",NA,NA,"gaam1241.csv","EAT"
"781","numerals-gaam1241-1-sixteen-1","numerals-gaam1241-1","Chan2019","sixteen","16","ə́sēɡdí ì ná t̪ə́ld̪ìɡɡ","asegdiinataldigg",NA,"FALSE","10+{and}6",NA,NA,"gaam1241.csv","EAT"
"782","numerals-gaam1241-1-seventeen-1","numerals-gaam1241-1","Chan2019","seventeen","17","ə́sēɡdí ì ná íd̪iɡɡ-ɔ́ðɔ̄","asegdiinaidiggodo",NA,"FALSE","10+{and}[10]-{LIG}3",NA,NA,"gaam1241.csv","EAT"
"783","numerals-gaam1241-1-eighteen-1","numerals-gaam1241-1","Chan2019","eighteen","18","ə́sēɡdí ì ná íd̪iɡ-dáāɡɡ","asegdiinaidigdaagg",NA,"FALSE","10+{and}[10]-{LIG}2",NA,NA,"gaam1241.csv","EAT"
"784","numerals-gaam1241-1-nineteen-1","numerals-gaam1241-1","Chan2019","nineteen","19","ə́sēɡdí ì ná íd̪iɡ-yə̄ə̄sə́","asegdiinaidigyaasa",NA,"FALSE","10+{and}[5]+{LIG}4",NA,NA,"gaam1241.csv","EAT"
"785","numerals-gaam1241-1-twenty-1","numerals-gaam1241-1","Chan2019","twenty","20","ɟāā dùì ə̄ə̄ŋ","jaaduiaang","(lit: ‘person black body’)","FALSE","20","person+black+body",NA,"gaam1241.csv","EAT"
"786","numerals-gaam1241-1-twentyone-1","numerals-gaam1241-1","Chan2019","twentyone","21","ɟāā dùì ə̄ə̄ŋ ì nát̪āmán","jaaduiaanginataman",NA,"FALSE","20+1",NA,NA,"gaam1241.csv","EAT"
"787","numerals-gaam1241-1-twentytwo-1","numerals-gaam1241-1","Chan2019","twentytwo","22","ɟāā dùì ə̄ə̄ŋ ì nád̪áāɡɡ","jaaduiaanginadaagg",NA,"FALSE","20+2",NA,NA,"gaam1241.csv","EAT"
"788","numerals-gaam1241-1-twentythree-1","numerals-gaam1241-1","Chan2019","twentythree","23","ɟāā dùì ə̄ə̄ŋ ì náɔ́ðɔ̄","jaaduiaanginaodo",NA,"FALSE","20+3",NA,NA,"gaam1241.csv","EAT"
"789","numerals-gaam1241-1-twentyfour-1","numerals-gaam1241-1","Chan2019","twentyfour","24","ɟāā dùì ə̄ə̄ŋ ì náyə̄ə̄sə́","jaaduiaanginayaasa",NA,"FALSE","20+4",NA,NA,"gaam1241.csv","EAT"
"790","numerals-gaam1241-1-twentyfive-1","numerals-gaam1241-1","Chan2019","twentyfive","25","ɟāā dùì ə̄ə̄ŋ ì nááásááma᷇n","jaaduiaanginaaasaaman",NA,"FALSE","20+5",NA,NA,"gaam1241.csv","EAT"
"791","numerals-gaam1241-1-twentysix-1","numerals-gaam1241-1","Chan2019","twentysix","26","ɟāā dùì ə̄ə̄ŋ ì nát̪ə́ld̪ìɡɡ","jaaduiaanginataldigg",NA,"FALSE","20+6",NA,NA,"gaam1241.csv","EAT"
"792","numerals-gaam1241-1-twentyseven-1","numerals-gaam1241-1","Chan2019","twentyseven","27","ɟāā dùì ə̄ə̄ŋ ì náíd̪iɡɡ-ɔ́ðɔ̄","jaaduiaanginaidiggodo",NA,"FALSE","20+[5]+2",NA,NA,"gaam1241.csv","EAT"
"793","numerals-gaam1241-1-twentyeight-1","numerals-gaam1241-1","Chan2019","twentyeight","28","ɟāā dùì ə̄ə̄ŋ ì náíd̪iɡ-dáāɡɡ","jaaduiaanginaidigdaagg",NA,"FALSE","20+[5]+3",NA,NA,"gaam1241.csv","EAT"
"794","numerals-gaam1241-1-twentynine-1","numerals-gaam1241-1","Chan2019","twentynine","29","ɟāā dùì ə̄ə̄ŋ ì náíd̪iɡ-yə̄ə̄sə́","jaaduiaanginaidigyaasa",NA,"FALSE","20+[5]+4",NA,NA,"gaam1241.csv","EAT"
"795","numerals-gaam1241-1-thirty-1","numerals-gaam1241-1","Chan2019","thirty","30","ɟāā dùì ə̄ə̄ŋ ì náə́sēɡdí","jaaduiaanginaasegdi",NA,"FALSE","20+{LIG}10",NA,NA,"gaam1241.csv","EAT"
"796","numerals-gaam1241-1-forty-1","numerals-gaam1241-1","Chan2019","forty","40","jɔ̄ɡ dùìɡɡ ììŋ-ə̄ d̪áāɡɡ","jogduiggiingadaagg","( 20 x 2 )","FALSE","20·2",NA,NA,"gaam1241.csv","EAT"
"797","numerals-gaam1241-1-fifty-1","numerals-gaam1241-1","Chan2019","fifty","50","jɔ̄ɡ dùìɡɡ ììŋ-ə̄ d̪áāɡɡ ì ná ə́sēɡdí","jogduiggiingadaagginaasegdi",NA,"FALSE","(20·2)+{LIG}10",NA,NA,"gaam1241.csv","EAT"
"798","numerals-gaam1241-1-sixty-1","numerals-gaam1241-1","Chan2019","sixty","60","jɔ̄ɡ dùìɡɡ ììŋ-ə̄ ɔ́ðɔ̄","jogduiggiingaodo","( 20 x 3 )","FALSE","20·3",NA,NA,"gaam1241.csv","EAT"
"799","numerals-gaam1241-1-seventy-1","numerals-gaam1241-1","Chan2019","seventy","70","jɔ̄ɡ dùìɡɡ ììŋ-ə̄ ɔ́ðɔ̄ ì ná ə́sēɡdí","jogduiggiingaodoinaasegdi",NA,"FALSE","(20·3)+{LIG}10",NA,NA,"gaam1241.csv","EAT"
"800","numerals-gaam1241-1-eighty-1","numerals-gaam1241-1","Chan2019","eighty","80","jɔ̄ɡ dùìɡɡ ììŋ-ə̄ yə̄ə̄sə́","jogduiggiingayaasa","( 20 x 4 )","FALSE","20·4",NA,NA,"gaam1241.csv","EAT"
"801","numerals-gaam1241-1-ninety-1","numerals-gaam1241-1","Chan2019","ninety","90","jɔ̄ɡ dùìɡɡ ììŋ-ə̄ yə̄ə̄sə́ ì ná ə́sēɡdí","jogduiggiingayaasainaasegdi",NA,"FALSE","(20·4)+{LIG}10",NA,NA,"gaam1241.csv","EAT"
"802","numerals-gaam1241-1-hundred-1","numerals-gaam1241-1","Chan2019","hundred","100","jɔ̄ɡ dùìɡɡ ììŋ-ə̄ áásááma᷇n","jogduiggiingaaasaaman","( 20 x 5 )","FALSE","20·5",NA,NA,"gaam1241.csv","EAT"
"803","numerals-gaam1241-1-twohundred-1","numerals-gaam1241-1","Chan2019","twohundred","200","jɔ̄ɡ dùìɡɡ ììŋ-ə̄ ə́sēɡdí","jogduiggiingaasegdi","( 20 x 10 )","FALSE","20·10",NA,NA,"gaam1241.csv","EAT"
"804","numerals-gaww1239-1-one-1","numerals-gaww1239-1","Chan2019","one","1","tóʔon","toon",NA,"FALSE","1",NA,NA,"gaww1239.csv","EAT"
"805","numerals-gaww1239-1-two-1","numerals-gaww1239-1","Chan2019","two","2","lákke","lakke",NA,"FALSE","2",NA,NA,"gaww1239.csv","EAT"
"806","numerals-gaww1239-1-three-1","numerals-gaww1239-1","Chan2019","three","3","ízzaħ","izzah",NA,"FALSE","3",NA,NA,"gaww1239.csv","EAT"
"807","numerals-gaww1239-1-four-1","numerals-gaww1239-1","Chan2019","four","4","sálaħ","salah",NA,"FALSE","4",NA,NA,"gaww1239.csv","EAT"
"808","numerals-gaww1239-1-five-1","numerals-gaww1239-1","Chan2019","five","5","xúpin","xupin",NA,"FALSE","5",NA,NA,"gaww1239.csv","EAT"
"809","numerals-gaww1239-1-six-1","numerals-gaww1239-1","Chan2019","six","6","tappi","tappi",NA,"FALSE","6",NA,NA,"gaww1239.csv","EAT"
"810","numerals-gaww1239-1-seven-1","numerals-gaww1239-1","Chan2019","seven","7","táʔan","taan",NA,"FALSE","7",NA,NA,"gaww1239.csv","EAT"
"811","numerals-gaww1239-1-eight-1","numerals-gaww1239-1","Chan2019","eight","8","sétten","setten",NA,"FALSE","8",NA,NA,"gaww1239.csv","EAT"
"812","numerals-gaww1239-1-nine-1","numerals-gaww1239-1","Chan2019","nine","9","kóllan","kollan",NA,"FALSE","9",NA,NA,"gaww1239.csv","EAT"
"813","numerals-gaww1239-1-ten-1","numerals-gaww1239-1","Chan2019","ten","10","ħúɗɗan","huddan",NA,"FALSE","10",NA,NA,"gaww1239.csv","EAT"
"814","numerals-gaww1239-1-eleven-1","numerals-gaww1239-1","Chan2019","eleven","11","ħúɗɗa=pa tóʔon","huddapatoon",NA,"FALSE","10+{LIG}1",NA,NA,"gaww1239.csv","EAT"
"815","numerals-gaww1239-1-twelve-1","numerals-gaww1239-1","Chan2019","twelve","12","ħúɗɗa=pa lákke","huddapalakke",NA,"FALSE","10+{LIG}2",NA,NA,"gaww1239.csv","EAT"
"816","numerals-gaww1239-1-thirteen-1","numerals-gaww1239-1","Chan2019","thirteen","13","ħúɗɗa=paízzaħ","huddapaizzah",NA,"FALSE","10+{LIG}3",NA,NA,"gaww1239.csv","EAT"
"817","numerals-gaww1239-1-fourteen-1","numerals-gaww1239-1","Chan2019","fourteen","14","ħúɗɗa=pa sálaħ","huddapasalah",NA,"FALSE","10+{LIG}4",NA,NA,"gaww1239.csv","EAT"
"818","numerals-gaww1239-1-fifteen-1","numerals-gaww1239-1","Chan2019","fifteen","15","ħúɗɗa=paxúpin","huddapaxupin",NA,"FALSE","10+{LIG}5",NA,NA,"gaww1239.csv","EAT"
"819","numerals-gaww1239-1-sixteen-1","numerals-gaww1239-1","Chan2019","sixteen","16","ħúɗɗa=patappi","huddapatappi",NA,"FALSE","10+{LIG}6",NA,NA,"gaww1239.csv","EAT"
"820","numerals-gaww1239-1-seventeen-1","numerals-gaww1239-1","Chan2019","seventeen","17","ħúɗɗa=patáʔan","huddapataan",NA,"FALSE","10+{LIG}7",NA,NA,"gaww1239.csv","EAT"
"821","numerals-gaww1239-1-eighteen-1","numerals-gaww1239-1","Chan2019","eighteen","18","ħúɗɗa=pasétten","huddapasetten",NA,"FALSE","10+{LIG}8",NA,NA,"gaww1239.csv","EAT"
"822","numerals-gaww1239-1-nineteen-1","numerals-gaww1239-1","Chan2019","nineteen","19","ħúɗɗa=pa kóllan","huddapakollan",NA,"FALSE","10+{LIG}9",NA,NA,"gaww1239.csv","EAT"
"823","numerals-gaww1239-1-twenty-1","numerals-gaww1239-1","Chan2019","twenty","20","ħúɗanko lákke","hudankolakke",NA,"FALSE","10·2",NA,NA,"gaww1239.csv","EAT"
"824","numerals-gaww1239-1-twentyone-1","numerals-gaww1239-1","Chan2019","twentyone","21","ħúɗanko lákke=pa tóʔon","hudankolakkepatoon",NA,"FALSE","(10·2)+{LIG]1",NA,NA,"gaww1239.csv","EAT"
"825","numerals-gaww1239-1-twentytwo-1","numerals-gaww1239-1","Chan2019","twentytwo","22","ħúɗanko lákke=pa lákke","hudankolakkepalakke",NA,"FALSE","(10·2)+{LIG]2",NA,NA,"gaww1239.csv","EAT"
"826","numerals-gaww1239-1-twentythree-1","numerals-gaww1239-1","Chan2019","twentythree","23","ħúɗanko lákke=pa ízzaħ","hudankolakkepaizzah",NA,"FALSE","(10·2)+{LIG]3",NA,NA,"gaww1239.csv","EAT"
"827","numerals-gaww1239-1-twentyfour-1","numerals-gaww1239-1","Chan2019","twentyfour","24","ħúɗanko lákke=pa sálaħ","hudankolakkepasalah",NA,"FALSE","(10·2)+{LIG]4",NA,NA,"gaww1239.csv","EAT"
"828","numerals-gaww1239-1-twentyfive-1","numerals-gaww1239-1","Chan2019","twentyfive","25","ħúɗanko lákke=pa xúpin","hudankolakkepaxupin",NA,"FALSE","(10·2)+{LIG]5",NA,NA,"gaww1239.csv","EAT"
"829","numerals-gaww1239-1-twentysix-1","numerals-gaww1239-1","Chan2019","twentysix","26","ħúɗanko lákke=pa tappi","hudankolakkepatappi",NA,"FALSE","(10·2)+{LIG]6",NA,NA,"gaww1239.csv","EAT"
"830","numerals-gaww1239-1-twentyseven-1","numerals-gaww1239-1","Chan2019","twentyseven","27","ħúɗanko lákke=pa táʔan","hudankolakkepataan",NA,"FALSE","(10·2)+{LIG]7",NA,NA,"gaww1239.csv","EAT"
"831","numerals-gaww1239-1-twentyeight-1","numerals-gaww1239-1","Chan2019","twentyeight","28","ħúɗanko lákke=pa sétten","hudankolakkepasetten",NA,"FALSE","(10·2)+{LIG]8",NA,NA,"gaww1239.csv","EAT"
"832","numerals-gaww1239-1-twentynine-1","numerals-gaww1239-1","Chan2019","twentynine","29","ħúɗanko lákke=pa kóllan","hudankolakkepakollan",NA,"FALSE","(10·2)+{LIG]9",NA,NA,"gaww1239.csv","EAT"
"833","numerals-gaww1239-1-thirty-1","numerals-gaww1239-1","Chan2019","thirty","30","ħúɗankoízzaħ","hudankoizzah",NA,"FALSE","10·3",NA,NA,"gaww1239.csv","EAT"
"834","numerals-gaww1239-1-forty-1","numerals-gaww1239-1","Chan2019","forty","40","ħúɗanko sálaħ","hudankosalah",NA,"FALSE","10·4",NA,NA,"gaww1239.csv","EAT"
"835","numerals-gaww1239-1-fifty-1","numerals-gaww1239-1","Chan2019","fifty","50","ħúɗankoxúpin","hudankoxupin",NA,"FALSE","10·5",NA,NA,"gaww1239.csv","EAT"
"836","numerals-gaww1239-1-sixty-1","numerals-gaww1239-1","Chan2019","sixty","60","ħúɗankotappi","hudankotappi",NA,"FALSE","10·6",NA,NA,"gaww1239.csv","EAT"
"837","numerals-gaww1239-1-seventy-1","numerals-gaww1239-1","Chan2019","seventy","70","ħúɗankotáʔan","hudankotaan",NA,"FALSE","10·7",NA,NA,"gaww1239.csv","EAT"
"838","numerals-gaww1239-1-eighty-1","numerals-gaww1239-1","Chan2019","eighty","80","ħúɗankosétten","hudankosetten",NA,"FALSE","10·8",NA,NA,"gaww1239.csv","EAT"
"839","numerals-gaww1239-1-ninety-1","numerals-gaww1239-1","Chan2019","ninety","90","ħúɗanko kóllan","hudankokollan",NA,"FALSE","10·9",NA,NA,"gaww1239.csv","EAT"
"840","numerals-gaww1239-1-hundred-1","numerals-gaww1239-1","Chan2019","hundred","100","ɗippa","dippa",NA,"FALSE","100",NA,NA,"gaww1239.csv","EAT"
"841","numerals-gaww1239-1-twohundred-1","numerals-gaww1239-1","Chan2019","twohundred","200","ɗippa lákke","dippalakke",NA,"FALSE","100·2",NA,NA,"gaww1239.csv","EAT"
"842","numerals-gaww1239-1-thousand-1","numerals-gaww1239-1","Chan2019","thousand","1000","kúma","kuma",NA,"FALSE","1000",NA,NA,"gaww1239.csv","EAT"
"843","numerals-gaww1239-1-twothousand-1","numerals-gaww1239-1","Chan2019","twothousand","2000","kúma lákke","kumalakke",NA,"FALSE","1000·2",NA,NA,"gaww1239.csv","EAT"
"844","numerals-kale1246-1-one-1","numerals-kale1246-1","Chan2019","one","1","akɛ̀ːŋkɛ","akengke",NA,"FALSE","1",NA,NA,"kale1246.csv","EAT"
"845","numerals-kale1246-1-two-1","numerals-kale1246-1","Chan2019","two","2","áɛ̂ːŋ","aeng",NA,"FALSE","2",NA,NA,"kale1246.csv","EAT"
"846","numerals-kale1246-1-three-1","numerals-kale1246-1","Chan2019","three","3","sómòk","somok",NA,"FALSE","3",NA,NA,"kale1246.csv","EAT"
"847","numerals-kale1246-1-four-1","numerals-kale1246-1","Chan2019","four","4","áŋwàn","angwan",NA,"FALSE","4",NA,NA,"kale1246.csv","EAT"
"848","numerals-kale1246-1-five-1","numerals-kale1246-1","Chan2019","five","5","mûːt","mut",NA,"FALSE","5",NA,NA,"kale1246.csv","EAT"
"849","numerals-kale1246-1-six-1","numerals-kale1246-1","Chan2019","six","6","là","la",NA,"FALSE","6",NA,NA,"kale1246.csv","EAT"
"850","numerals-kale1246-1-seven-1","numerals-kale1246-1","Chan2019","seven","7","tísap","tisap",NA,"FALSE","7",NA,NA,"kale1246.csv","EAT"
"851","numerals-kale1246-1-eight-1","numerals-kale1246-1","Chan2019","eight","8","sisíːt","sisit",NA,"FALSE","8",NA,NA,"kale1246.csv","EAT"
"852","numerals-kale1246-1-nine-1","numerals-kale1246-1","Chan2019","nine","9","sókôːl","sokol",NA,"FALSE","9",NA,NA,"kale1246.csv","EAT"
"853","numerals-kale1246-1-ten-1","numerals-kale1246-1","Chan2019","ten","10","táman","taman",NA,"FALSE","10",NA,NA,"kale1246.csv","EAT"
"854","numerals-kale1246-1-eleven-1","numerals-kale1246-1","Chan2019","eleven","11","táman àk akɛ̀ːŋkɛ","tamanakakengke",NA,"FALSE","10+{LIG}1",NA,NA,"kale1246.csv","EAT"
"855","numerals-kale1246-1-twelve-1","numerals-kale1246-1","Chan2019","twelve","12","táman àk áɛ̂ːŋ","tamanakaeng",NA,"FALSE","10+{LIG}2",NA,NA,"kale1246.csv","EAT"
"856","numerals-kale1246-1-thirteen-1","numerals-kale1246-1","Chan2019","thirteen","13","táman àk sómòk","tamanaksomok",NA,"FALSE","10+{LIG}3",NA,NA,"kale1246.csv","EAT"
"857","numerals-kale1246-1-fourteen-1","numerals-kale1246-1","Chan2019","fourteen","14","táman àk áŋwàn","tamanakangwan",NA,"FALSE","10+{LIG}4",NA,NA,"kale1246.csv","EAT"
"858","numerals-kale1246-1-fifteen-1","numerals-kale1246-1","Chan2019","fifteen","15","táman àk mûːt","tamanakmut",NA,"FALSE","10+{LIG}5",NA,NA,"kale1246.csv","EAT"
"859","numerals-kale1246-1-sixteen-1","numerals-kale1246-1","Chan2019","sixteen","16","táman àk là","tamanakla",NA,"FALSE","10+{LIG}6",NA,NA,"kale1246.csv","EAT"
"860","numerals-kale1246-1-seventeen-1","numerals-kale1246-1","Chan2019","seventeen","17","táman àk tísap","tamanaktisap",NA,"FALSE","10+{LIG}7",NA,NA,"kale1246.csv","EAT"
"861","numerals-kale1246-1-eighteen-1","numerals-kale1246-1","Chan2019","eighteen","18","táman àk sisíːt","tamanaksisit",NA,"FALSE","10+{LIG}8",NA,NA,"kale1246.csv","EAT"
"862","numerals-kale1246-1-nineteen-1","numerals-kale1246-1","Chan2019","nineteen","19","táman àk sókôːl","tamanaksokol",NA,"FALSE","10+{LIG}9",NA,NA,"kale1246.csv","EAT"
"863","numerals-kale1246-1-twenty-1","numerals-kale1246-1","Chan2019","twenty","20","típtém","tiptem",NA,"FALSE","10·2",NA,NA,"kale1246.csv","EAT"
"864","numerals-kale1246-1-twentyone-1","numerals-kale1246-1","Chan2019","twentyone","21","típtém àk akɛ̀ːŋkɛ","tiptemakakengke",NA,"FALSE","(10·2)+{LIG}1",NA,NA,"kale1246.csv","EAT"
"865","numerals-kale1246-1-twentytwo-1","numerals-kale1246-1","Chan2019","twentytwo","22","típtém àk áɛ̂ːŋ","tiptemakaeng",NA,"FALSE","(10·2)+{LIG}2",NA,NA,"kale1246.csv","EAT"
"866","numerals-kale1246-1-twentythree-1","numerals-kale1246-1","Chan2019","twentythree","23","típtém àk sómòk","tiptemaksomok",NA,"FALSE","(10·2)+{LIG}3",NA,NA,"kale1246.csv","EAT"
"867","numerals-kale1246-1-twentyfour-1","numerals-kale1246-1","Chan2019","twentyfour","24","típtém àk áŋwàn","tiptemakangwan",NA,"FALSE","(10·2)+{LIG}4",NA,NA,"kale1246.csv","EAT"
"868","numerals-kale1246-1-twentyfive-1","numerals-kale1246-1","Chan2019","twentyfive","25","típtém àk mûːt","tiptemakmut",NA,"FALSE","(10·2)+{LIG}5",NA,NA,"kale1246.csv","EAT"
"869","numerals-kale1246-1-twentysix-1","numerals-kale1246-1","Chan2019","twentysix","26","típtém àk là","tiptemakla",NA,"FALSE","(10·2)+{LIG}6",NA,NA,"kale1246.csv","EAT"
"870","numerals-kale1246-1-twentyseven-1","numerals-kale1246-1","Chan2019","twentyseven","27","típtém àk tísap","tiptemaktisap",NA,"FALSE","(10·2)+{LIG}7",NA,NA,"kale1246.csv","EAT"
"871","numerals-kale1246-1-twentyeight-1","numerals-kale1246-1","Chan2019","twentyeight","28","típtém àk sisíːt","tiptemaksisit",NA,"FALSE","(10·2)+{LIG}8",NA,NA,"kale1246.csv","EAT"
"872","numerals-kale1246-1-twentynine-1","numerals-kale1246-1","Chan2019","twentynine","29","típtém àk sókôːl","tiptemaksokol",NA,"FALSE","(10·2)+{LIG}9",NA,NA,"kale1246.csv","EAT"
"873","numerals-kale1246-1-thirty-1","numerals-kale1246-1","Chan2019","thirty","30","sosóm","sosom",NA,"FALSE","3·10'",NA,NA,"kale1246.csv","EAT"
"874","numerals-kale1246-1-forty-1","numerals-kale1246-1","Chan2019","forty","40","ártám","artam",NA,"FALSE","4·10’",NA,NA,"kale1246.csv","EAT"
"875","numerals-kale1246-1-fifty-1","numerals-kale1246-1","Chan2019","fifty","50","konóm","konom",NA,"FALSE","5·10’",NA,NA,"kale1246.csv","EAT"
"876","numerals-kale1246-1-sixty-1","numerals-kale1246-1","Chan2019","sixty","60","táman-wáːkík lâ","tamanwakikla",NA,"FALSE","10·(5+1)",NA,NA,"kale1246.csv","EAT"
"877","numerals-kale1246-1-seventy-1","numerals-kale1246-1","Chan2019","seventy","70","táman-wáːkík tísap","tamanwakiktisap",NA,"FALSE","10·(5+2)",NA,NA,"kale1246.csv","EAT"
"878","numerals-kale1246-1-eighty-1","numerals-kale1246-1","Chan2019","eighty","80","táman-wáːkík sisíːt","tamanwakiksisit",NA,"FALSE","10·(5+3)",NA,NA,"kale1246.csv","EAT"
"879","numerals-kale1246-1-ninety-1","numerals-kale1246-1","Chan2019","ninety","90","táman-wáːkík sókôːl","tamanwakiksokol",NA,"FALSE","10·(5+4)",NA,NA,"kale1246.csv","EAT"
"880","numerals-kale1246-1-hundred-1","numerals-kale1246-1","Chan2019","hundred","100","pákal","pakal",NA,"FALSE","100",NA,NA,"kale1246.csv","EAT"
"881","numerals-kale1246-1-twohundred-1","numerals-kale1246-1","Chan2019","twohundred","200","pákal áɛ̂.ŋ","pakalaeng",NA,"FALSE","100·2",NA,NA,"kale1246.csv","EAT"
"882","numerals-kale1246-1-thousand-1","numerals-kale1246-1","Chan2019","thousand","1000","élêpu","elepu","( < Swahili ' elfu')","TRUE","1000",NA,NA,"kale1246.csv","EAT"
"883","numerals-kale1246-1-twothousand-1","numerals-kale1246-1","Chan2019","twothousand","2000","élêpu áɛ̂.ŋ","elepuaeng",NA,"FALSE","1000·2",NA,NA,"kale1246.csv","EAT"
"884","numerals-mang1394-1-one-1","numerals-mang1394-1","Chan2019","one","1","kana","kana",NA,"FALSE","1",NA,NA,"mang1394.csv","EAT"
"885","numerals-mang1394-1-two-1","numerals-mang1394-1","Chan2019","two","2","sóóndrwé","soondrwe",NA,"FALSE","2",NA,NA,"mang1394.csv","EAT"
"886","numerals-mang1394-1-two-2","numerals-mang1394-1","Chan2019","two","2","sóóndrú","soondru",NA,"FALSE","2'",NA,NA,"mang1394.csv","EAT"
"887","numerals-mang1394-1-three-1","numerals-mang1394-1","Chan2019","three","3","sɔ́ta","sota",NA,"FALSE","3",NA,NA,"mang1394.csv","EAT"
"888","numerals-mang1394-1-four-1","numerals-mang1394-1","Chan2019","four","4","sɔ́sʉa","sosua",NA,"FALSE","4",NA,NA,"mang1394.csv","EAT"
"889","numerals-mang1394-1-five-1","numerals-mang1394-1","Chan2019","five","5","tɔ́zɛrɛna","tozerena",NA,"FALSE","5",NA,NA,"mang1394.csv","EAT"
"890","numerals-mang1394-1-five-2","numerals-mang1394-1","Chan2019","five","5","sɔ́zɛrɛna","sozerena",NA,"FALSE","5’",NA,NA,"mang1394.csv","EAT"
"891","numerals-mang1394-1-six-1","numerals-mang1394-1","Chan2019","six","6","tɛ́nɡwɛkana","tengwekana",NA,"FALSE","5""+1",NA,NA,"mang1394.csv","EAT"
"892","numerals-mang1394-1-six-2","numerals-mang1394-1","Chan2019","six","6","ɛ́tɛana","eteana",NA,"FALSE","6",NA,NA,"mang1394.csv","EAT"
"893","numerals-mang1394-1-seven-1","numerals-mang1394-1","Chan2019","seven","7","tónórwe","tonorwe",NA,"FALSE","5""'+2",NA,NA,"mang1394.csv","EAT"
"894","numerals-mang1394-1-seven-2","numerals-mang1394-1","Chan2019","seven","7","tónóru","tonoru",NA,"FALSE","5""'+2'",NA,NA,"mang1394.csv","EAT"
"895","numerals-mang1394-1-eight-1","numerals-mang1394-1","Chan2019","eight","8","bɔɡɨna","bogina",NA,"FALSE","8",NA,NA,"mang1394.csv","EAT"
"896","numerals-mang1394-1-nine-1","numerals-mang1394-1","Chan2019","nine","9","téndeléɡí","tendelegi",NA,"FALSE","9",NA,NA,"mang1394.csv","EAT"
"897","numerals-mang1394-1-ten-1","numerals-mang1394-1","Chan2019","ten","10","tɛ́ɛ́vhɛ́","teevhe",NA,"FALSE","10",NA,NA,"mang1394.csv","EAT"
"898","numerals-mang1394-1-eleven-1","numerals-mang1394-1","Chan2019","eleven","11","tɛ́ɛ́vhɛ (án)eɡí kana","teevheanegikana",NA,"FALSE","10+{LIG}1",NA,NA,"mang1394.csv","EAT"
"899","numerals-mang1394-1-twelve-1","numerals-mang1394-1","Chan2019","twelve","12","tɛ́ɛ́vhɛ (án)eɡí sóóndrwé","teevheanegisoondrwe",NA,"FALSE","10+{LIG}2",NA,NA,"mang1394.csv","EAT"
"900","numerals-mang1394-1-thirteen-1","numerals-mang1394-1","Chan2019","thirteen","13","tɛ́ɛ́vhɛ (án)eɡí sɔ́ta","teevheanegisota",NA,"FALSE","10+{LIG}3",NA,NA,"mang1394.csv","EAT"
"901","numerals-mang1394-1-fourteen-1","numerals-mang1394-1","Chan2019","fourteen","14","tɛ́ɛ́vhɛ (án)eɡí sɔ́sʉa","teevheanegisosua",NA,"FALSE","10+{LIG}4",NA,NA,"mang1394.csv","EAT"
"902","numerals-mang1394-1-fifteen-1","numerals-mang1394-1","Chan2019","fifteen","15","tɛ́ɛ́vhɛ (án)eɡí tɔ́zɛrɛna","teevheanegitozerena",NA,"FALSE","10+{LIG}5",NA,NA,"mang1394.csv","EAT"
"903","numerals-mang1394-1-sixteen-1","numerals-mang1394-1","Chan2019","sixteen","16","tɛ́ɛ́vhɛ (án)eɡí tɛ́nɡwɛkana","teevheanegitengwekana",NA,"FALSE","10+{LIG}5""+1",NA,NA,"mang1394.csv","EAT"
"904","numerals-mang1394-1-seventeen-1","numerals-mang1394-1","Chan2019","seventeen","17","tɛ́ɛ́vhɛ (án)eɡí tónórwe","teevheanegitonorwe",NA,"FALSE","10+{LIG}5'""+2",NA,NA,"mang1394.csv","EAT"
"905","numerals-mang1394-1-eighteen-1","numerals-mang1394-1","Chan2019","eighteen","18","tɛ́ɛ́vhɛ (án)eɡí bɔɡɨna","teevheanegibogina",NA,"FALSE","10+{LIG}8",NA,NA,"mang1394.csv","EAT"
"906","numerals-mang1394-1-nineteen-1","numerals-mang1394-1","Chan2019","nineteen","19","tɛ́ɛ́vhɛ (án)eɡí téndeléɡí","teevheanegitendelegi",NA,"FALSE","10+{LIG}9",NA,NA,"mang1394.csv","EAT"
"907","numerals-mang1394-1-twenty-1","numerals-mang1394-1","Chan2019","twenty","20","ɛtɛ́ɛ́vhɛ sóóndrwé","eteevhesoondrwe",NA,"FALSE","10·2",NA,NA,"mang1394.csv","EAT"
"908","numerals-mang1394-1-twentyone-1","numerals-mang1394-1","Chan2019","twentyone","21","ɛtɛ́ɛ́vhɛ sóóndrwé (án)eɡí kana","eteevhesoondrweanegikana",NA,"FALSE","(10·2)+{LIG}1",NA,NA,"mang1394.csv","EAT"
"909","numerals-mang1394-1-twentytwo-1","numerals-mang1394-1","Chan2019","twentytwo","22","ɛtɛ́ɛ́vhɛ sóóndrwé (án)eɡí sóóndrwé","eteevhesoondrweanegisoondrwe",NA,"FALSE","(10·2)+{LIG}2",NA,NA,"mang1394.csv","EAT"
"910","numerals-mang1394-1-twentythree-1","numerals-mang1394-1","Chan2019","twentythree","23","ɛtɛ́ɛ́vhɛ sóóndrwé (án)eɡí sɔ́ta","eteevhesoondrweanegisota",NA,"FALSE","(10·2)+{LIG}3",NA,NA,"mang1394.csv","EAT"
"911","numerals-mang1394-1-twentyfour-1","numerals-mang1394-1","Chan2019","twentyfour","24","ɛtɛ́ɛ́vhɛ sóóndrwé (án)eɡí sɔ́sʉa","eteevhesoondrweanegisosua",NA,"FALSE","(10·2)+{LIG}4",NA,NA,"mang1394.csv","EAT"
"912","numerals-mang1394-1-twentyfive-1","numerals-mang1394-1","Chan2019","twentyfive","25","ɛtɛ́ɛ́vhɛ sóóndrwé (án)eɡí tɔ́zɛrɛna","eteevhesoondrweanegitozerena",NA,"FALSE","(10·2)+{LIG}5",NA,NA,"mang1394.csv","EAT"
"913","numerals-mang1394-1-twentysix-1","numerals-mang1394-1","Chan2019","twentysix","26","ɛtɛ́ɛ́vhɛ sóóndrwé (án)eɡí tɛ́nɡwɛkana","eteevhesoondrweanegitengwekana",NA,"FALSE","(10·2)+{LIG}5”+1",NA,NA,"mang1394.csv","EAT"
"914","numerals-mang1394-1-twentyseven-1","numerals-mang1394-1","Chan2019","twentyseven","27","ɛtɛ́ɛ́vhɛ sóóndrwé (án)eɡí tónórwe","eteevhesoondrweanegitonorwe",NA,"FALSE","(10·2)+{LIG}5”'+2'",NA,NA,"mang1394.csv","EAT"
"915","numerals-mang1394-1-twentyeight-1","numerals-mang1394-1","Chan2019","twentyeight","28","ɛtɛ́ɛ́vhɛ sóóndrwé (án)eɡí bɔɡɨna","eteevhesoondrweanegibogina",NA,"FALSE","(10·2)+{LIG}8",NA,NA,"mang1394.csv","EAT"
"916","numerals-mang1394-1-twentynine-1","numerals-mang1394-1","Chan2019","twentynine","29","ɛtɛ́ɛ́vhɛ sóóndrwé (án)eɡí téndeléɡí","eteevhesoondrweanegitendelegi",NA,"FALSE","(10·2)+{LIG}9",NA,NA,"mang1394.csv","EAT"
"917","numerals-mang1394-1-thirty-1","numerals-mang1394-1","Chan2019","thirty","30","ɛtɛ́ɛ́vhɛ sɔ́ta","eteevhesota",NA,"FALSE","10·3",NA,NA,"mang1394.csv","EAT"
"918","numerals-mang1394-1-forty-1","numerals-mang1394-1","Chan2019","forty","40","ɛtɛ́ɛ́vhɛ sɔ́sʉa","eteevhesosua",NA,"FALSE","10·4",NA,NA,"mang1394.csv","EAT"
"919","numerals-mang1394-1-fifty-1","numerals-mang1394-1","Chan2019","fifty","50","ɛtɛ́ɛ́vhɛ tɔ́zɛrɛna","eteevhetozerena",NA,"FALSE","10·5",NA,NA,"mang1394.csv","EAT"
"920","numerals-mang1394-1-sixty-1","numerals-mang1394-1","Chan2019","sixty","60","ɛtɛ́ɛ́vhɛ tɛ́nɡwɛkana","eteevhetengwekana",NA,"FALSE","10·(5’+1)",NA,NA,"mang1394.csv","EAT"
"921","numerals-mang1394-1-seventy-1","numerals-mang1394-1","Chan2019","seventy","70","ɛtɛ́ɛ́vhɛ tónórwe","eteevhetonorwe",NA,"FALSE","10·(5""’+2)",NA,NA,"mang1394.csv","EAT"
"922","numerals-mang1394-1-eighty-1","numerals-mang1394-1","Chan2019","eighty","80","ɛtɛ́ɛ́vhɛ bɔɡɨna","eteevhebogina",NA,"FALSE","10·8",NA,NA,"mang1394.csv","EAT"
"923","numerals-mang1394-1-ninety-1","numerals-mang1394-1","Chan2019","ninety","90","ɛtɛ́ɛ́vhɛ téndeléɡí","eteevhetendelegi",NA,"FALSE","10·9",NA,NA,"mang1394.csv","EAT"
"924","numerals-mang1394-1-hundred-1","numerals-mang1394-1","Chan2019","hundred","100","nɛ́kámá kana","nekamakana",NA,"FALSE","100·1",NA,NA,"mang1394.csv","EAT"
"925","numerals-mang1394-1-twohundred-1","numerals-mang1394-1","Chan2019","twohundred","200","ɛ́káma sóóndrwé","ekamasoondrwe",NA,"FALSE","100·2",NA,NA,"mang1394.csv","EAT"
"926","numerals-mang1394-1-thousand-1","numerals-mang1394-1","Chan2019","thousand","1000","nɛ́kútu kana","nekutukana",NA,"FALSE","1000·1",NA,NA,"mang1394.csv","EAT"
"927","numerals-mang1394-1-twothousand-1","numerals-mang1394-1","Chan2019","twothousand","2000","ɛ́kútu sóóndrwé","ekutusoondrwe",NA,"FALSE","1000·2",NA,NA,"mang1394.csv","EAT"
"928","numerals-dime1235-1-one-1","numerals-dime1235-1","Chan2019","one","1","ˈwɔkʰʌl","wokhl",NA,"FALSE","1",NA,NA,"numerals-dime1235-1.csv","EAT"
"929","numerals-dime1235-1-one-2","numerals-dime1235-1","Chan2019","one","1","wókkil","wokkil",NA,"FALSE","1’",NA,NA,"numerals-dime1235-1.csv","EAT"
"930","numerals-dime1235-1-two-1","numerals-dime1235-1","Chan2019","two","2","ˈkʼʌtʼɨm","ktim",NA,"FALSE","2",NA,NA,"numerals-dime1235-1.csv","EAT"
"931","numerals-dime1235-1-two-2","numerals-dime1235-1","Chan2019","two","2","kʼəstin","kastin",NA,"FALSE","2’",NA,NA,"numerals-dime1235-1.csv","EAT"
"932","numerals-dime1235-1-three-1","numerals-dime1235-1","Chan2019","three","3","ˈmʌkʰɨm","mkhim",NA,"FALSE","3",NA,NA,"numerals-dime1235-1.csv","EAT"
"933","numerals-dime1235-1-three-2","numerals-dime1235-1","Chan2019","three","3","mə́kkim","makkim",NA,"FALSE","3’",NA,NA,"numerals-dime1235-1.csv","EAT"
"934","numerals-dime1235-1-four-1","numerals-dime1235-1","Chan2019","four","4","ʔʊdːʊ","udu",NA,"FALSE","4",NA,NA,"numerals-dime1235-1.csv","EAT"
"935","numerals-dime1235-1-four-2","numerals-dime1235-1","Chan2019","four","4","ʔúddú","uddu",NA,"FALSE","4’",NA,NA,"numerals-dime1235-1.csv","EAT"
"936","numerals-dime1235-1-five-1","numerals-dime1235-1","Chan2019","five","5","ˈʃənːə","sana",NA,"FALSE","5",NA,NA,"numerals-dime1235-1.csv","EAT"
"937","numerals-dime1235-1-five-2","numerals-dime1235-1","Chan2019","five","5","ʃinní","sinni",NA,"FALSE","5’",NA,NA,"numerals-dime1235-1.csv","EAT"
"938","numerals-dime1235-1-six-1","numerals-dime1235-1","Chan2019","six","6","ˈlahə","laha",NA,"FALSE","6",NA,NA,"numerals-dime1235-1.csv","EAT"
"939","numerals-dime1235-1-six-2","numerals-dime1235-1","Chan2019","six","6","ˈlah","lah",NA,"FALSE","6’",NA,NA,"numerals-dime1235-1.csv","EAT"
"940","numerals-dime1235-1-six-3","numerals-dime1235-1","Chan2019","six","6","láxi","laxi",NA,"FALSE","6”",NA,NA,"numerals-dime1235-1.csv","EAT"
"941","numerals-dime1235-1-seven-1","numerals-dime1235-1","Chan2019","seven","7","ˈtʰʊsːʊm","thusum",NA,"FALSE","7",NA,NA,"numerals-dime1235-1.csv","EAT"
"942","numerals-dime1235-1-seven-2","numerals-dime1235-1","Chan2019","seven","7","tússum","tussum",NA,"FALSE","7’",NA,NA,"numerals-dime1235-1.csv","EAT"
"943","numerals-dime1235-1-eight-1","numerals-dime1235-1","Chan2019","eight","8","ˈkʼʌʃnaʃ","ksnas",NA,"FALSE","8",NA,NA,"numerals-dime1235-1.csv","EAT"
"944","numerals-dime1235-1-eight-2","numerals-dime1235-1","Chan2019","eight","8","kʼaʃnáʃiʃ","kasnasis",NA,"FALSE","8’",NA,NA,"numerals-dime1235-1.csv","EAT"
"945","numerals-dime1235-1-nine-1","numerals-dime1235-1","Chan2019","nine","9","ˈwʌklaʃ","wklas",NA,"FALSE","9",NA,NA,"numerals-dime1235-1.csv","EAT"
"946","numerals-dime1235-1-nine-2","numerals-dime1235-1","Chan2019","nine","9","wókláʃiʃ","woklasis",NA,"FALSE","9’",NA,NA,"numerals-dime1235-1.csv","EAT"
"947","numerals-dime1235-1-ten-1","numerals-dime1235-1","Chan2019","ten","10","ˈtʰamːe","thame",NA,"FALSE","10",NA,NA,"numerals-dime1235-1.csv","EAT"
"948","numerals-dime1235-1-ten-2","numerals-dime1235-1","Chan2019","ten","10","təmme","tamme",NA,"FALSE","10’",NA,NA,"numerals-dime1235-1.csv","EAT"
"949","numerals-dime1235-1-eleven-1","numerals-dime1235-1","Chan2019","eleven","11","ˈtʰamːe ˈwɔkʰʌl","thamewokhl",NA,"FALSE","10+1",NA,NA,"numerals-dime1235-1.csv","EAT"
"950","numerals-dime1235-1-eleven-2","numerals-dime1235-1","Chan2019","eleven","11","təmme (ʔáf-ó) w.","tammeafow",NA,"FALSE","10+1”",NA,NA,"numerals-dime1235-1.csv","EAT"
"951","numerals-dime1235-1-twelve-1","numerals-dime1235-1","Chan2019","twelve","12","ˈtʰamːe ˈkʼʌtʼɨm","thamektim",NA,"FALSE","10+2",NA,NA,"numerals-dime1235-1.csv","EAT"
"952","numerals-dime1235-1-thirteen-1","numerals-dime1235-1","Chan2019","thirteen","13","ˈtʰamːe ˈmʌkʰɨm","thamemkhim",NA,"FALSE","10+3",NA,NA,"numerals-dime1235-1.csv","EAT"
"953","numerals-dime1235-1-fourteen-1","numerals-dime1235-1","Chan2019","fourteen","14","ˈtʰamːe ʔʊdːʊ","thameudu",NA,"FALSE","10+4",NA,NA,"numerals-dime1235-1.csv","EAT"
"954","numerals-dime1235-1-fifteen-1","numerals-dime1235-1","Chan2019","fifteen","15","ˈtʰamːe ˈʃənːə","thamesana",NA,"FALSE","10+5",NA,NA,"numerals-dime1235-1.csv","EAT"
"955","numerals-dime1235-1-sixteen-1","numerals-dime1235-1","Chan2019","sixteen","16","ˈtʰamːe ˈlah","thamelah",NA,"FALSE","10+6’",NA,NA,"numerals-dime1235-1.csv","EAT"
"956","numerals-dime1235-1-seventeen-1","numerals-dime1235-1","Chan2019","seventeen","17","ˈtʰamːe ˈtʰʊsːʊm","thamethusum",NA,"FALSE","10+7",NA,NA,"numerals-dime1235-1.csv","EAT"
"957","numerals-dime1235-1-eighteen-1","numerals-dime1235-1","Chan2019","eighteen","18","ˈtʰamːe ˈkʼʌʃnaʃ","thameksnas",NA,"FALSE","10+8",NA,NA,"numerals-dime1235-1.csv","EAT"
"958","numerals-dime1235-1-nineteen-1","numerals-dime1235-1","Chan2019","nineteen","19","ˈtʰamːe ˈwʌklaʃ","thamewklas",NA,"FALSE","10+9",NA,NA,"numerals-dime1235-1.csv","EAT"
"959","numerals-dime1235-1-twenty-1","numerals-dime1235-1","Chan2019","twenty","20","ˈwajdʊ","wajdu",NA,"FALSE","20",NA,NA,"numerals-dime1235-1.csv","EAT"
"960","numerals-dime1235-1-twenty-2","numerals-dime1235-1","Chan2019","twenty","20","woidu","woidu",NA,"FALSE","20’",NA,NA,"numerals-dime1235-1.csv","EAT"
"961","numerals-dime1235-1-twentyone-1","numerals-dime1235-1","Chan2019","twentyone","21","ˈwajdʊ ˈwɔkʰʌl","wajduwokhl",NA,"FALSE","20+1",NA,NA,"numerals-dime1235-1.csv","EAT"
"962","numerals-dime1235-1-twentyone-2","numerals-dime1235-1","Chan2019","twentyone","21","woídi (ʔáfo-ó) wókkil","woidiafoowokkil",NA,"FALSE","20+1’",NA,NA,"numerals-dime1235-1.csv","EAT"
"963","numerals-dime1235-1-twentytwo-1","numerals-dime1235-1","Chan2019","twentytwo","22","ˈwajdʊ ˈkʼʌtʼɨm","wajduktim",NA,"FALSE","20+2",NA,NA,"numerals-dime1235-1.csv","EAT"
"964","numerals-dime1235-1-twentythree-1","numerals-dime1235-1","Chan2019","twentythree","23","ˈwajdʊ ˈmʌkʰɨm","wajdumkhim",NA,"FALSE","20+3",NA,NA,"numerals-dime1235-1.csv","EAT"
"965","numerals-dime1235-1-twentyfour-1","numerals-dime1235-1","Chan2019","twentyfour","24","ˈwajdʊ ʔʊdːʊ","wajduudu",NA,"FALSE","20+4",NA,NA,"numerals-dime1235-1.csv","EAT"
"966","numerals-dime1235-1-twentyfive-1","numerals-dime1235-1","Chan2019","twentyfive","25","ˈwajdʊ ˈʃənːə","wajdusana",NA,"FALSE","20+5",NA,NA,"numerals-dime1235-1.csv","EAT"
"967","numerals-dime1235-1-twentysix-1","numerals-dime1235-1","Chan2019","twentysix","26","ˈwajdʊ ˈlah","wajdulah",NA,"FALSE","20+6’",NA,NA,"numerals-dime1235-1.csv","EAT"
"968","numerals-dime1235-1-twentyseven-1","numerals-dime1235-1","Chan2019","twentyseven","27","ˈwajdʊ ˈtʰʊsːʊm","wajduthusum",NA,"FALSE","20+7",NA,NA,"numerals-dime1235-1.csv","EAT"
"969","numerals-dime1235-1-twentyeight-1","numerals-dime1235-1","Chan2019","twentyeight","28","ˈwajdʊ ˈkʼʌʃnaʃ","wajduksnas",NA,"FALSE","20+8",NA,NA,"numerals-dime1235-1.csv","EAT"
"970","numerals-dime1235-1-twentynine-1","numerals-dime1235-1","Chan2019","twentynine","29","ˈwajdʊ ˈwʌklaʃ","wajduwklas",NA,"FALSE","20+9",NA,NA,"numerals-dime1235-1.csv","EAT"
"971","numerals-dime1235-1-thirty-1","numerals-dime1235-1","Chan2019","thirty","30","tʰamti ˈmʌkʰɨm","thamtimkhim",NA,"FALSE","10·3",NA,NA,"numerals-dime1235-1.csv","EAT"
"972","numerals-dime1235-1-thirty-2","numerals-dime1235-1","Chan2019","thirty","30","təmtʼi məkkim","tamtimakkim",NA,"FALSE","10·3’",NA,NA,"numerals-dime1235-1.csv","EAT"
"973","numerals-dime1235-1-forty-1","numerals-dime1235-1","Chan2019","forty","40","tʰamt ʔʊdːʊ","thamtudu",NA,"FALSE","10·4",NA,NA,"numerals-dime1235-1.csv","EAT"
"974","numerals-dime1235-1-forty-2","numerals-dime1235-1","Chan2019","forty","40","təmtʼi ʔúddú","tamtiuddu",NA,"FALSE","10·4’",NA,NA,"numerals-dime1235-1.csv","EAT"
"975","numerals-dime1235-1-fifty-1","numerals-dime1235-1","Chan2019","fifty","50","tʰamta ˈʃənːə","thamtasana",NA,"FALSE","10·5",NA,NA,"numerals-dime1235-1.csv","EAT"
"976","numerals-dime1235-1-fifty-2","numerals-dime1235-1","Chan2019","fifty","50","təmtʼi ʃinní","tamtisinni",NA,"FALSE","10·5’",NA,NA,"numerals-dime1235-1.csv","EAT"
"977","numerals-dime1235-1-sixty-1","numerals-dime1235-1","Chan2019","sixty","60","tʰamta ˈlah","thamtalah",NA,"FALSE","10·6’",NA,NA,"numerals-dime1235-1.csv","EAT"
"978","numerals-dime1235-1-sixty-2","numerals-dime1235-1","Chan2019","sixty","60","təmtʼi láxi","tamtilaxi",NA,"FALSE","10·6”",NA,NA,"numerals-dime1235-1.csv","EAT"
"979","numerals-dime1235-1-seventy-1","numerals-dime1235-1","Chan2019","seventy","70","tʰamta ˈtʰʊsːʊm","thamtathusum",NA,"FALSE","10·7",NA,NA,"numerals-dime1235-1.csv","EAT"
"980","numerals-dime1235-1-seventy-2","numerals-dime1235-1","Chan2019","seventy","70","təmtʼi tússum","tamtitussum",NA,"FALSE","10·7’",NA,NA,"numerals-dime1235-1.csv","EAT"
"981","numerals-dime1235-1-eighty-1","numerals-dime1235-1","Chan2019","eighty","80","tʰamte ˈkʼʌʃnaʃ","thamteksnas",NA,"FALSE","10·8",NA,NA,"numerals-dime1235-1.csv","EAT"
"982","numerals-dime1235-1-eighty-2","numerals-dime1235-1","Chan2019","eighty","80","təmtʼi kʼaʃnáʃiʃ","tamtikasnasis",NA,"FALSE","10·8’",NA,NA,"numerals-dime1235-1.csv","EAT"
"983","numerals-dime1235-1-ninety-1","numerals-dime1235-1","Chan2019","ninety","90","tʰamta ˈwʌklaʃ","thamtawklas",NA,"FALSE","10·9",NA,NA,"numerals-dime1235-1.csv","EAT"
"984","numerals-dime1235-1-ninety-2","numerals-dime1235-1","Chan2019","ninety","90","təmtʼi wókláʃiʃ","tamtiwoklasis",NA,"FALSE","10·9’",NA,NA,"numerals-dime1235-1.csv","EAT"
"985","numerals-dime1235-1-hundred-1","numerals-dime1235-1","Chan2019","hundred","100","ˈteʼətʰ","teath",NA,"FALSE","100",NA,NA,"numerals-dime1235-1.csv","EAT"
"986","numerals-dime1235-1-hundred-2","numerals-dime1235-1","Chan2019","hundred","100","sʼéét","seet",NA,"FALSE","100’",NA,NA,"numerals-dime1235-1.csv","EAT"
"987","numerals-dime1235-1-twohundred-1","numerals-dime1235-1","Chan2019","twohundred","200","sʼéét kʼəstin","seetkastin",NA,"FALSE","100·2",NA,NA,"numerals-dime1235-1.csv","EAT"
"988","numerals-dime1235-1-thousand-1","numerals-dime1235-1","Chan2019","thousand","1000","sʼéét təmmi","seettammi","( 100 x 10 )","FALSE","100·10",NA,NA,"numerals-dime1235-1.csv","EAT"
"989","numerals-nobi1240-1-one-1","numerals-nobi1240-1","Chan2019","one","1","weː˥r","wer",NA,"FALSE","1",NA,NA,"numerals-nobi1240.csv","EAT"
"990","numerals-nobi1240-1-two-1","numerals-nobi1240-1","Chan2019","two","2","u˥wwo˥","uwwo",NA,"FALSE","2",NA,NA,"numerals-nobi1240.csv","EAT"
"991","numerals-nobi1240-1-three-1","numerals-nobi1240-1","Chan2019","three","3","tu˥sko˥","tusko",NA,"FALSE","3",NA,NA,"numerals-nobi1240.csv","EAT"
"992","numerals-nobi1240-1-four-1","numerals-nobi1240-1","Chan2019","four","4","ke˥mso˥","kemso",NA,"FALSE","4",NA,NA,"numerals-nobi1240.csv","EAT"
"993","numerals-nobi1240-1-five-1","numerals-nobi1240-1","Chan2019","five","5","di˧dʒ","didz",NA,"FALSE","5",NA,NA,"numerals-nobi1240.csv","EAT"
"994","numerals-nobi1240-1-six-1","numerals-nobi1240-1","Chan2019","six","6","ɡo˥rdʒo˥","gordzo",NA,"FALSE","6",NA,NA,"numerals-nobi1240.csv","EAT"
"995","numerals-nobi1240-1-seven-1","numerals-nobi1240-1","Chan2019","seven","7","ko˧lo˧d","kolod",NA,"FALSE","7",NA,NA,"numerals-nobi1240.csv","EAT"
"996","numerals-nobi1240-1-eight-1","numerals-nobi1240-1","Chan2019","eight","8","i˥dwo˥","idwo",NA,"FALSE","8",NA,NA,"numerals-nobi1240.csv","EAT"
"997","numerals-nobi1240-1-nine-1","numerals-nobi1240-1","Chan2019","nine","9","o˧sko˧d","oskod",NA,"FALSE","9",NA,NA,"numerals-nobi1240.csv","EAT"
"998","numerals-nobi1240-1-ten-1","numerals-nobi1240-1","Chan2019","ten","10","di˥me˥","dime",NA,"FALSE","10",NA,NA,"numerals-nobi1240.csv","EAT"
"999","numerals-nobi1240-1-eleven-1","numerals-nobi1240-1","Chan2019","eleven","11","di˥me˥ weː˥r","dimewer",NA,"FALSE","10+1",NA,NA,"numerals-nobi1240.csv","EAT"
"1000","numerals-nobi1240-1-twelve-1","numerals-nobi1240-1","Chan2019","twelve","12","di˥me˥ u˥wwo˥","dimeuwwo",NA,"FALSE","10+2",NA,NA,"numerals-nobi1240.csv","EAT"
"1001","numerals-nobi1240-1-thirteen-1","numerals-nobi1240-1","Chan2019","thirteen","13","di˥me˥ tu˥sko˥","dimetusko",NA,"FALSE","10+3",NA,NA,"numerals-nobi1240.csv","EAT"
"1002","numerals-nobi1240-1-fourteen-1","numerals-nobi1240-1","Chan2019","fourteen","14","di˥me˥ ke˥mso˥","dimekemso",NA,"FALSE","10+4",NA,NA,"numerals-nobi1240.csv","EAT"
"1003","numerals-nobi1240-1-fifteen-1","numerals-nobi1240-1","Chan2019","fifteen","15","di˥me˥ di˧dʒ","dimedidz",NA,"FALSE","10+5",NA,NA,"numerals-nobi1240.csv","EAT"
"1004","numerals-nobi1240-1-sixteen-1","numerals-nobi1240-1","Chan2019","sixteen","16","di˥me˥ ɡo˥rdʒo˥","dimegordzo",NA,"FALSE","10+6",NA,NA,"numerals-nobi1240.csv","EAT"
"1005","numerals-nobi1240-1-seventeen-1","numerals-nobi1240-1","Chan2019","seventeen","17","di˥me˥ ko˧lo˧d","dimekolod",NA,"FALSE","10+7",NA,NA,"numerals-nobi1240.csv","EAT"
"1006","numerals-nobi1240-1-eighteen-1","numerals-nobi1240-1","Chan2019","eighteen","18","di˥me˥ i˥dwo˥","dimeidwo",NA,"FALSE","10+8",NA,NA,"numerals-nobi1240.csv","EAT"
"1007","numerals-nobi1240-1-nineteen-1","numerals-nobi1240-1","Chan2019","nineteen","19","di˥me˥ o˧sko˧d","dimeoskod",NA,"FALSE","10+9",NA,NA,"numerals-nobi1240.csv","EAT"
"1008","numerals-nobi1240-1-twenty-1","numerals-nobi1240-1","Chan2019","twenty","20","a˥roː˥","aro",NA,"FALSE","20",NA,NA,"numerals-nobi1240.csv","EAT"
"1009","numerals-nobi1240-1-twentyone-1","numerals-nobi1240-1","Chan2019","twentyone","21","a˥roː˥ weː˥r","arower",NA,"FALSE","20+1",NA,NA,"numerals-nobi1240.csv","EAT"
"1010","numerals-nobi1240-1-twentytwo-1","numerals-nobi1240-1","Chan2019","twentytwo","22","a˥roː˥ u˥wwo˥","arouwwo",NA,"FALSE","20+2",NA,NA,"numerals-nobi1240.csv","EAT"
"1011","numerals-nobi1240-1-twentythree-1","numerals-nobi1240-1","Chan2019","twentythree","23","a˥roː˥ tu˥sko˥","arotusko",NA,"FALSE","20+3",NA,NA,"numerals-nobi1240.csv","EAT"
"1012","numerals-nobi1240-1-twentyfour-1","numerals-nobi1240-1","Chan2019","twentyfour","24","a˥roː˥ ke˥mso˥","arokemso",NA,"FALSE","20+4",NA,NA,"numerals-nobi1240.csv","EAT"
"1013","numerals-nobi1240-1-twentyfive-1","numerals-nobi1240-1","Chan2019","twentyfive","25","a˥roː˥ di˧dʒ","arodidz",NA,"FALSE","20+5",NA,NA,"numerals-nobi1240.csv","EAT"
"1014","numerals-nobi1240-1-twentysix-1","numerals-nobi1240-1","Chan2019","twentysix","26","a˥roː˥ ɡo˥rdʒo˥","arogordzo",NA,"FALSE","20+6",NA,NA,"numerals-nobi1240.csv","EAT"
"1015","numerals-nobi1240-1-twentyseven-1","numerals-nobi1240-1","Chan2019","twentyseven","27","a˥roː˥ ko˧lo˧d","arokolod",NA,"FALSE","20+7",NA,NA,"numerals-nobi1240.csv","EAT"
"1016","numerals-nobi1240-1-twentyeight-1","numerals-nobi1240-1","Chan2019","twentyeight","28","a˥roː˥ i˥dwo˥","aroidwo",NA,"FALSE","20+8",NA,NA,"numerals-nobi1240.csv","EAT"
"1017","numerals-nobi1240-1-twentynine-1","numerals-nobi1240-1","Chan2019","twentynine","29","a˥roː˥ o˧sko˧d","arooskod",NA,"FALSE","20+9",NA,NA,"numerals-nobi1240.csv","EAT"
"1018","numerals-nobi1240-1-thirty-1","numerals-nobi1240-1","Chan2019","thirty","30","tu˥sko˥ndi˥","tuskondi",NA,"FALSE","3·10",NA,NA,"numerals-nobi1240.csv","EAT"
"1019","numerals-nobi1240-1-forty-1","numerals-nobi1240-1","Chan2019","forty","40","ke˥mso˥ndi˥","kemsondi",NA,"FALSE","4·10",NA,NA,"numerals-nobi1240.csv","EAT"
"1020","numerals-nobi1240-1-fifty-1","numerals-nobi1240-1","Chan2019","fifty","50","di˧dʒo˥ndi˥","didzondi",NA,"FALSE","5·10",NA,NA,"numerals-nobi1240.csv","EAT"
"1021","numerals-nobi1240-1-sixty-1","numerals-nobi1240-1","Chan2019","sixty","60","ɡo˥rdʒo˥ndi˥","gordzondi",NA,"FALSE","6·10",NA,NA,"numerals-nobi1240.csv","EAT"
"1022","numerals-nobi1240-1-seventy-1","numerals-nobi1240-1","Chan2019","seventy","70","ko˧lo˧do˥ndi˥","kolodondi",NA,"FALSE","7·10",NA,NA,"numerals-nobi1240.csv","EAT"
"1023","numerals-nobi1240-1-eighty-1","numerals-nobi1240-1","Chan2019","eighty","80","i˥dwo˥ndi˥","idwondi",NA,"FALSE","8·10",NA,NA,"numerals-nobi1240.csv","EAT"
"1024","numerals-nobi1240-1-ninety-1","numerals-nobi1240-1","Chan2019","ninety","90","o˧sko˧do˥ndi˥","oskodondi",NA,"FALSE","9·10",NA,NA,"numerals-nobi1240.csv","EAT"
"1025","numerals-nobi1240-1-hundred-1","numerals-nobi1240-1","Chan2019","hundred","100","i˥mi˥i","imii",NA,"FALSE","100",NA,NA,"numerals-nobi1240.csv","EAT"
"1026","numerals-nobi1240-1-twohundred-1","numerals-nobi1240-1","Chan2019","twohundred","200","i˥mi˥i u˥wwo˥","imiiuwwo",NA,"FALSE","100·2",NA,NA,"numerals-nobi1240.csv","EAT"
"1027","numerals-nobi1240-1-thousand-1","numerals-nobi1240-1","Chan2019","thousand","1000","du˧reː˧","dure",NA,"FALSE","1000",NA,NA,"numerals-nobi1240.csv","EAT"
"1028","numerals-nobi1240-1-twothousand-1","numerals-nobi1240-1","Chan2019","twothousand","2000","du˧reː˧ u˥wwo˥","dureuwwo",NA,"FALSE","1000·2",NA,NA,"numerals-nobi1240.csv","EAT"
