"","ID","Language_ID","Source","Parameter_ID","NumberValue","Value","Form","Comment_contributor","Loan","Gloss","Glosser","Alternate_gloss","Comment_glosser"
"1","numerals-ampa1238-1-one-1","numerals-ampa1238-1","Chan2019","one","1","tòːmà","toma",NA,"FALSE","1","EAT",NA,NA
"2","numerals-ampa1238-1-two-1","numerals-ampa1238-1","Chan2019","two","2","nìːŋgà","ningga",NA,"FALSE","2","EAT",NA,NA
"3","numerals-ampa1238-1-three-1","numerals-ampa1238-1","Chan2019","three","3","táːndí","tandi",NA,"FALSE","3","EAT",NA,NA
"4","numerals-ampa1238-1-four-1","numerals-ampa1238-1","Chan2019","four","4","tʃɛ̀ːdʒɔ̀","tsedzo","(Boui)","FALSE","4","EAT",NA,NA
"5","numerals-ampa1238-1-four-2","numerals-ampa1238-1","Chan2019","four","4","kɛ̀ːdʒɔ̀","kedzo","(Ningo)","FALSE","4’","EAT",NA,NA
"6","numerals-ampa1238-1-five-1","numerals-ampa1238-1","Chan2019","five","5","núː","nu",NA,"FALSE","5","EAT",NA,NA
"7","numerals-ampa1238-1-six-1","numerals-ampa1238-1","Chan2019","six","6","kùlèjⁿ","kulejn",NA,"FALSE","6","EAT",NA,NA
"8","numerals-ampa1238-1-seven-1","numerals-ampa1238-1","Chan2019","seven","7","sɔ́ːj","soj",NA,"FALSE","7","EAT",NA,NA
"9","numerals-ampa1238-1-eight-1","numerals-ampa1238-1","Chan2019","eight","8","séːlé","sele","(Boui)","FALSE","8","EAT",NA,NA
"10","numerals-ampa1238-1-eight-2","numerals-ampa1238-1","Chan2019","eight","8","síjélé","sijele","(Ningo)","FALSE","8","EAT",NA,NA
"11","numerals-ampa1238-1-nine-1","numerals-ampa1238-1","Chan2019","nine","9","tóːwá","towa",NA,"FALSE","9","EAT",NA,NA
"12","numerals-ampa1238-1-ten-1","numerals-ampa1238-1","Chan2019","ten","10","pìjɔ̀lù","pijolu",NA,"FALSE","10","EAT",NA,NA
"13","numerals-ampa1238-1-eleven-1","numerals-ampa1238-1","Chan2019","eleven","11","pɛ̀-sùgɔ́ tòːmà","pesugotoma",NA,"FALSE","10+1","EAT",NA,NA
"14","numerals-ampa1238-1-twelve-1","numerals-ampa1238-1","Chan2019","twelve","12","pɛ̀-sùgɔ́ nìːŋgà","pesugoningga",NA,"FALSE","10+2","EAT",NA,NA
"15","numerals-ampa1238-1-thirteen-1","numerals-ampa1238-1","Chan2019","thirteen","13","pɛ̀-sùgɔ́ tàːndì","pesugotandi",NA,"FALSE","10+3","EAT",NA,NA
"16","numerals-ampa1238-1-fourteen-1","numerals-ampa1238-1","Chan2019","fourteen","14","pɛ̀-sùgɔ́ kɛ̀ːdʒɔ̀","pesugokedzo","(Ningo)","FALSE","10+4","EAT",NA,"edited: kɛ̀ːdʒɔ̀ > pɛ̀-sùgɔ́ kɛ̀ːdʒɔ̀"
"17","numerals-ampa1238-1-fourteen-2","numerals-ampa1238-1","Chan2019","fourteen","14","pɛ̀-sùgɔ́ tʃɛ̀ːdʒɔ̀","pesugotsedzo","(Boui)","FALSE","10+4'","EAT",NA,NA
"18","numerals-ampa1238-1-fifteen-1","numerals-ampa1238-1","Chan2019","fifteen","15","pɛ̀-sùgɔ́ nùː","pesugonu",NA,"FALSE","10+5","EAT",NA,NA
"19","numerals-ampa1238-1-sixteen-1","numerals-ampa1238-1","Chan2019","sixteen","16","pɛ̀-sùgɔ́ kùlèjⁿ","pesugokulejn",NA,"FALSE","10+6","EAT",NA,NA
"20","numerals-ampa1238-1-seventeen-1","numerals-ampa1238-1","Chan2019","seventeen","17","pɛ̀-sùgɔ́ sɔ́ːj","pesugosoj",NA,"FALSE","10+7","EAT",NA,NA
"21","numerals-ampa1238-1-eighteen-1","numerals-ampa1238-1","Chan2019","eighteen","18","pɛ̀-sùgɔ́ séːlé","pesugosele","(Boui)","FALSE","10+8","EAT",NA,NA
"22","numerals-ampa1238-1-eighteen-2","numerals-ampa1238-1","Chan2019","eighteen","18","pɛ̀-sùgɔ́ síjélé","pesugosijele","(Ningo)","FALSE","10+8","EAT",NA,NA
"23","numerals-ampa1238-1-nineteen-1","numerals-ampa1238-1","Chan2019","nineteen","19","pɛ̀-sùgɔ́ tóːwá","pesugotowa",NA,"FALSE","10+9","EAT",NA,NA
"24","numerals-ampa1238-1-twenty-1","numerals-ampa1238-1","Chan2019","twenty","20","pɛ́ːnɛ́ːŋɡá","penengga",NA,"FALSE","10·2","EAT",NA,NA
"25","numerals-ampa1238-1-thirty-1","numerals-ampa1238-1","Chan2019","thirty","30","pé-ráːndí","perandi",NA,"FALSE","10·3","EAT",NA,NA
"26","numerals-ampa1238-1-forty-1","numerals-ampa1238-1","Chan2019","forty","40","dɛ́ː","de",NA,"FALSE","40","EAT",NA,NA
"27","numerals-ampa1238-1-fifty-1","numerals-ampa1238-1","Chan2019","fifty","50","dɛ́ː pìjɔ̀lù","depijolu","( 40 + 10 )","FALSE","40+10","EAT",NA,NA
"28","numerals-ampa1238-1-sixty-1","numerals-ampa1238-1","Chan2019","sixty","60","pɛ́l-kúlêjⁿ","pelkulejn",NA,"FALSE","10·6","EAT",NA,NA
"29","numerals-ampa1238-1-seventy-1","numerals-ampa1238-1","Chan2019","seventy","70","síŋgí-gí pìjɔ̀lù ɔ̀rá","singgigipijoluora","( 80 - 10 ? )","FALSE","80-10{LIG}","EAT",NA,NA
"30","numerals-ampa1238-1-eighty-1","numerals-ampa1238-1","Chan2019","eighty","80","síŋgí","singgi",NA,"FALSE","80","EAT",NA,NA
"31","numerals-ampa1238-1-ninety-1","numerals-ampa1238-1","Chan2019","ninety","90","síŋgí-já pìjɔ̀lù","singgijapijolu","( 80 + 10 )","FALSE","80+10","EAT",NA,NA
"32","numerals-ampa1238-1-hundred-1","numerals-ampa1238-1","Chan2019","hundred","100","tɛ̀ːmdɛ̀rɛ́","temdere","< Fulfulde","TRUE","100","EAT",NA,NA
"33","numerals-ampa1238-1-thousand-1","numerals-ampa1238-1","Chan2019","thousand","1000","múdʒú-sìlàːmú","mudzusilamu",NA,"FALSE","1000","EAT",NA,NA
"34","numerals-bank1259-1-one-1","numerals-bank1259-1","Chan2019","one","1","tùmá","tuma",NA,"FALSE","1","EAT",NA,NA
"35","numerals-bank1259-1-two-1","numerals-bank1259-1","Chan2019","two","2","jǒj","joj",NA,"FALSE","2","EAT",NA,NA
"36","numerals-bank1259-1-three-1","numerals-bank1259-1","Chan2019","three","3","tàːní","tani",NA,"FALSE","3","EAT",NA,NA
"37","numerals-bank1259-1-four-1","numerals-bank1259-1","Chan2019","four","4","nìŋŋějⁿ","ningngejn",NA,"FALSE","4","EAT",NA,NA
"38","numerals-bank1259-1-five-1","numerals-bank1259-1","Chan2019","five","5","nùmmǔjⁿ","nummujn",NA,"FALSE","5","EAT",NA,NA
"39","numerals-bank1259-1-six-1","numerals-bank1259-1","Chan2019","six","6","kúròj","kuroj",NA,"FALSE","6","EAT",NA,NA
"40","numerals-bank1259-1-seven-1","numerals-bank1259-1","Chan2019","seven","7","síjⁿɔ̀jⁿ","sijnojn",NA,"FALSE","7","EAT",NA,NA
"41","numerals-bank1259-1-eight-1","numerals-bank1259-1","Chan2019","eight","8","ɡáːràj","garaj",NA,"FALSE","8","EAT",NA,NA
"42","numerals-bank1259-1-nine-1","numerals-bank1259-1","Chan2019","nine","9","tèːsúm","tesum",NA,"FALSE","9","EAT",NA,NA
"43","numerals-bank1259-1-ten-1","numerals-bank1259-1","Chan2019","ten","10","pɛ́ːrú","peru",NA,"FALSE","10","EAT",NA,NA
"44","numerals-bank1259-1-eleven-1","numerals-bank1259-1","Chan2019","eleven","11","pɛ́ːrú tùmá","perutuma",NA,"FALSE","10+1","EAT",NA,NA
"45","numerals-bank1259-1-twelve-1","numerals-bank1259-1","Chan2019","twelve","12","pɛ́ːrú jǒj","perujoj",NA,"FALSE","10+2","EAT",NA,NA
"46","numerals-bank1259-1-thirteen-1","numerals-bank1259-1","Chan2019","thirteen","13","pɛ́ːrú tàːní","perutani",NA,"FALSE","10+3","EAT",NA,NA
"47","numerals-bank1259-1-fourteen-1","numerals-bank1259-1","Chan2019","fourteen","14","pɛ́ːrú nìŋŋějⁿ","peruningngejn",NA,"FALSE","10+4","EAT",NA,NA
"48","numerals-bank1259-1-fifteen-1","numerals-bank1259-1","Chan2019","fifteen","15","pɛ́ːrú nùmmǔjⁿ","perunummujn",NA,"FALSE","10+5","EAT",NA,NA
"49","numerals-bank1259-1-sixteen-1","numerals-bank1259-1","Chan2019","sixteen","16","pɛ́ːrú kúròj","perukuroj",NA,"FALSE","10+6","EAT",NA,NA
"50","numerals-bank1259-1-seventeen-1","numerals-bank1259-1","Chan2019","seventeen","17","pɛ́ːrú síjⁿɔ̀jⁿ","perusijnojn",NA,"FALSE","10+7","EAT",NA,NA
"51","numerals-bank1259-1-eighteen-1","numerals-bank1259-1","Chan2019","eighteen","18","pɛ́ːrú ɡáːràj","perugaraj",NA,"FALSE","10+8","EAT",NA,NA
"52","numerals-bank1259-1-nineteen-1","numerals-bank1259-1","Chan2019","nineteen","19","pɛ́ːrú tèːsúm","perutesum",NA,"FALSE","10+9","EAT",NA,NA
"53","numerals-bank1259-1-twenty-1","numerals-bank1259-1","Chan2019","twenty","20","pɛ̀rí jèj","perijej",NA,"FALSE","10·2","EAT",NA,NA
"54","numerals-bank1259-1-twentyone-1","numerals-bank1259-1","Chan2019","twentyone","21","pɛ̀rí tùmá","perituma",NA,"FALSE","(10·2)+1","EAT",NA,NA
"55","numerals-bank1259-1-twentytwo-1","numerals-bank1259-1","Chan2019","twentytwo","22","pɛ̀rí jǒj","perijoj",NA,"FALSE","(10·2)+2","EAT",NA,NA
"56","numerals-bank1259-1-twentythree-1","numerals-bank1259-1","Chan2019","twentythree","23","pɛ̀rí tàːní","peritani",NA,"FALSE","(10·2)+3","EAT",NA,NA
"57","numerals-bank1259-1-twentyfour-1","numerals-bank1259-1","Chan2019","twentyfour","24","pɛ̀rí nìŋŋějⁿ","periningngejn",NA,"FALSE","(10·2)+4","EAT",NA,NA
"58","numerals-bank1259-1-twentyfive-1","numerals-bank1259-1","Chan2019","twentyfive","25","pɛ̀rí nùmmǔjⁿ","perinummujn",NA,"FALSE","(10·2)+5","EAT",NA,NA
"59","numerals-bank1259-1-twentysix-1","numerals-bank1259-1","Chan2019","twentysix","26","pɛ̀rí kúròj","perikuroj",NA,"FALSE","(10·2)+6","EAT",NA,NA
"60","numerals-bank1259-1-twentyseven-1","numerals-bank1259-1","Chan2019","twentyseven","27","pɛ̀rí síjⁿɔ̀jⁿ","perisijnojn",NA,"FALSE","(10·2)+7","EAT",NA,NA
"61","numerals-bank1259-1-twentyeight-1","numerals-bank1259-1","Chan2019","twentyeight","28","pɛ̀rí ɡáːràj","perigaraj",NA,"FALSE","(10·2)+8","EAT",NA,NA
"62","numerals-bank1259-1-twentynine-1","numerals-bank1259-1","Chan2019","twentynine","29","pɛ̀rí tèːsúm","peritesum",NA,"FALSE","(10·2)+9","EAT",NA,NA
"63","numerals-bank1259-1-thirty-1","numerals-bank1259-1","Chan2019","thirty","30","pɛ́ tàːnú","petanu",NA,"FALSE","10·3","EAT",NA,NA
"64","numerals-bank1259-1-forty-1","numerals-bank1259-1","Chan2019","forty","40","pɛ́ nǐːyⁿ","peniyn",NA,"FALSE","10·4","EAT",NA,NA
"65","numerals-bank1259-1-fifty-1","numerals-bank1259-1","Chan2019","fifty","50","pɛ́ nùmǔyⁿ","penumuyn",NA,"FALSE","10·5","EAT",NA,NA
"66","numerals-bank1259-1-sixty-1","numerals-bank1259-1","Chan2019","sixty","60","pɛ̀rù kúròy","perukuroy",NA,"FALSE","10·6","EAT",NA,NA
"67","numerals-bank1259-1-seventy-1","numerals-bank1259-1","Chan2019","seventy","70","pɛ̀rù súyⁿɔ̀yⁿ","perusuynoyn",NA,"FALSE","10·7","EAT",NA,NA
"68","numerals-bank1259-1-seventy-2","numerals-bank1259-1","Chan2019","seventy","70","pɛ̀rù ŋɡ́oː sòːŋɡù","perunggosonggu","( 80-10 )","FALSE","10-{LIG}80","EAT",NA,NA
"69","numerals-bank1259-1-eighty-1","numerals-bank1259-1","Chan2019","eighty","80","pɛ̀rù ɡáːràj","perugaraj",NA,"FALSE","10·8","EAT",NA,NA
"70","numerals-bank1259-1-eighty-2","numerals-bank1259-1","Chan2019","eighty","80","sòːŋɡú","songgu","(archaic)","FALSE","80","EAT",NA,NA
"71","numerals-bank1259-1-ninety-1","numerals-bank1259-1","Chan2019","ninety","90","pɛ̀rù tèːsùm","perutesum",NA,"FALSE","10·9","EAT",NA,NA
"72","numerals-bank1259-1-ninety-2","numerals-bank1259-1","Chan2019","ninety","90","sòːŋɡú wó pɛ́ːrú","songguwoperu","( 80+10)","FALSE","80+10","EAT",NA,NA
"73","numerals-bank1259-1-hundred-1","numerals-bank1259-1","Chan2019","hundred","100","tɛ́ːmbɛ̀ndɛ́rɛ̀","tembendere",NA,"FALSE","100","EAT",NA,NA
"74","numerals-bank1259-1-hundred-2","numerals-bank1259-1","Chan2019","hundred","100","tɛ́ːmɛ́dɛ́rɛ̀","temedere","( < Fulfulde )","TRUE","100","EAT",NA,NA
"75","numerals-bank1259-1-twohundred-1","numerals-bank1259-1","Chan2019","twohundred","200","tɛ́ːmɛ́dɛ́rɛ̀ jǒj","temederejoj","??","FALSE","100·2","EAT",NA,NA
"76","numerals-bank1259-1-thousand-1","numerals-bank1259-1","Chan2019","thousand","1000","mbùsú","mbusu",NA,"FALSE","1000","EAT",NA,NA
"77","numerals-bank1259-1-twothousand-1","numerals-bank1259-1","Chan2019","twothousand","2000","mbùsú jǒj","mbusujoj","??","FALSE","1000·2","EAT",NA,NA
"78","numerals-bent1238-1-one-1","numerals-bent1238-1","Chan2019","one","1","tùmɔ́:","tumo",NA,"FALSE","1","EAT",NA,NA
"79","numerals-bent1238-1-two-1","numerals-bent1238-1","Chan2019","two","2","yěy","yey",NA,"FALSE","2","EAT",NA,NA
"80","numerals-bent1238-1-three-1","numerals-bent1238-1","Chan2019","three","3","tàːnú","tanu",NA,"FALSE","3","EAT",NA,NA
"81","numerals-bent1238-1-four-1","numerals-bent1238-1","Chan2019","four","4","nǐːyⁿ","niyn",NA,"FALSE","4","EAT",NA,NA
"82","numerals-bent1238-1-five-1","numerals-bent1238-1","Chan2019","five","5","nùmǔyⁿ","numuyn",NA,"FALSE","5","EAT",NA,NA
"83","numerals-bent1238-1-six-1","numerals-bent1238-1","Chan2019","six","6","kúròy","kuroy",NA,"FALSE","6","EAT",NA,NA
"84","numerals-bent1238-1-seven-1","numerals-bent1238-1","Chan2019","seven","7","súyⁿɔ̀yⁿ","suynoyn",NA,"FALSE","7","EAT",NA,NA
"85","numerals-bent1238-1-eight-1","numerals-bent1238-1","Chan2019","eight","8","ɡáːrày","garay",NA,"FALSE","8","EAT",NA,NA
"86","numerals-bent1238-1-nine-1","numerals-bent1238-1","Chan2019","nine","9","tèːsǐm","tesim",NA,"FALSE","9","EAT",NA,NA
"87","numerals-bent1238-1-ten-1","numerals-bent1238-1","Chan2019","ten","10","pɛ́rú","peru",NA,"FALSE","10","EAT",NA,NA
"88","numerals-bent1238-1-eleven-1","numerals-bent1238-1","Chan2019","eleven","11","pɛ́rɛ́ tùwⁿɔ́ sâː","peretuwnosa",NA,"FALSE","10+1","EAT",NA,NA
"89","numerals-bent1238-1-twelve-1","numerals-bent1238-1","Chan2019","twelve","12","pɛ́rɛ́ yěy sâː","pereyeysa",NA,"FALSE","10+2","EAT",NA,NA
"90","numerals-bent1238-1-thirteen-1","numerals-bent1238-1","Chan2019","thirteen","13","pɛ́rɛ́ tàːn sâː","peretansa",NA,"FALSE","10+3","EAT",NA,NA
"91","numerals-bent1238-1-fourteen-1","numerals-bent1238-1","Chan2019","fourteen","14","pɛ́rɛ́ nǐːyⁿ sâː","pereniynsa",NA,"FALSE","10+4","EAT",NA,NA
"92","numerals-bent1238-1-fifteen-1","numerals-bent1238-1","Chan2019","fifteen","15","pɛ́rɛ́ nùmǔyⁿ sâː","perenumuynsa",NA,"FALSE","10+5","EAT",NA,NA
"93","numerals-bent1238-1-sixteen-1","numerals-bent1238-1","Chan2019","sixteen","16","pɛ́rɛ́ kúròy sâː","perekuroysa",NA,"FALSE","10+6","EAT",NA,NA
"94","numerals-bent1238-1-seventeen-1","numerals-bent1238-1","Chan2019","seventeen","17","pɛ́rɛ́ súyⁿɔ̀yⁿ sâː","peresuynoynsa",NA,"FALSE","10+7","EAT",NA,NA
"95","numerals-bent1238-1-eighteen-1","numerals-bent1238-1","Chan2019","eighteen","18","pɛ́rɛ́ ɡáːrày sâː","peregaraysa",NA,"FALSE","10+8","EAT",NA,NA
"96","numerals-bent1238-1-nineteen-1","numerals-bent1238-1","Chan2019","nineteen","19","pɛ́rɛ́ tèːsǐm sâː","peretesimsa",NA,"FALSE","10+9","EAT",NA,NA
"97","numerals-bent1238-1-twenty-1","numerals-bent1238-1","Chan2019","twenty","20","pèrí yěy","periyey",NA,"FALSE","10·2","EAT",NA,NA
"98","numerals-bent1238-1-twentyone-1","numerals-bent1238-1","Chan2019","twentyone","21","pèrí yěy tùwⁿɔ́ sâː","periyeytuwnosa","??","FALSE","(10·2)+1{LIG}","EAT",NA,NA
"99","numerals-bent1238-1-twentytwo-1","numerals-bent1238-1","Chan2019","twentytwo","22","pèrí yěy yěy sâː","periyeyyeysa",NA,"FALSE","(10·2)+2{LIG}","EAT",NA,NA
"100","numerals-bent1238-1-twentythree-1","numerals-bent1238-1","Chan2019","twentythree","23","pèrí yěy tàːn sâː","periyeytansa",NA,"FALSE","(10·2)+3{LIG}","EAT",NA,NA
"101","numerals-bent1238-1-twentyfour-1","numerals-bent1238-1","Chan2019","twentyfour","24","pèrí yěy nǐːyⁿ sâː","periyeyniynsa",NA,"FALSE","(10·2)+4{LIG}","EAT",NA,NA
"102","numerals-bent1238-1-twentyfive-1","numerals-bent1238-1","Chan2019","twentyfive","25","pèrí yěy nùmǔyⁿ sâː","periyeynumuynsa",NA,"FALSE","(10·2)+5{LIG}","EAT",NA,NA
"103","numerals-bent1238-1-twentysix-1","numerals-bent1238-1","Chan2019","twentysix","26","pèrí yěy kúròy sâː","periyeykuroysa",NA,"FALSE","(10·2)+6{LIG}","EAT",NA,NA
"104","numerals-bent1238-1-twentyseven-1","numerals-bent1238-1","Chan2019","twentyseven","27","pèrí yěy súyⁿɔ̀yⁿ sâː","periyeysuynoynsa",NA,"FALSE","(10·2)+7{LIG}","EAT",NA,NA
"105","numerals-bent1238-1-twentyeight-1","numerals-bent1238-1","Chan2019","twentyeight","28","pèrí yěy ɡáːrày sâː","periyeygaraysa",NA,"FALSE","(10·2)+8{LIG}","EAT",NA,NA
"106","numerals-bent1238-1-twentynine-1","numerals-bent1238-1","Chan2019","twentynine","29","pèrí yěy tèːsǐm sâː","periyeytesimsa",NA,"FALSE","(10·2)+9{LIG}","EAT",NA,NA
"107","numerals-bent1238-1-thirty-1","numerals-bent1238-1","Chan2019","thirty","30","pɛ̀r tàːnú","pertanu",NA,"FALSE","10·3","EAT",NA,NA
"108","numerals-bent1238-1-forty-1","numerals-bent1238-1","Chan2019","forty","40","pɛ̀r nǐːyⁿ","perniyn",NA,"FALSE","10·4","EAT",NA,NA
"109","numerals-bent1238-1-fifty-1","numerals-bent1238-1","Chan2019","fifty","50","pɛ̀r nùmǔyⁿ","pernumuyn",NA,"FALSE","10·5","EAT",NA,NA
"110","numerals-bent1238-1-sixty-1","numerals-bent1238-1","Chan2019","sixty","60","pɛ̀r kúròy","perkuroy",NA,"FALSE","10·6","EAT",NA,NA
"111","numerals-bent1238-1-seventy-1","numerals-bent1238-1","Chan2019","seventy","70","pɛ̀r súyⁿɔ̀yⁿ","persuynoyn",NA,"FALSE","10·7","EAT",NA,NA
"112","numerals-bent1238-1-eighty-1","numerals-bent1238-1","Chan2019","eighty","80","pɛ̀r ɡáːrày","pergaray",NA,"FALSE","10·8","EAT",NA,NA
"113","numerals-bent1238-1-eighty-2","numerals-bent1238-1","Chan2019","eighty","80","dɔ̀ː sòŋɡú","dosonggu","( archaic form)","FALSE","80","EAT",NA,"10·8"
"114","numerals-bent1238-1-ninety-1","numerals-bent1238-1","Chan2019","ninety","90","pɛ̀r tèːsǐm","pertesim",NA,"FALSE","10·9","EAT",NA,NA
"115","numerals-bent1238-1-hundred-1","numerals-bent1238-1","Chan2019","hundred","100","tɛ́ːmɛ́dɛ́rɛ̀","temedere","( < Fulfulde )","TRUE","100","EAT",NA,NA
"116","numerals-bent1238-1-twohundred-1","numerals-bent1238-1","Chan2019","twohundred","200","tɛ́ːmɛ́dɛ́rɛ̀ yěy","temedereyey","??","FALSE","100·2","EAT",NA,NA
"117","numerals-bent1238-1-thousand-1","numerals-bent1238-1","Chan2019","thousand","1000","mùsú","musu",NA,"FALSE","1000","EAT",NA,NA
"118","numerals-bent1238-1-twothousand-1","numerals-bent1238-1","Chan2019","twothousand","2000","mùsu yěy","musuyey","??","FALSE","1000·2","EAT",NA,NA
"119","numerals-bond1248-1-one-1","numerals-bond1248-1","Chan2019","one","1","tíí","tii","(túmɔ́ as a modifier)","FALSE","1","EAT",NA,NA
"120","numerals-bond1248-1-two-1","numerals-bond1248-1","Chan2019","two","2","néé","nee",NA,"FALSE","2","EAT",NA,NA
"121","numerals-bond1248-1-three-1","numerals-bond1248-1","Chan2019","three","3","tààndú","taandu",NA,"FALSE","3","EAT",NA,NA
"122","numerals-bond1248-1-four-1","numerals-bond1248-1","Chan2019","four","4","nǎy","nay",NA,"FALSE","4","EAT",NA,NA
"123","numerals-bond1248-1-five-1","numerals-bond1248-1","Chan2019","five","5","ǹnɔ́","nno",NA,"FALSE","5","EAT",NA,NA
"124","numerals-bond1248-1-six-1","numerals-bond1248-1","Chan2019","six","6","kúlóy","kuloy",NA,"FALSE","6","EAT",NA,NA
"125","numerals-bond1248-1-seven-1","numerals-bond1248-1","Chan2019","seven","7","sɔ́y","soy",NA,"FALSE","7","EAT",NA,NA
"126","numerals-bond1248-1-eight-1","numerals-bond1248-1","Chan2019","eight","8","ɡáɡìrà","gagira",NA,"FALSE","8","EAT",NA,NA
"127","numerals-bond1248-1-nine-1","numerals-bond1248-1","Chan2019","nine","9","túwwɔ́","tuwwo",NA,"FALSE","9","EAT",NA,NA
"128","numerals-bond1248-1-ten-1","numerals-bond1248-1","Chan2019","ten","10","pɛ́l","pel",NA,"FALSE","10","EAT",NA,NA
"129","numerals-bond1248-1-eleven-1","numerals-bond1248-1","Chan2019","eleven","11","pɛ́l-ɡó túrú-ɡó síɡɛ́","pelgoturugosige",NA,"FALSE","10{CL?}+1{CL?}{LIG}","EAT",NA,"LIG=more than"
"130","numerals-bond1248-1-twelve-1","numerals-bond1248-1","Chan2019","twelve","12","pɛ́l-ɡó néé-ɡó siɡɛ́","pelgoneegosige",NA,"FALSE","10{CL?}+2{CL?}{LIG}","EAT",NA,NA
"131","numerals-bond1248-1-thirteen-1","numerals-bond1248-1","Chan2019","thirteen","13","pɛ́l-ɡó tààndú-ɡó siɡɛ́","pelgotaandugosige",NA,"FALSE","10{CL?}+3{CL?}{LIG}","EAT",NA,NA
"132","numerals-bond1248-1-fourteen-1","numerals-bond1248-1","Chan2019","fourteen","14","pɛ́l-ɡó nǎy-ɡó siɡɛ́","pelgonaygosige",NA,"FALSE","10{CL?}+4{CL?}{LIG}","EAT",NA,NA
"133","numerals-bond1248-1-fifteen-1","numerals-bond1248-1","Chan2019","fifteen","15","pɛ́l-ɡó ǹnɔ́-ɡó siɡɛ́","pelgonnogosige",NA,"FALSE","10{CL?}+5{CL?}{LIG}","EAT",NA,NA
"134","numerals-bond1248-1-sixteen-1","numerals-bond1248-1","Chan2019","sixteen","16","pɛ́l-ɡó kúlóy-ɡó siɡɛ́","pelgokuloygosige",NA,"FALSE","10{CL?}+6{CL?}{LIG}","EAT",NA,NA
"135","numerals-bond1248-1-seventeen-1","numerals-bond1248-1","Chan2019","seventeen","17","pɛ́l-ɡó sɔ́y-ɡó siɡɛ́","pelgosoygosige",NA,"FALSE","10{CL?}+7{CL?}{LIG}","EAT",NA,NA
"136","numerals-bond1248-1-eighteen-1","numerals-bond1248-1","Chan2019","eighteen","18","pɛ́l-ɡó ɡáɡìrà-ɡó siɡɛ́","pelgogagiragosige",NA,"FALSE","10{CL?}+8{CL?}{LIG}","EAT",NA,NA
"137","numerals-bond1248-1-nineteen-1","numerals-bond1248-1","Chan2019","nineteen","19","pɛ́l-ɡó túwwɔ́-ɡó siɡɛ́","pelgotuwwogosige",NA,"FALSE","10{CL?}+9{CL?}{LIG}","EAT",NA,NA
"138","numerals-bond1248-1-twenty-1","numerals-bond1248-1","Chan2019","twenty","20","pɛ̀ɛ̀-néé","peenee",NA,"FALSE","10·2","EAT",NA,NA
"139","numerals-bond1248-1-twentyone-1","numerals-bond1248-1","Chan2019","twentyone","21","pɛ̀ɛ̀-néé túrú-ɡó síɡɛ́","peeneeturugosige",NA,"FALSE","(10·2)+1’{CL?}{LIG}","EAT",NA,NA
"140","numerals-bond1248-1-twentytwo-1","numerals-bond1248-1","Chan2019","twentytwo","22","pɛ̀ɛ̀-néé néé-ɡó síɡɛ́","peeneeneegosige",NA,"FALSE","(10·2)+2{CL?}{LIG}","EAT",NA,NA
"141","numerals-bond1248-1-twentythree-1","numerals-bond1248-1","Chan2019","twentythree","23","pɛ̀ɛ̀-néé tààndú-ɡó síɡɛ́","peeneetaandugosige",NA,"FALSE","(10·2)+3{CL?}{LIG}","EAT",NA,NA
"142","numerals-bond1248-1-twentyfour-1","numerals-bond1248-1","Chan2019","twentyfour","24","pɛ̀ɛ̀-néé nǎy-ɡó síɡɛ́","peeneenaygosige",NA,"FALSE","(10·2)+4{CL?}{LIG}","EAT",NA,NA
"143","numerals-bond1248-1-twentyfive-1","numerals-bond1248-1","Chan2019","twentyfive","25","pɛ̀ɛ̀-néé túrú-ɡó síɡɛ́","peeneeturugosige",NA,"FALSE","(10·2)+5{CL?}{LIG}","EAT",NA,NA
"144","numerals-bond1248-1-twentysix-1","numerals-bond1248-1","Chan2019","twentysix","26","pɛ̀ɛ̀-néé kúlóy-ɡó síɡɛ́","peeneekuloygosige",NA,"FALSE","(10·2)+6{CL?}{LIG}","EAT",NA,NA
"145","numerals-bond1248-1-twentyseven-1","numerals-bond1248-1","Chan2019","twentyseven","27","pɛ̀ɛ̀-néé sɔ́y-ɡó síɡɛ́","peeneesoygosige",NA,"FALSE","(10·2)+7{CL?}{LIG}","EAT",NA,NA
"146","numerals-bond1248-1-twentyeight-1","numerals-bond1248-1","Chan2019","twentyeight","28","pɛ̀ɛ̀-néé ɡáɡìrà-ɡó síɡɛ́","peeneegagiragosige",NA,"FALSE","(10·2)+8{CL?}{LIG}","EAT",NA,NA
"147","numerals-bond1248-1-twentynine-1","numerals-bond1248-1","Chan2019","twentynine","29","pɛ̀ɛ̀-néé túwwɔ́-ɡó síɡɛ́","peeneetuwwogosige",NA,"FALSE","(10·2)+9{CL?}{LIG}","EAT",NA,NA
"148","numerals-bond1248-1-thirty-1","numerals-bond1248-1","Chan2019","thirty","30","pɛ́l-tààndú","peltaandu",NA,"FALSE","10·3","EAT",NA,NA
"149","numerals-bond1248-1-forty-1","numerals-bond1248-1","Chan2019","forty","40","pɛ́l-này","pelnay",NA,"FALSE","10·4","EAT",NA,NA
"150","numerals-bond1248-1-fifty-1","numerals-bond1248-1","Chan2019","fifty","50","pɛ́l-ǹnɔ́","pelnno",NA,"FALSE","10·5","EAT",NA,NA
"151","numerals-bond1248-1-sixty-1","numerals-bond1248-1","Chan2019","sixty","60","pɛ́l kúlóy","pelkuloy",NA,"FALSE","10·6","EAT",NA,NA
"152","numerals-bond1248-1-seventy-1","numerals-bond1248-1","Chan2019","seventy","70","pɛ́l sóy","pelsoy",NA,"FALSE","10·7","EAT",NA,NA
"153","numerals-bond1248-1-eighty-1","numerals-bond1248-1","Chan2019","eighty","80","pɛ́-ɡáɡìrà","pegagira",NA,"FALSE","10·8","EAT",NA,NA
"154","numerals-bond1248-1-eighty-2","numerals-bond1248-1","Chan2019","eighty","80","kɛ̀ɛ̀-súm","keesum","(old )","FALSE","80","EAT",NA,NA
"155","numerals-bond1248-1-ninety-1","numerals-bond1248-1","Chan2019","ninety","90","pɛ́-túwwɔ́","petuwwo",NA,"FALSE","10·9","EAT",NA,NA
"156","numerals-bond1248-1-ninety-2","numerals-bond1248-1","Chan2019","ninety","90","kɛ̀ɛ̀-súm =le kɛ̀ɛ̀lɛ̀ pɛ́l","keesumlekeelepel",NA,"FALSE","80+{LIG'}10","EAT",NA,NA
"157","numerals-bond1248-1-hundred-1","numerals-bond1248-1","Chan2019","hundred","100","kɛ̀ɛ̀-súm =le pɛ̀ɛ̀-néé","keesumlepeenee",NA,"FALSE","80+{LIG}(10·2)","EAT",NA,NA
"158","numerals-bond1248-1-hundred-2","numerals-bond1248-1","Chan2019","hundred","100","tɛ́mɛ̀nd(r)ɛ̀","temendre","< Fula","TRUE","100","EAT",NA,NA
"159","numerals-bond1248-1-twohundred-1","numerals-bond1248-1","Chan2019","twohundred","200","tɛ́mɛ̀nd(r)ɛ̀ néé","temendrenee",NA,"FALSE","100·2","EAT",NA,NA
"160","numerals-bond1248-1-thousand-1","numerals-bond1248-1","Chan2019","thousand","1000","kɛ̀ɛ̀lɛ̀ mùnjó","keelemunjo","(formerly 800 )","FALSE","{LIG’?}1000","EAT",NA,NA
"161","numerals-bond1248-1-twothousand-1","numerals-bond1248-1","Chan2019","twothousand","2000","mùnjó nèè","munjonee",NA,"FALSE","1000·2","EAT",NA,NA
"162","numerals-dogu1235-1-one-1","numerals-dogu1235-1","Chan2019","one","1","tɔ̀mɔ̀","tomo",NA,"FALSE","1","EAT",NA,NA
"163","numerals-dogu1235-1-two-1","numerals-dogu1235-1","Chan2019","two","2","nééɡè","neege",NA,"FALSE","2","EAT",NA,NA
"164","numerals-dogu1235-1-three-1","numerals-dogu1235-1","Chan2019","three","3","táándù","taandu",NA,"FALSE","3","EAT",NA,NA
"165","numerals-dogu1235-1-four-1","numerals-dogu1235-1","Chan2019","four","4","kɛ́ɛ́sɔ̀","keeso",NA,"FALSE","4","EAT",NA,NA
"166","numerals-dogu1235-1-five-1","numerals-dogu1235-1","Chan2019","five","5","ǹó","no",NA,"FALSE","5","EAT",NA,NA
"167","numerals-dogu1235-1-six-1","numerals-dogu1235-1","Chan2019","six","6","kúlè","kule",NA,"FALSE","6","EAT",NA,NA
"168","numerals-dogu1235-1-seven-1","numerals-dogu1235-1","Chan2019","seven","7","sɔ́ɔ́wɛ̀","soowe",NA,"FALSE","7","EAT",NA,NA
"169","numerals-dogu1235-1-eight-1","numerals-dogu1235-1","Chan2019","eight","8","sèèlé","seele",NA,"FALSE","8","EAT",NA,NA
"170","numerals-dogu1235-1-nine-1","numerals-dogu1235-1","Chan2019","nine","9","tùùwɔ́","tuuwo",NA,"FALSE","9","EAT",NA,NA
"171","numerals-dogu1235-1-ten-1","numerals-dogu1235-1","Chan2019","ten","10","pɛ́ɛ̀l","peel",NA,"FALSE","10","EAT",NA,NA
"172","numerals-dogu1235-1-eleven-1","numerals-dogu1235-1","Chan2019","eleven","11","pɛ́l tɔ́mɔ̀sìɡà","peltomosiga",NA,"FALSE","10+1{LIG}","EAT",NA,"LIG=more"
"173","numerals-dogu1235-1-twelve-1","numerals-dogu1235-1","Chan2019","twelve","12","pɛ́l néɡèsìɡà","pelnegesiga",NA,"FALSE","10+2{LIG}","EAT",NA,NA
"174","numerals-dogu1235-1-thirteen-1","numerals-dogu1235-1","Chan2019","thirteen","13","pɛ́l tándùsìɡà","peltandusiga",NA,"FALSE","10+3{LIG}","EAT",NA,NA
"175","numerals-dogu1235-1-fourteen-1","numerals-dogu1235-1","Chan2019","fourteen","14","pɛ́l kɛ́sɔ́sìɡà","pelkesosiga",NA,"FALSE","10+4{LIG}","EAT",NA,NA
"176","numerals-dogu1235-1-fifteen-1","numerals-dogu1235-1","Chan2019","fifteen","15","pɛ́l ǹósìɡà","pelnosiga",NA,"FALSE","10+5{LIG}","EAT",NA,NA
"177","numerals-dogu1235-1-sixteen-1","numerals-dogu1235-1","Chan2019","sixteen","16","pɛ́l kúlèsìɡà","pelkulesiga",NA,"FALSE","10+6{LIG}","EAT",NA,NA
"178","numerals-dogu1235-1-seventeen-1","numerals-dogu1235-1","Chan2019","seventeen","17","pɛ́l sɔ́wɛ̀sìɡà","pelsowesiga",NA,"FALSE","10+7{LIG}","EAT",NA,NA
"179","numerals-dogu1235-1-eighteen-1","numerals-dogu1235-1","Chan2019","eighteen","18","pɛ́l sèlésìɡà","pelselesiga",NA,"FALSE","10+8{LIG}","EAT",NA,NA
"180","numerals-dogu1235-1-nineteen-1","numerals-dogu1235-1","Chan2019","nineteen","19","pɛ́l túwɔ́sìɡà","peltuwosiga",NA,"FALSE","10+9{LIG}","EAT",NA,NA
"181","numerals-dogu1235-1-twenty-1","numerals-dogu1235-1","Chan2019","twenty","20","pɛ́nééɡè","peneege",NA,"FALSE","10·2","EAT",NA,NA
"182","numerals-dogu1235-1-twentyone-1","numerals-dogu1235-1","Chan2019","twentyone","21","pɛ́nééɡè tɔ́mɔ̀sìɡà","peneegetomosiga",NA,"FALSE","(10·2)+1{LIG}","EAT",NA,NA
"183","numerals-dogu1235-1-twentytwo-1","numerals-dogu1235-1","Chan2019","twentytwo","22","pɛ́nééɡè néɡèsìɡà","peneegenegesiga",NA,"FALSE","(10·2)+2{LIG}","EAT",NA,NA
"184","numerals-dogu1235-1-twentythree-1","numerals-dogu1235-1","Chan2019","twentythree","23","pɛ́nééɡè tándùsìɡà","peneegetandusiga",NA,"FALSE","(10·2)+3{LIG}","EAT",NA,NA
"185","numerals-dogu1235-1-twentyfour-1","numerals-dogu1235-1","Chan2019","twentyfour","24","pɛ́nééɡè kɛ́sɔ́sìɡà","peneegekesosiga",NA,"FALSE","(10·2)+4{LIG}","EAT",NA,NA
"186","numerals-dogu1235-1-twentyfive-1","numerals-dogu1235-1","Chan2019","twentyfive","25","pɛ́nééɡè ǹósìɡà","peneegenosiga",NA,"FALSE","(10·2)+5{LIG}","EAT",NA,NA
"187","numerals-dogu1235-1-twentysix-1","numerals-dogu1235-1","Chan2019","twentysix","26","pɛ́nééɡè kúlèsìɡà","peneegekulesiga",NA,"FALSE","(10·2)+6{LIG}","EAT",NA,NA
"188","numerals-dogu1235-1-twentyseven-1","numerals-dogu1235-1","Chan2019","twentyseven","27","pɛ́nééɡè sɔ́wɛ̀sìɡà","peneegesowesiga",NA,"FALSE","(10·2)+7{LIG}","EAT",NA,NA
"189","numerals-dogu1235-1-twentyeight-1","numerals-dogu1235-1","Chan2019","twentyeight","28","pɛ́nééɡè sèlésìɡà","peneegeselesiga",NA,"FALSE","(10·2)+8{LIG}","EAT",NA,NA
"190","numerals-dogu1235-1-twentynine-1","numerals-dogu1235-1","Chan2019","twentynine","29","pɛ́nééɡè túwɔ́sìɡà","peneegetuwosiga",NA,"FALSE","(10·2)+9{LIG}","EAT",NA,NA
"191","numerals-dogu1235-1-thirty-1","numerals-dogu1235-1","Chan2019","thirty","30","pìráándù","piraandu",NA,"FALSE","10·3","EAT",NA,NA
"192","numerals-dogu1235-1-forty-1","numerals-dogu1235-1","Chan2019","forty","40","dɛ̀ɛ́","dee",NA,"FALSE","40","EAT",NA,NA
"193","numerals-dogu1235-1-fifty-1","numerals-dogu1235-1","Chan2019","fifty","50","pɛ́nnò","penno",NA,"FALSE","10·5","EAT",NA,NA
"194","numerals-dogu1235-1-sixty-1","numerals-dogu1235-1","Chan2019","sixty","60","pɛ̀l kùlé","pelkule",NA,"FALSE","10·6","EAT",NA,NA
"195","numerals-dogu1235-1-seventy-1","numerals-dogu1235-1","Chan2019","seventy","70","pɛ́l sɔ́ɔ́wɛ̀","pelsoowe",NA,"FALSE","10·7","EAT",NA,NA
"196","numerals-dogu1235-1-eighty-1","numerals-dogu1235-1","Chan2019","eighty","80","síìŋ","siing",NA,"FALSE","80","EAT",NA,NA
"197","numerals-dogu1235-1-eighty-2","numerals-dogu1235-1","Chan2019","eighty","80","pɛ́sèèlè","peseele",NA,"FALSE","10·8","EAT",NA,NA
"198","numerals-dogu1235-1-ninety-1","numerals-dogu1235-1","Chan2019","ninety","90","pɛ́ttùwà","pettuwa",NA,"FALSE","10·9","EAT",NA,NA
"199","numerals-dogu1235-1-ninety-2","numerals-dogu1235-1","Chan2019","ninety","90","síìŋ yàŋ kɛ̀lɛ̀pɛ́l","siingyangkelepel","( 80 + 10 )","FALSE","80+{LIG}10","EAT",NA,NA
"200","numerals-dogu1235-1-hundred-1","numerals-dogu1235-1","Chan2019","hundred","100","tɛ́mdɛ̀rɛ̀","temdere","( < Fulfulde )","TRUE","100","EAT",NA,NA
"201","numerals-dogu1235-1-twohundred-1","numerals-dogu1235-1","Chan2019","twohundred","200","tɛ́mdɛ̀ nééɡè","temdeneege",NA,"FALSE","100·2","EAT",NA,NA
"202","numerals-dogu1235-1-thousand-1","numerals-dogu1235-1","Chan2019","thousand","1000","múnjù","munju",NA,"FALSE","1000","EAT",NA,NA
"203","numerals-dogu1235-1-twothousand-1","numerals-dogu1235-1","Chan2019","twothousand","2000","múnjù nééɡè","munjuneege",NA,"FALSE","1000·2","EAT",NA,NA
"204","numerals-donn1239-1-one-1","numerals-donn1239-1","Chan2019","one","1","tí","ti","(for counting)","FALSE","1","EAT",NA,NA
"205","numerals-donn1239-1-one-2","numerals-donn1239-1","Chan2019","one","1","túru","turu",NA,"FALSE","1","EAT",NA,NA
"206","numerals-donn1239-1-two-1","numerals-donn1239-1","Chan2019","two","2","lɛ̀y","ley",NA,"FALSE","2","EAT",NA,NA
"207","numerals-donn1239-1-three-1","numerals-donn1239-1","Chan2019","three","3","tàːnu","tanu",NA,"FALSE","3","EAT",NA,NA
"208","numerals-donn1239-1-four-1","numerals-donn1239-1","Chan2019","four","4","này","nay",NA,"FALSE","4","EAT",NA,NA
"209","numerals-donn1239-1-five-1","numerals-donn1239-1","Chan2019","five","5","nùmoro","numoro",NA,"FALSE","5","EAT",NA,NA
"210","numerals-donn1239-1-five-2","numerals-donn1239-1","Chan2019","five","5","nnɔ","nno",NA,"FALSE","5","EAT",NA,NA
"211","numerals-donn1239-1-six-1","numerals-donn1239-1","Chan2019","six","6","kúlóy","kuloy",NA,"FALSE","6","EAT",NA,NA
"212","numerals-donn1239-1-six-2","numerals-donn1239-1","Chan2019","six","6","kulei","kulei",NA,"FALSE","6’","EAT",NA,NA
"213","numerals-donn1239-1-seven-1","numerals-donn1239-1","Chan2019","seven","7","sɔ̀y","soy",NA,"FALSE","7","EAT",NA,NA
"214","numerals-donn1239-1-eight-1","numerals-donn1239-1","Chan2019","eight","8","ɡàɡara","gagara",NA,"FALSE","8","EAT",NA,NA
"215","numerals-donn1239-1-nine-1","numerals-donn1239-1","Chan2019","nine","9","tùo","tuo",NA,"FALSE","9","EAT",NA,NA
"216","numerals-donn1239-1-nine-2","numerals-donn1239-1","Chan2019","nine","9","tuɡɔ","tugo",NA,"FALSE","9’","EAT",NA,NA
"217","numerals-donn1239-1-ten-1","numerals-donn1239-1","Chan2019","ten","10","pɛ́lu","pelu",NA,"FALSE","10","EAT",NA,NA
"218","numerals-donn1239-1-eleven-1","numerals-donn1239-1","Chan2019","eleven","11","pɛ́lu túru siɡɛ́","peluturusige",NA,"FALSE","10+1{LIG}","EAT",NA,NA
"219","numerals-donn1239-1-twelve-1","numerals-donn1239-1","Chan2019","twelve","12","pɛ́lu léi siɡɛ́","peluleisige",NA,"FALSE","10+2{LIG}","EAT",NA,NA
"220","numerals-donn1239-1-thirteen-1","numerals-donn1239-1","Chan2019","thirteen","13","pɛ́lu táánú siɡɛ́","pelutaanusige",NA,"FALSE","10+3{LIG}","EAT",NA,NA
"221","numerals-donn1239-1-fourteen-1","numerals-donn1239-1","Chan2019","fourteen","14","pɛ́lu náí siɡɛ́","pelunaisige",NA,"FALSE","10+4{LIG}","EAT",NA,NA
"222","numerals-donn1239-1-fifteen-1","numerals-donn1239-1","Chan2019","fifteen","15","pɛ́lu númɔ́rɔ́n siɡɛ́","pelunumoronsige",NA,"FALSE","10+5{LIG}","EAT",NA,NA
"223","numerals-donn1239-1-sixteen-1","numerals-donn1239-1","Chan2019","sixteen","16","pɛ́lu kúlóí siɡɛ́","pelukuloisige",NA,"FALSE","10+6{LIG}","EAT",NA,NA
"224","numerals-donn1239-1-seventeen-1","numerals-donn1239-1","Chan2019","seventeen","17","pɛ́lu sɔ́í siɡɛ́","pelusoisige",NA,"FALSE","10+7{LIG}","EAT",NA,NA
"225","numerals-donn1239-1-eighteen-1","numerals-donn1239-1","Chan2019","eighteen","18","pɛ́lu ɡáɡárá siɡɛ́","pelugagarasige",NA,"FALSE","10+8{LIG}","EAT",NA,NA
"226","numerals-donn1239-1-nineteen-1","numerals-donn1239-1","Chan2019","nineteen","19","pɛ́lu túwɔ́ siɡɛ́","pelutuwosige",NA,"FALSE","10+9{LIG}","EAT",NA,NA
"227","numerals-donn1239-1-twenty-1","numerals-donn1239-1","Chan2019","twenty","20","pɛ́lu lɛ̀y","peluley",NA,"FALSE","10·2","EAT",NA,NA
"228","numerals-donn1239-1-twenty-2","numerals-donn1239-1","Chan2019","twenty","20","pɛ́llɛy","pelley",NA,"FALSE","10·2","EAT",NA,NA
"229","numerals-donn1239-1-twentyone-1","numerals-donn1239-1","Chan2019","twentyone","21","pɛ́llɛy túru siɡɛ́","pelleyturusige",NA,"FALSE","(10·2)+1{LIG}","EAT",NA,NA
"230","numerals-donn1239-1-twentytwo-1","numerals-donn1239-1","Chan2019","twentytwo","22","pɛ́llɛy lɛ̀y siɡɛ́","pelleyleysige",NA,"FALSE","(10·2)+2{LIG}","EAT",NA,NA
"231","numerals-donn1239-1-twentythree-1","numerals-donn1239-1","Chan2019","twentythree","23","pɛ́llɛy táánúsiɡɛ","pelleytaanusige",NA,"FALSE","(10·2)+3{LIG}","EAT",NA,NA
"232","numerals-donn1239-1-twentyfour-1","numerals-donn1239-1","Chan2019","twentyfour","24","pɛ́llɛy náísiɡɛ","pelleynaisige",NA,"FALSE","(10·2)+4{LIG}","EAT",NA,NA
"233","numerals-donn1239-1-twentyfive-1","numerals-donn1239-1","Chan2019","twentyfive","25","pɛ́llɛy númɔ́rɔ́nsiɡɛ","pelleynumoronsige",NA,"FALSE","(10·2)+5{LIG}","EAT",NA,NA
"234","numerals-donn1239-1-twentysix-1","numerals-donn1239-1","Chan2019","twentysix","26","pɛ́llɛy kúlóísiɡɛ","pelleykuloisige",NA,"FALSE","(10·2)+6{LIG}","EAT",NA,NA
"235","numerals-donn1239-1-twentyseven-1","numerals-donn1239-1","Chan2019","twentyseven","27","pɛ́llɛy sɔ́ísiɡɛ","pelleysoisige",NA,"FALSE","(10·2)+7{LIG}","EAT",NA,NA
"236","numerals-donn1239-1-twentyeight-1","numerals-donn1239-1","Chan2019","twentyeight","28","pɛ́llɛy ɡáɡárásiɡɛ","pelleygagarasige",NA,"FALSE","(10·2)+8{LIG}","EAT",NA,NA
"237","numerals-donn1239-1-twentynine-1","numerals-donn1239-1","Chan2019","twentynine","29","pɛ́llɛy túwɔ́siɡɛ","pelleytuwosige",NA,"FALSE","(10·2)+9{LIG}","EAT",NA,NA
"238","numerals-donn1239-1-thirty-1","numerals-donn1239-1","Chan2019","thirty","30","pɛ́lu tàːnu","pelutanu",NA,"FALSE","10·3","EAT",NA,NA
"239","numerals-donn1239-1-thirty-2","numerals-donn1239-1","Chan2019","thirty","30","pɛ́ːtàːnu","petanu",NA,"FALSE","10·3","EAT",NA,NA
"240","numerals-donn1239-1-forty-1","numerals-donn1239-1","Chan2019","forty","40","pɛ́lu này","pelunay",NA,"FALSE","10·4","EAT",NA,NA
"241","numerals-donn1239-1-forty-2","numerals-donn1239-1","Chan2019","forty","40","pɛ́nnay","pennay",NA,"FALSE","10·4","EAT",NA,NA
"242","numerals-donn1239-1-fifty-1","numerals-donn1239-1","Chan2019","fifty","50","pɛ́lu númɔ́rɔ́n","pelunumoron",NA,"FALSE","10·5","EAT",NA,NA
"243","numerals-donn1239-1-sixty-1","numerals-donn1239-1","Chan2019","sixty","60","pɛ́lu kúlóí","pelukuloi",NA,"FALSE","10·6","EAT",NA,NA
"244","numerals-donn1239-1-seventy-1","numerals-donn1239-1","Chan2019","seventy","70","pɛ́lu sɔ́í","pelusoi",NA,"FALSE","10·7","EAT",NA,NA
"245","numerals-donn1239-1-eighty-1","numerals-donn1239-1","Chan2019","eighty","80","súŋu","sungu",NA,"FALSE","80","EAT",NA,NA
"246","numerals-donn1239-1-ninety-1","numerals-donn1239-1","Chan2019","ninety","90","súŋu le pɛ́llu","sungulepellu","( 80 + 10 )","FALSE","80+{LIG’}10","EAT",NA,NA
"247","numerals-donn1239-1-hundred-1","numerals-donn1239-1","Chan2019","hundred","100","súŋú le pɛ́llɛy","sungulepelley","( 80 + 20 )","FALSE","80+{LIG’}20","EAT",NA,NA
"248","numerals-donn1239-1-twohundred-1","numerals-donn1239-1","Chan2019","twohundred","200","súŋu lɛ̀y pɛ́nnay","sunguleypennay","[( 80 x 2 ) + 40 ]","FALSE","(80·2)+10·4","EAT",NA,NA
"249","numerals-donn1239-1-thousand-1","numerals-donn1239-1","Chan2019","thousand","1000","mùɲu súŋu lɛ̀y pɛ́nnay","munusunguleypennay","( 800 + 200 )","FALSE","5·((80·2)+10·4)","EAT",NA,NA
"250","numerals-donn1239-1-twothousand-1","numerals-donn1239-1","Chan2019","twothousand","2000","mùɲú lɛ̀y súŋu nnɔ","munuleysungunno","( 1600 + 400 )","FALSE","?","EAT",NA,"configuration of 5,2,80,5 is not equal to 2000; 5·80·5 would"
"251","numerals-jams1239-1-one-1","numerals-jams1239-1","Chan2019","one","1","túrú","turu",NA,"FALSE","1","EAT",NA,NA
"252","numerals-jams1239-1-two-1","numerals-jams1239-1","Chan2019","two","2","lɛ̌y","ley",NA,"FALSE","2","EAT",NA,NA
"253","numerals-jams1239-1-two-2","numerals-jams1239-1","Chan2019","two","2","lɛ̀y","ley",NA,"FALSE","2","EAT",NA,NA
"254","numerals-jams1239-1-three-1","numerals-jams1239-1","Chan2019","three","3","tǎːn","tan",NA,"FALSE","3","EAT",NA,NA
"255","numerals-jams1239-1-three-2","numerals-jams1239-1","Chan2019","three","3","tàːn","tan",NA,"FALSE","3","EAT",NA,NA
"256","numerals-jams1239-1-four-1","numerals-jams1239-1","Chan2019","four","4","nǎyⁿ","nayn",NA,"FALSE","4","EAT",NA,NA
"257","numerals-jams1239-1-four-2","numerals-jams1239-1","Chan2019","four","4","nàyⁿ","nayn","( *)","FALSE","4","EAT",NA,NA
"258","numerals-jams1239-1-five-1","numerals-jams1239-1","Chan2019","five","5","nǔːyⁿ","nuyn",NA,"FALSE","5","EAT",NA,NA
"259","numerals-jams1239-1-five-2","numerals-jams1239-1","Chan2019","five","5","nùːyⁿ","nuyn",NA,"FALSE","5","EAT",NA,NA
"260","numerals-jams1239-1-six-1","numerals-jams1239-1","Chan2019","six","6","kúróy","kuroy",NA,"FALSE","6","EAT",NA,NA
"261","numerals-jams1239-1-seven-1","numerals-jams1239-1","Chan2019","seven","7","sûyⁿ","suyn",NA,"FALSE","7","EAT",NA,NA
"262","numerals-jams1239-1-eight-1","numerals-jams1239-1","Chan2019","eight","8","ɡáːrà","gara",NA,"FALSE","8","EAT",NA,NA
"263","numerals-jams1239-1-nine-1","numerals-jams1239-1","Chan2019","nine","9","láːrúwà","laruwa",NA,"FALSE","9","EAT",NA,NA
"264","numerals-jams1239-1-nine-2","numerals-jams1239-1","Chan2019","nine","9","láːrwà","larwa",NA,"FALSE","9","EAT",NA,NA
"265","numerals-jams1239-1-ten-1","numerals-jams1239-1","Chan2019","ten","10","pɛ́rú","peru",NA,"FALSE","10","EAT",NA,NA
"266","numerals-jams1239-1-eleven-1","numerals-jams1239-1","Chan2019","eleven","11","pɛ́rɛ́ túrú sáɣà","pereturusaga","(litː one plus )","FALSE","10+1{LIG}","EAT",NA,NA
"267","numerals-jams1239-1-twelve-1","numerals-jams1239-1","Chan2019","twelve","12","pɛ́rɛ́ lɛ̀y sáɣà","pereleysaga",NA,"FALSE","10+2{LIG}","EAT",NA,NA
"268","numerals-jams1239-1-thirteen-1","numerals-jams1239-1","Chan2019","thirteen","13","pɛ́rɛ́ tàːn sáɣà","peretansaga",NA,"FALSE","10+3{LIG}","EAT",NA,NA
"269","numerals-jams1239-1-fourteen-1","numerals-jams1239-1","Chan2019","fourteen","14","pɛ́rɛ́ nàyⁿ sáɣà","perenaynsaga",NA,"FALSE","10+4{LIG}","EAT",NA,NA
"270","numerals-jams1239-1-fifteen-1","numerals-jams1239-1","Chan2019","fifteen","15","pɛ́rɛ́ nùːyⁿ sáɣà","perenuynsaga",NA,"FALSE","10+5{LIG}","EAT",NA,NA
"271","numerals-jams1239-1-sixteen-1","numerals-jams1239-1","Chan2019","sixteen","16","pɛ́rɛ́ kúróy sáɣà","perekuroysaga",NA,"FALSE","10+6{LIG}","EAT",NA,NA
"272","numerals-jams1239-1-seventeen-1","numerals-jams1239-1","Chan2019","seventeen","17","pɛ́rɛ́ sûyⁿ sáɣà","peresuynsaga",NA,"FALSE","10+7{LIG}","EAT",NA,NA
"273","numerals-jams1239-1-eighteen-1","numerals-jams1239-1","Chan2019","eighteen","18","pɛ́rɛ́ ɡáːrà sáɣà","peregarasaga",NA,"FALSE","10+8{LIG}","EAT",NA,NA
"274","numerals-jams1239-1-nineteen-1","numerals-jams1239-1","Chan2019","nineteen","19","pɛ́rɛ́ láːrúwà sáɣà","perelaruwasaga",NA,"FALSE","10+9{LIG}","EAT",NA,NA
"275","numerals-jams1239-1-twenty-1","numerals-jams1239-1","Chan2019","twenty","20","pɛ́l-lɛ̀y","pelley",NA,"FALSE","10·2","EAT",NA,NA
"276","numerals-jams1239-1-twentyone-1","numerals-jams1239-1","Chan2019","twentyone","21","pɛ́l-lɛ̀y túrú sáɣà","pelleyturusaga",NA,"FALSE","(10·2)+1{LIG}","EAT",NA,NA
"277","numerals-jams1239-1-twentytwo-1","numerals-jams1239-1","Chan2019","twentytwo","22","pɛ́l-lɛ̀y lɛ̀y sáɣà","pelleyleysaga",NA,"FALSE","(10·2)+2{LIG}","EAT",NA,NA
"278","numerals-jams1239-1-twentythree-1","numerals-jams1239-1","Chan2019","twentythree","23","pɛ́l-lɛ̀y tàːn sáɣà","pelleytansaga",NA,"FALSE","(10·2)+3{LIG}","EAT",NA,NA
"279","numerals-jams1239-1-twentyfour-1","numerals-jams1239-1","Chan2019","twentyfour","24","pɛ́l-lɛ̀y nàyⁿ sáɣà","pelleynaynsaga",NA,"FALSE","(10·2)+4{LIG}","EAT",NA,NA
"280","numerals-jams1239-1-twentyfive-1","numerals-jams1239-1","Chan2019","twentyfive","25","pɛ́l-lɛ̀y nùːyⁿ sáɣà","pelleynuynsaga",NA,"FALSE","(10·2)+5{LIG}","EAT",NA,NA
"281","numerals-jams1239-1-twentysix-1","numerals-jams1239-1","Chan2019","twentysix","26","pɛ́l-lɛ̀y kúróy sáɣà","pelleykuroysaga",NA,"FALSE","(10·2)+6{LIG}","EAT",NA,NA
"282","numerals-jams1239-1-twentyseven-1","numerals-jams1239-1","Chan2019","twentyseven","27","pɛ́l-lɛ̀y sûyⁿ sáɣà","pelleysuynsaga",NA,"FALSE","(10·2)+7{LIG}","EAT",NA,NA
"283","numerals-jams1239-1-twentyeight-1","numerals-jams1239-1","Chan2019","twentyeight","28","pɛ́l-lɛ̀y ɡáːrà sáɣà","pelleygarasaga",NA,"FALSE","(10·2)+8{LIG}","EAT",NA,NA
"284","numerals-jams1239-1-twentynine-1","numerals-jams1239-1","Chan2019","twentynine","29","pɛ́l-lɛ̀y láːrúwà sáɣà","pelleylaruwasaga",NA,"FALSE","(10·2)+9{LIG}","EAT",NA,NA
"285","numerals-jams1239-1-thirty-1","numerals-jams1239-1","Chan2019","thirty","30","pɛ́t-tàːn","pettan",NA,"FALSE","10·3","EAT",NA,NA
"286","numerals-jams1239-1-forty-1","numerals-jams1239-1","Chan2019","forty","40","pɛ́n-nàyⁿ","pennayn",NA,"FALSE","10·4","EAT",NA,NA
"287","numerals-jams1239-1-fifty-1","numerals-jams1239-1","Chan2019","fifty","50","pɛ́n-nùːyⁿ","pennuyn",NA,"FALSE","10·5","EAT",NA,NA
"288","numerals-jams1239-1-sixty-1","numerals-jams1239-1","Chan2019","sixty","60","pɛ̀rù-kúróy","perukuroy",NA,"FALSE","10·6","EAT",NA,NA
"289","numerals-jams1239-1-seventy-1","numerals-jams1239-1","Chan2019","seventy","70","pɛ̀ru sûyⁿ","perusuyn",NA,"FALSE","10·7","EAT",NA,NA
"290","numerals-jams1239-1-eighty-1","numerals-jams1239-1","Chan2019","eighty","80","pɛ̀rù-ɡáːrà","perugara",NA,"FALSE","10·8","EAT",NA,NA
"291","numerals-jams1239-1-eighty-2","numerals-jams1239-1","Chan2019","eighty","80","dɔ̀ɣɔ̀-sǔŋ","dogosung",NA,"FALSE","80","EAT",NA,"10·8"
"292","numerals-jams1239-1-ninety-1","numerals-jams1239-1","Chan2019","ninety","90","pɛ̀l-láːrúwà","pellaruwa",NA,"FALSE","10·9","EAT",NA,NA
"293","numerals-jams1239-1-ninety-2","numerals-jams1239-1","Chan2019","ninety","90","pɛ̀l-láːrwà","pellarwa",NA,"FALSE","10·9","EAT",NA,NA
"294","numerals-jams1239-1-hundred-1","numerals-jams1239-1","Chan2019","hundred","100","sǔŋ","sung",NA,"FALSE","100","EAT",NA,NA
"295","numerals-jams1239-1-hundred-2","numerals-jams1239-1","Chan2019","hundred","100","tɛ́ːmɛ́dɛ́rɛ̀","temedere","( < Fulfulde )","TRUE","100’","EAT",NA,NA
"296","numerals-jams1239-1-twohundred-1","numerals-jams1239-1","Chan2019","twohundred","200","tɛ́ːmɛ́dɛ̂r lɛ̀y","temederley",NA,"FALSE","100·2","EAT",NA,NA
"297","numerals-jams1239-1-thousand-1","numerals-jams1239-1","Chan2019","thousand","1000","mùɲú","munu",NA,"FALSE","1000","EAT",NA,NA
"298","numerals-jams1239-1-twothousand-1","numerals-jams1239-1","Chan2019","twothousand","2000","mùɲú lɛ̀y","munuley",NA,"FALSE","1000·2","EAT",NA,NA
"299","numerals-momb1254-1-one-1","numerals-momb1254-1","Chan2019","one","1","yɛ̀ːtáːŋɡù","yetanggu",NA,"FALSE","1","EAT",NA,NA
"300","numerals-momb1254-1-one-2","numerals-momb1254-1","Chan2019","one","1","tíːtà","tita","(in counting)","FALSE","1'","EAT",NA,NA
"301","numerals-momb1254-1-two-1","numerals-momb1254-1","Chan2019","two","2","nɛ́ːŋɡá","nengga",NA,"FALSE","2","EAT",NA,NA
"302","numerals-momb1254-1-three-1","numerals-momb1254-1","Chan2019","three","3","táːndì","tandi",NA,"FALSE","3","EAT",NA,NA
"303","numerals-momb1254-1-four-1","numerals-momb1254-1","Chan2019","four","4","kɛ́ːjɔ́","kejo",NA,"FALSE","4","EAT",NA,NA
"304","numerals-momb1254-1-five-1","numerals-momb1254-1","Chan2019","five","5","núːmù","numu",NA,"FALSE","5","EAT",NA,NA
"305","numerals-momb1254-1-six-1","numerals-momb1254-1","Chan2019","six","6","kúléyⁿ","kuleyn",NA,"FALSE","6","EAT",NA,NA
"306","numerals-momb1254-1-seven-1","numerals-momb1254-1","Chan2019","seven","7","sɔ́ːlì","soli",NA,"FALSE","7","EAT",NA,NA
"307","numerals-momb1254-1-eight-1","numerals-momb1254-1","Chan2019","eight","8","séːlè","sele",NA,"FALSE","8","EAT",NA,NA
"308","numerals-momb1254-1-nine-1","numerals-momb1254-1","Chan2019","nine","9","tóːwà","towa",NA,"FALSE","9","EAT",NA,NA
"309","numerals-momb1254-1-ten-1","numerals-momb1254-1","Chan2019","ten","10","pɛ́ːlù","pelu",NA,"FALSE","10","EAT",NA,NA
"310","numerals-momb1254-1-eleven-1","numerals-momb1254-1","Chan2019","eleven","11","pɛ́ːlú yɛ̀ː táːŋɡá súɡɔ́","peluyetanggasugo",NA,"FALSE","10+1{LIG}","EAT",NA,NA
"311","numerals-momb1254-1-twelve-1","numerals-momb1254-1","Chan2019","twelve","12","pɛ́ːlú nɛ́ːŋɡá súɡɔ́","pelunenggasugo",NA,"FALSE","10+2{LIG}","EAT",NA,NA
"312","numerals-momb1254-1-thirteen-1","numerals-momb1254-1","Chan2019","thirteen","13","pɛ́ːlú táːndì súɡɔ́","pelutandisugo",NA,"FALSE","10+3{LIG}","EAT",NA,NA
"313","numerals-momb1254-1-fourteen-1","numerals-momb1254-1","Chan2019","fourteen","14","pɛ́ːlú kɛ́ːjɔ́ súɡɔ́","pelukejosugo",NA,"FALSE","10+4{LIG}","EAT",NA,NA
"314","numerals-momb1254-1-fifteen-1","numerals-momb1254-1","Chan2019","fifteen","15","pɛ́ːlú núːmù súɡɔ́","pelunumusugo",NA,"FALSE","10+5{LIG}","EAT",NA,NA
"315","numerals-momb1254-1-sixteen-1","numerals-momb1254-1","Chan2019","sixteen","16","pɛ́ːlú kúléyⁿ súɡɔ́","pelukuleynsugo",NA,"FALSE","10+6{LIG}","EAT",NA,NA
"316","numerals-momb1254-1-seventeen-1","numerals-momb1254-1","Chan2019","seventeen","17","pɛ́ːlú sɔ́ːlì súɡɔ́","pelusolisugo",NA,"FALSE","10+7{LIG}","EAT",NA,NA
"317","numerals-momb1254-1-eighteen-1","numerals-momb1254-1","Chan2019","eighteen","18","pɛ́ːlú séːlè súɡɔ́","peluselesugo",NA,"FALSE","10+8{LIG}","EAT",NA,NA
"318","numerals-momb1254-1-nineteen-1","numerals-momb1254-1","Chan2019","nineteen","19","pɛ́rɛ́ tóːwà súɡɔ́","peretowasugo",NA,"FALSE","10+9{LIG}","EAT",NA,NA
"319","numerals-momb1254-1-twenty-1","numerals-momb1254-1","Chan2019","twenty","20","pɛ́ːnɛ́ːŋɡá","penengga",NA,"FALSE","10·2","EAT",NA,NA
"320","numerals-momb1254-1-twentyone-1","numerals-momb1254-1","Chan2019","twentyone","21","pɛ́ːnɛ́ːŋɡá yɛ̀ː táːŋɡá súɡɔ́","penenggayetanggasugo",NA,"FALSE","(10·2)+1{LIG}","EAT",NA,NA
"321","numerals-momb1254-1-twentytwo-1","numerals-momb1254-1","Chan2019","twentytwo","22","pɛ́ːnɛ́ːŋɡá nɛ́ːŋɡá súɡɔ́","penengganenggasugo",NA,"FALSE","(10·2)+2{LIG}","EAT",NA,NA
"322","numerals-momb1254-1-twentythree-1","numerals-momb1254-1","Chan2019","twentythree","23","pɛ́ːnɛ́ːŋɡá táːndì súɡɔ́","penenggatandisugo",NA,"FALSE","(10·2)+3{LIG}","EAT",NA,NA
"323","numerals-momb1254-1-twentyfour-1","numerals-momb1254-1","Chan2019","twentyfour","24","pɛ́ːnɛ́ːŋɡá kɛ́ːjɔ́ súɡɔ́","penenggakejosugo",NA,"FALSE","(10·2)+4{LIG}","EAT",NA,NA
"324","numerals-momb1254-1-twentyfive-1","numerals-momb1254-1","Chan2019","twentyfive","25","pɛ́ːnɛ́ːŋɡá núːmù súɡɔ́","penengganumusugo",NA,"FALSE","(10·2)+5{LIG}","EAT",NA,NA
"325","numerals-momb1254-1-twentysix-1","numerals-momb1254-1","Chan2019","twentysix","26","pɛ́ːnɛ́ːŋɡá kúléyⁿ súɡɔ́","penenggakuleynsugo",NA,"FALSE","(10·2)+6{LIG}","EAT",NA,NA
"326","numerals-momb1254-1-twentyseven-1","numerals-momb1254-1","Chan2019","twentyseven","27","pɛ́ːnɛ́ːŋɡá sɔ́ːlì súɡɔ́","penenggasolisugo",NA,"FALSE","(10·2)+{LIG}7","EAT",NA,NA
"327","numerals-momb1254-1-twentyeight-1","numerals-momb1254-1","Chan2019","twentyeight","28","pɛ́ːnɛ́ːŋɡá séːlè súɡɔ́","penenggaselesugo",NA,"FALSE","(10·2)+{LIG}8","EAT",NA,NA
"328","numerals-momb1254-1-twentynine-1","numerals-momb1254-1","Chan2019","twentynine","29","pɛ́ːnɛ́ːŋɡá tóːwà súɡɔ́","penenggatowasugo",NA,"FALSE","(10·2)+{LIG}9","EAT",NA,NA
"329","numerals-momb1254-1-thirty-1","numerals-momb1254-1","Chan2019","thirty","30","pɛ́ːtáːndì","petandi",NA,"FALSE","10·3","EAT",NA,NA
"330","numerals-momb1254-1-forty-1","numerals-momb1254-1","Chan2019","forty","40","dɛ̂ː","de",NA,"FALSE","40","EAT",NA,NA
"331","numerals-momb1254-1-fifty-1","numerals-momb1254-1","Chan2019","fifty","50","dɛ̀ː ndò pèːlú","dendopelu",NA,"FALSE","40+{LIG'}10","EAT",NA,NA
"332","numerals-momb1254-1-sixty-1","numerals-momb1254-1","Chan2019","sixty","60","pɛ́ːlú kúléyⁿ","pelukuleyn",NA,"FALSE","10·6","EAT",NA,NA
"333","numerals-momb1254-1-seventy-1","numerals-momb1254-1","Chan2019","seventy","70","síŋɡì pɛ́ːlú ólyâː","singgipeluolya","( 80 - 10 ? )","FALSE","80-10{LIG”}","EAT",NA,NA
"334","numerals-momb1254-1-eighty-1","numerals-momb1254-1","Chan2019","eighty","80","síŋɡì","singgi",NA,"FALSE","80","EAT",NA,NA
"335","numerals-momb1254-1-ninety-1","numerals-momb1254-1","Chan2019","ninety","90","síŋɡì ndò pɛ́ːlú","singgindopelu","( 80 + 10 )","FALSE","80+{LIG'}10","EAT",NA,NA
"336","numerals-momb1254-1-hundred-1","numerals-momb1254-1","Chan2019","hundred","100","síŋɡì ndò pɛ̀ː-nɛ́ːŋɡá","singgindopenengga","( 80 + 20 )","FALSE","80+{LIG}(10·2)","EAT",NA,NA
"337","numerals-momb1254-1-twohundred-1","numerals-momb1254-1","Chan2019","twohundred","200","tɛ́mdɛ́rɛ́ nɛ́ŋɡá","temderenengga",NA,"FALSE","100·2","EAT",NA,NA
"338","numerals-momb1254-1-thousand-1","numerals-momb1254-1","Chan2019","thousand","1000","múnjù","munju",NA,"FALSE","1000","EAT",NA,NA
"339","numerals-momb1254-1-thousand-2","numerals-momb1254-1","Chan2019","thousand","1000","sìlá múnju","silamunju",NA,"FALSE","1”·1000","EAT",NA,NA
"340","numerals-momb1254-1-twothousand-1","numerals-momb1254-1","Chan2019","twothousand","2000","múnjù nɛ́ːŋɡà","munjunengga",NA,"FALSE","1000·2","EAT",NA,NA
"341","numerals-nang1261-1-one-1","numerals-nang1261-1","Chan2019","one","1","tùmâ","tuma",NA,"FALSE","1","EAT",NA,NA
"342","numerals-nang1261-1-two-1","numerals-nang1261-1","Chan2019","two","2","wǒj","woj",NA,"FALSE","2","EAT",NA,NA
"343","numerals-nang1261-1-three-1","numerals-nang1261-1","Chan2019","three","3","tàːndǐː","tandi",NA,"FALSE","3","EAT",NA,NA
"344","numerals-nang1261-1-four-1","numerals-nang1261-1","Chan2019","four","4","nɔ̌jⁿ","nojn",NA,"FALSE","4","EAT",NA,NA
"345","numerals-nang1261-1-five-1","numerals-nang1261-1","Chan2019","five","5","nìmǐː","nimi",NA,"FALSE","5","EAT",NA,NA
"346","numerals-nang1261-1-six-1","numerals-nang1261-1","Chan2019","six","6","kúrê","kure",NA,"FALSE","6","EAT",NA,NA
"347","numerals-nang1261-1-seven-1","numerals-nang1261-1","Chan2019","seven","7","sújɛ̂","suje",NA,"FALSE","7","EAT",NA,NA
"348","numerals-nang1261-1-eight-1","numerals-nang1261-1","Chan2019","eight","8","ɡáːrɛ̀","gare",NA,"FALSE","8","EAT",NA,NA
"349","numerals-nang1261-1-nine-1","numerals-nang1261-1","Chan2019","nine","9","tèːsǐː","tesi",NA,"FALSE","9","EAT",NA,NA
"350","numerals-nang1261-1-ten-1","numerals-nang1261-1","Chan2019","ten","10","pɛ́ːrú","peru",NA,"FALSE","10","EAT",NA,NA
"351","numerals-nang1261-1-eleven-1","numerals-nang1261-1","Chan2019","eleven","11","pɛ̂ːr tùmâ sáɡâ","pertumasaga",NA,"FALSE","10+1{LIG}","EAT",NA,"LIG=more than"
"352","numerals-nang1261-1-twelve-1","numerals-nang1261-1","Chan2019","twelve","12","pɛ̂ːr wǒj sáɡâ","perwojsaga",NA,"FALSE","10+2{LIG}","EAT",NA,NA
"353","numerals-nang1261-1-thirteen-1","numerals-nang1261-1","Chan2019","thirteen","13","pɛ̂ːr tàːndǐː sáɡâ","pertandisaga",NA,"FALSE","10+3{LIG}","EAT",NA,NA
"354","numerals-nang1261-1-fourteen-1","numerals-nang1261-1","Chan2019","fourteen","14","pɛ̂ːr nɔ̌jⁿ sáɡâ","pernojnsaga",NA,"FALSE","10+4{LIG}","EAT",NA,NA
"355","numerals-nang1261-1-fifteen-1","numerals-nang1261-1","Chan2019","fifteen","15","pɛ̂ːr nìmǐː sáɡâ","pernimisaga",NA,"FALSE","10+5{LIG}","EAT",NA,NA
"356","numerals-nang1261-1-sixteen-1","numerals-nang1261-1","Chan2019","sixteen","16","pɛ̂ːr kúrê sáɡâ","perkuresaga",NA,"FALSE","10+6{LIG}","EAT",NA,NA
"357","numerals-nang1261-1-seventeen-1","numerals-nang1261-1","Chan2019","seventeen","17","pɛ̂ːr sújɛ̂ sáɡâ","persujesaga",NA,"FALSE","10+7{LIG}","EAT",NA,NA
"358","numerals-nang1261-1-eighteen-1","numerals-nang1261-1","Chan2019","eighteen","18","pɛ̂ːr ɡáːrɛ̀ sáɡâ","pergaresaga",NA,"FALSE","10+8{LIG}","EAT",NA,NA
"359","numerals-nang1261-1-nineteen-1","numerals-nang1261-1","Chan2019","nineteen","19","pɛ̂ːr tèːsǐː sáɡâ","pertesisaga",NA,"FALSE","10+9{LIG}","EAT",NA,NA
"360","numerals-nang1261-1-twenty-1","numerals-nang1261-1","Chan2019","twenty","20","pɛ̀rí jěj","perijej",NA,"FALSE","10·2'","EAT",NA,NA
"361","numerals-nang1261-1-twentyone-1","numerals-nang1261-1","Chan2019","twentyone","21","pɛ̀rí jěj tùmâ sáɡâ","perijejtumasaga","??","FALSE","(10·2’)+1{LIG}","EAT",NA,NA
"362","numerals-nang1261-1-twentytwo-1","numerals-nang1261-1","Chan2019","twentytwo","22","pɛ̀rí jěj wǒj sáɡâ","perijejwojsaga",NA,"FALSE","(10·2’)+2{LIG}","EAT",NA,NA
"363","numerals-nang1261-1-twentythree-1","numerals-nang1261-1","Chan2019","twentythree","23","pɛ̀rí jěj tàːndǐː sáɡâ","perijejtandisaga",NA,"FALSE","(10·2’)+3{LIG}","EAT",NA,NA
"364","numerals-nang1261-1-twentyfour-1","numerals-nang1261-1","Chan2019","twentyfour","24","pɛ̀rí jěj nɔ̌jⁿ sáɡâ","perijejnojnsaga",NA,"FALSE","(10·2’)+4{LIG}","EAT",NA,NA
"365","numerals-nang1261-1-twentyfive-1","numerals-nang1261-1","Chan2019","twentyfive","25","pɛ̀rí jěj nìmǐː sáɡâ","perijejnimisaga",NA,"FALSE","(10·2’)+5{LIG}","EAT",NA,NA
"366","numerals-nang1261-1-twentysix-1","numerals-nang1261-1","Chan2019","twentysix","26","pɛ̀rí jěj kúrê sáɡâ","perijejkuresaga",NA,"FALSE","(10·2’)+6{LIG}","EAT",NA,NA
"367","numerals-nang1261-1-twentyseven-1","numerals-nang1261-1","Chan2019","twentyseven","27","pɛ̀rí jěj sújɛ̂ sáɡâ","perijejsujesaga",NA,"FALSE","(10·2’)+7{LIG}","EAT",NA,NA
"368","numerals-nang1261-1-twentyeight-1","numerals-nang1261-1","Chan2019","twentyeight","28","pɛ̀rí jěj ɡáːrɛ̀ sáɡâ","perijejgaresaga",NA,"FALSE","(10·2’)+8{LIG}","EAT",NA,NA
"369","numerals-nang1261-1-twentynine-1","numerals-nang1261-1","Chan2019","twentynine","29","pɛ̀rí jěj tèːsǐː sáɡâ","perijejtesisaga",NA,"FALSE","(10·2’)+9{LIG}","EAT",NA,NA
"370","numerals-nang1261-1-thirty-1","numerals-nang1261-1","Chan2019","thirty","30","pɛ̌n tàːndǐː","pentandi",NA,"FALSE","10·3","EAT",NA,NA
"371","numerals-nang1261-1-forty-1","numerals-nang1261-1","Chan2019","forty","40","pɛ̌n nɔ̌jⁿ","pennojn",NA,"FALSE","10·4","EAT",NA,NA
"372","numerals-nang1261-1-fifty-1","numerals-nang1261-1","Chan2019","fifty","50","pɛ̌n nìmǐː","pennimi",NA,"FALSE","10·5","EAT",NA,NA
"373","numerals-nang1261-1-sixty-1","numerals-nang1261-1","Chan2019","sixty","60","pɛ̀r kúrê","perkure",NA,"FALSE","10·6","EAT",NA,NA
"374","numerals-nang1261-1-seventy-1","numerals-nang1261-1","Chan2019","seventy","70","pɛ̀r sújɛ̂","persuje",NA,"FALSE","10·7","EAT",NA,NA
"375","numerals-nang1261-1-eighty-1","numerals-nang1261-1","Chan2019","eighty","80","pɛ̀r ɡáːrɛ̀","pergare",NA,"FALSE","10·8","EAT",NA,NA
"376","numerals-nang1261-1-eighty-2","numerals-nang1261-1","Chan2019","eighty","80","dɔ̀ɡɔ̀ sěŋ","dogoseng","(archaic)","FALSE","80","EAT",NA,"10·8"
"377","numerals-nang1261-1-ninety-1","numerals-nang1261-1","Chan2019","ninety","90","pɛ̀r tèːsǐː","pertesi",NA,"FALSE","10·9","EAT",NA,NA
"378","numerals-nang1261-1-hundred-1","numerals-nang1261-1","Chan2019","hundred","100","tɛ́ːmɛ́dɛ́rɛ̀","temedere",NA,"FALSE","100","EAT",NA,NA
"379","numerals-nang1261-1-hundred-2","numerals-nang1261-1","Chan2019","hundred","100","tɛ́ːmdɛ́rɛ̀","temdere","( < Fulfulde )","TRUE","100","EAT",NA,NA
"380","numerals-nang1261-1-twohundred-1","numerals-nang1261-1","Chan2019","twohundred","200","tɛ́ːmɛ́dɛ́rɛ̀ wǒj","temederewoj","??","FALSE","100·2","EAT",NA,NA
"381","numerals-nang1261-1-thousand-1","numerals-nang1261-1","Chan2019","thousand","1000","mùsú","musu",NA,"FALSE","1000","EAT",NA,NA
"382","numerals-nang1261-1-twothousand-1","numerals-nang1261-1","Chan2019","twothousand","2000","mùsú wǒj","musuwoj","??","FALSE","1000·2","EAT",NA,NA
"383","numerals-toro1252-1-one-1","numerals-toro1252-1","Chan2019","one","1","tíì","tii","(for counting)","FALSE","1","EAT",NA,NA
"384","numerals-toro1252-1-one-2","numerals-toro1252-1","Chan2019","one","1","túrú","turu",NA,"FALSE","1’","EAT",NA,NA
"385","numerals-toro1252-1-two-1","numerals-toro1252-1","Chan2019","two","2","lɛ́j","lej",NA,"FALSE","2","EAT",NA,NA
"386","numerals-toro1252-1-three-1","numerals-toro1252-1","Chan2019","three","3","tàánú","taanu",NA,"FALSE","3","EAT",NA,NA
"387","numerals-toro1252-1-four-1","numerals-toro1252-1","Chan2019","four","4","nàjí","naji",NA,"FALSE","4","EAT",NA,NA
"388","numerals-toro1252-1-five-1","numerals-toro1252-1","Chan2019","five","5","nùmɔ́r̃ɔ́","numoro",NA,"FALSE","5","EAT",NA,NA
"389","numerals-toro1252-1-six-1","numerals-toro1252-1","Chan2019","six","6","kúlòj","kuloj",NA,"FALSE","6","EAT",NA,NA
"390","numerals-toro1252-1-seven-1","numerals-toro1252-1","Chan2019","seven","7","sɔ́j","soj",NA,"FALSE","7","EAT",NA,NA
"391","numerals-toro1252-1-eight-1","numerals-toro1252-1","Chan2019","eight","8","ɡáárà","gaara",NA,"FALSE","8","EAT",NA,NA
"392","numerals-toro1252-1-nine-1","numerals-toro1252-1","Chan2019","nine","9","túwɔ́","tuwo",NA,"FALSE","9","EAT",NA,NA
"393","numerals-toro1252-1-ten-1","numerals-toro1252-1","Chan2019","ten","10","pɛ́rú","peru",NA,"FALSE","10","EAT",NA,NA
"394","numerals-toro1252-1-eleven-1","numerals-toro1252-1","Chan2019","eleven","11","pɛ́rú ɡúú tír sìɡɛ̀","peruguutirsige",NA,"FALSE","10+{LIG?}1{LIG}","EAT",NA,NA
"395","numerals-toro1252-1-twelve-1","numerals-toro1252-1","Chan2019","twelve","12","pɛ́rú ɡúú léj̀ sìɡɛ̀","peruguulejsige",NA,"FALSE","10+{LIG?}2{LIG}","EAT",NA,NA
"396","numerals-toro1252-1-thirteen-1","numerals-toro1252-1","Chan2019","thirteen","13","pɛ́rú ɡúú táánú sìɡɛ̀","peruguutaanusige",NA,"FALSE","10+{LIG?}3{LIG}","EAT",NA,NA
"397","numerals-toro1252-1-fourteen-1","numerals-toro1252-1","Chan2019","fourteen","14","pɛ́rú ɡúú náj̀ sìɡɛ̀","peruguunajsige",NA,"FALSE","10+{LIG?}4{LIG}","EAT",NA,NA
"398","numerals-toro1252-1-fifteen-1","numerals-toro1252-1","Chan2019","fifteen","15","pɛ́rú ɡúú nùmɔ́r̃ɔ́ sìɡɛ̀","peruguunumorosige",NA,"FALSE","10+{LIG?}5{LIG}","EAT",NA,NA
"399","numerals-toro1252-1-sixteen-1","numerals-toro1252-1","Chan2019","sixteen","16","pɛ́rú ɡúú kúlój sìɡɛ̀","peruguukulojsige",NA,"FALSE","10+{LIG?}6{LIG}","EAT",NA,NA
"400","numerals-toro1252-1-seventeen-1","numerals-toro1252-1","Chan2019","seventeen","17","pɛ́rú ɡúú sɔ́j̀ sìɡɛ̀","peruguusojsige",NA,"FALSE","10+{LIG?}7{LIG}","EAT",NA,NA
"401","numerals-toro1252-1-eighteen-1","numerals-toro1252-1","Chan2019","eighteen","18","pɛ́rú ɡúú ɡáárà sìɡɛ̀","peruguugaarasige",NA,"FALSE","10+{LIG?}8{LIG}","EAT",NA,NA
"402","numerals-toro1252-1-nineteen-1","numerals-toro1252-1","Chan2019","nineteen","19","pɛ́rú ɡúú túwɔ́ sìɡɛ̀","peruguutuwosige",NA,"FALSE","10+{LIG?}9{LIG}","EAT",NA,NA
"403","numerals-toro1252-1-twenty-1","numerals-toro1252-1","Chan2019","twenty","20","pɛ́ léj̀","pelej",NA,"FALSE","10·2","EAT",NA,NA
"404","numerals-toro1252-1-twentyone-1","numerals-toro1252-1","Chan2019","twentyone","21","pɛ́ léj̀ túrú sìɡɛ̀","pelejturusige",NA,"FALSE","(10·2)+1'{LIG}","EAT",NA,NA
"405","numerals-toro1252-1-twentytwo-1","numerals-toro1252-1","Chan2019","twentytwo","22","pɛ́ léj̀ lɛ́j̀ sìɡɛ̀","pelejlejsige",NA,"FALSE","(10·2)+2{LIG}","EAT",NA,NA
"406","numerals-toro1252-1-twentythree-1","numerals-toro1252-1","Chan2019","twentythree","23","pɛ́ léj̀ tàánú sìɡɛ̀","pelejtaanusige",NA,"FALSE","(10·2)+3{LIG}","EAT",NA,NA
"407","numerals-toro1252-1-twentyfour-1","numerals-toro1252-1","Chan2019","twentyfour","24","pɛ́ léj̀ nàj̀ sìɡɛ̀","pelejnajsige",NA,"FALSE","(10·2)+4{LIG}","EAT",NA,NA
"408","numerals-toro1252-1-twentyfive-1","numerals-toro1252-1","Chan2019","twentyfive","25","pɛ́ léj̀ nùmɔ́r̃ɔ́ sìɡɛ̀","pelejnumorosige",NA,"FALSE","(10·2)+5{LIG}","EAT",NA,NA
"409","numerals-toro1252-1-twentysix-1","numerals-toro1252-1","Chan2019","twentysix","26","pɛ́ léj̀ kúlój sìɡɛ̀","pelejkulojsige",NA,"FALSE","(10·2)+6{LIG}","EAT",NA,NA
"410","numerals-toro1252-1-twentyseven-1","numerals-toro1252-1","Chan2019","twentyseven","27","pɛ́ léj̀ sɔ́j sìɡɛ̀","pelejsojsige",NA,"FALSE","(10·2)+7{LIG}","EAT",NA,NA
"411","numerals-toro1252-1-twentyeight-1","numerals-toro1252-1","Chan2019","twentyeight","28","pɛ́ léj̀ ɡáárà sìɡɛ̀","pelejgaarasige",NA,"FALSE","(10·2)+8{LIG}","EAT",NA,NA
"412","numerals-toro1252-1-twentynine-1","numerals-toro1252-1","Chan2019","twentynine","29","pɛ́ léj̀ túwɔ́ sìɡɛ̀","pelejtuwosige",NA,"FALSE","(10·2)+9{LIG}","EAT",NA,NA
"413","numerals-toro1252-1-thirty-1","numerals-toro1252-1","Chan2019","thirty","30","pɛ́ táánú","petaanu",NA,"FALSE","10·3","EAT",NA,NA
"414","numerals-toro1252-1-forty-1","numerals-toro1252-1","Chan2019","forty","40","pɛ́ náj̀","penaj",NA,"FALSE","10·4","EAT",NA,NA
"415","numerals-toro1252-1-fortyone-1","numerals-toro1252-1","Chan2019","fortyone","41","pɛ́ náj̀ tír sìɡɛ̀","penajtirsige",NA,"FALSE","(10·4)+1{LIG}","EAT",NA,NA
"416","numerals-toro1252-1-fifty-1","numerals-toro1252-1","Chan2019","fifty","50","pɛ́ númɔ́r̃ɔ́","penumoro",NA,"FALSE","10·5","EAT",NA,NA
"417","numerals-toro1252-1-sixty-1","numerals-toro1252-1","Chan2019","sixty","60","pɛ́ kúlòj","pekuloj",NA,"FALSE","10·6","EAT",NA,NA
"418","numerals-toro1252-1-seventy-1","numerals-toro1252-1","Chan2019","seventy","70","pɛ́ sɔ́j̀","pesoj",NA,"FALSE","10·7","EAT",NA,NA
"419","numerals-toro1252-1-eighty-1","numerals-toro1252-1","Chan2019","eighty","80","dɔ̀ɡɔ̀ súŋú","dogosungu",NA,"FALSE","10·8","EAT",NA,NA
"420","numerals-toro1252-1-ninety-1","numerals-toro1252-1","Chan2019","ninety","90","dɔ̀ɡɔ̀ súŋú pɛ́rú","dogosunguperu",NA,"FALSE","10·9","EAT",NA,NA
"421","numerals-toro1252-1-hundred-1","numerals-toro1252-1","Chan2019","hundred","100","súŋú","sungu",NA,"FALSE","100","EAT",NA,NA
"422","numerals-toro1252-1-onehundredandone-1","numerals-toro1252-1","Chan2019","onehundredandone","101","súŋú túrú","sunguturu",NA,"FALSE","100+1","EAT",NA,NA
"423","numerals-toro1252-1-twohundred-1","numerals-toro1252-1","Chan2019","twohundred","200","súŋú léj̀","sungulej",NA,"FALSE","100·2","EAT",NA,NA
"424","numerals-toro1252-1-thousand-1","numerals-toro1252-1","Chan2019","thousand","1000","mùɲú","munu",NA,"FALSE","1000","EAT",NA,NA
"425","numerals-toro1252-1-twothousand-1","numerals-toro1252-1","Chan2019","twothousand","2000","mùɲú léj̀","munulej",NA,"FALSE","1000·2","EAT",NA,NA
"426","numerals-toro1252-1-twothousandandtwo-1","numerals-toro1252-1","Chan2019","twothousandandtwo","2002","mùɲú léj̀ támá léj̀","munulejtamalej",NA,"FALSE","(1000·2)+{LIG”?}2","EAT",NA,NA
"427","numerals-yand1257-1-one-1","numerals-yand1257-1","Chan2019","one","1","tùmá:","tuma",NA,"FALSE","1","EAT",NA,NA
"428","numerals-yand1257-1-two-1","numerals-yand1257-1","Chan2019","two","2","nɔ́ː","no",NA,"FALSE","2","EAT",NA,NA
"429","numerals-yand1257-1-two-2","numerals-yand1257-1","Chan2019","two","2","nó","no",NA,"FALSE","2","EAT",NA,NA
"430","numerals-yand1257-1-three-1","numerals-yand1257-1","Chan2019","three","3","táːndù","tandu",NA,"FALSE","3","EAT",NA,NA
"431","numerals-yand1257-1-four-1","numerals-yand1257-1","Chan2019","four","4","cɛ́zɔ̀","cezo",NA,"FALSE","4","EAT",NA,NA
"432","numerals-yand1257-1-five-1","numerals-yand1257-1","Chan2019","five","5","nûm","num",NA,"FALSE","5","EAT",NA,NA
"433","numerals-yand1257-1-six-1","numerals-yand1257-1","Chan2019","six","6","kúlé","kule",NA,"FALSE","6","EAT",NA,NA
"434","numerals-yand1257-1-seven-1","numerals-yand1257-1","Chan2019","seven","7","swɛ́ː","swe",NA,"FALSE","7","EAT",NA,NA
"435","numerals-yand1257-1-eight-1","numerals-yand1257-1","Chan2019","eight","8","sáːɡè","sage",NA,"FALSE","8","EAT",NA,NA
"436","numerals-yand1257-1-nine-1","numerals-yand1257-1","Chan2019","nine","9","twâː","twa",NA,"FALSE","9","EAT",NA,NA
"437","numerals-yand1257-1-ten-1","numerals-yand1257-1","Chan2019","ten","10","píyél","piyel",NA,"FALSE","10","EAT",NA,NA
"438","numerals-yand1257-1-eleven-1","numerals-yand1257-1","Chan2019","eleven","11","píyél tùmá:-sì","piyeltumasi",NA,"FALSE","10+1{LIG}","EAT",NA,"LIG=more than, more"
"439","numerals-yand1257-1-twelve-1","numerals-yand1257-1","Chan2019","twelve","12","píyél nɔ́ː-sì","piyelnosi",NA,"FALSE","10+2{LIG}","EAT",NA,NA
"440","numerals-yand1257-1-thirteen-1","numerals-yand1257-1","Chan2019","thirteen","13","píyél táːndù-sì","piyeltandusi",NA,"FALSE","10+3{LIG}","EAT",NA,NA
"441","numerals-yand1257-1-fourteen-1","numerals-yand1257-1","Chan2019","fourteen","14","píyél cɛ́zɔ̀-sì","piyelcezosi",NA,"FALSE","10+4{LIG}","EAT",NA,NA
"442","numerals-yand1257-1-fifteen-1","numerals-yand1257-1","Chan2019","fifteen","15","píyé-m̀-sì","piyemsi","< píyél nùm-sì","FALSE","10+5{LIG}","EAT",NA,NA
"443","numerals-yand1257-1-sixteen-1","numerals-yand1257-1","Chan2019","sixteen","16","píyél kúlé-sì","piyelkulesi",NA,"FALSE","10+6{LIG}","EAT",NA,NA
"444","numerals-yand1257-1-seventeen-1","numerals-yand1257-1","Chan2019","seventeen","17","píyél swɛ́ː-sì","piyelswesi",NA,"FALSE","10+7{LIG}","EAT",NA,NA
"445","numerals-yand1257-1-eighteen-1","numerals-yand1257-1","Chan2019","eighteen","18","píyél sáːɡè-sì","piyelsagesi",NA,"FALSE","10+8{LIG}","EAT",NA,NA
"446","numerals-yand1257-1-nineteen-1","numerals-yand1257-1","Chan2019","nineteen","19","píyél twâː-sì","piyeltwasi",NA,"FALSE","10+9{LIG}","EAT",NA,NA
"447","numerals-yand1257-1-twenty-1","numerals-yand1257-1","Chan2019","twenty","20","pɔ̀ː-nɔ́ː","pono",NA,"FALSE","10'·2","EAT",NA,NA
"448","numerals-yand1257-1-twenty-2","numerals-yand1257-1","Chan2019","twenty","20","pɔ̀ːnóː","pono",NA,"FALSE","10'·2","EAT",NA,NA
"449","numerals-yand1257-1-twentyone-1","numerals-yand1257-1","Chan2019","twentyone","21","pɔ̀ː-nóː tùmá: -sîː","ponotumasi","??","FALSE","(10’·2)+1{LIG}","EAT",NA,NA
"450","numerals-yand1257-1-twentytwo-1","numerals-yand1257-1","Chan2019","twentytwo","22","pɔ̀ː-nóː nɔ́ː -sîː","pononosi",NA,"FALSE","(10’·2)+2{LIG}","EAT",NA,NA
"451","numerals-yand1257-1-twentythree-1","numerals-yand1257-1","Chan2019","twentythree","23","pɔ̀ː-nóː táːndù -sîː","ponotandusi",NA,"FALSE","(10’·2)+3{LIG}","EAT",NA,NA
"452","numerals-yand1257-1-twentyfour-1","numerals-yand1257-1","Chan2019","twentyfour","24","pɔ̀ː-nóː cɛ́zɔ̀ -sîː","ponocezosi",NA,"FALSE","(10’·2)+4{LIG}","EAT",NA,NA
"453","numerals-yand1257-1-twentyfive-1","numerals-yand1257-1","Chan2019","twentyfive","25","pɔ̀ː-nóː nûm -sîː","pononumsi",NA,"FALSE","(10’·2)+5{LIG}","EAT",NA,NA
"454","numerals-yand1257-1-twentysix-1","numerals-yand1257-1","Chan2019","twentysix","26","pɔ̀ː-nóː kúlé -sîː","ponokulesi",NA,"FALSE","(10’·2)+6{LIG}","EAT",NA,NA
"455","numerals-yand1257-1-twentyseven-1","numerals-yand1257-1","Chan2019","twentyseven","27","pɔ̀ː-nóː swɛ́ː-sîː","ponoswesi",NA,"FALSE","(10’·2)+7{LIG}","EAT",NA,NA
"456","numerals-yand1257-1-twentyeight-1","numerals-yand1257-1","Chan2019","twentyeight","28","pɔ̀ː-nóː sáːɡè -sîː","ponosagesi",NA,"FALSE","(10’·2)+8{LIG}","EAT",NA,NA
"457","numerals-yand1257-1-twentynine-1","numerals-yand1257-1","Chan2019","twentynine","29","pɔ̀ː-nóː twàː -sîː","ponotwasi",NA,"FALSE","(10’·2)+9{LIG}","EAT",NA,NA
"458","numerals-yand1257-1-thirty-1","numerals-yand1257-1","Chan2019","thirty","30","pɔ̀ː-táːndù","potandu",NA,"FALSE","10'·3","EAT",NA,NA
"459","numerals-yand1257-1-forty-1","numerals-yand1257-1","Chan2019","forty","40","pɔ̀ː-cɛ́zɔ̀","pocezo",NA,"FALSE","10’·4","EAT",NA,NA
"460","numerals-yand1257-1-fifty-1","numerals-yand1257-1","Chan2019","fifty","50","pɔ̀ː-nûm","ponum",NA,"FALSE","10’·5","EAT",NA,NA
"461","numerals-yand1257-1-sixty-1","numerals-yand1257-1","Chan2019","sixty","60","pɔ̀lɔ̀-kúlé","polokule",NA,"FALSE","10'·6","EAT",NA,NA
"462","numerals-yand1257-1-seventy-1","numerals-yand1257-1","Chan2019","seventy","70","pɔ̀lɔ̀-swɛ́ː","poloswe",NA,"FALSE","10'·7","EAT",NA,NA
"463","numerals-yand1257-1-eighty-1","numerals-yand1257-1","Chan2019","eighty","80","pɔ̀lɔ̀-sáːɡè","polosage",NA,"FALSE","10’·8","EAT",NA,NA
"464","numerals-yand1257-1-eighty-2","numerals-yand1257-1","Chan2019","eighty","80","sìŋ","sing",NA,"FALSE","80","EAT",NA,NA
"465","numerals-yand1257-1-ninety-1","numerals-yand1257-1","Chan2019","ninety","90","pɔ̀lɔ̀-twâː","polotwa",NA,"FALSE","10’·9","EAT",NA,NA
"466","numerals-yand1257-1-ninety-2","numerals-yand1257-1","Chan2019","ninety","90","sìŋ mí yè-píyél","singmiyepiyel",NA,"FALSE","80+{LIG’}10","EAT",NA,NA
"467","numerals-yand1257-1-hundred-1","numerals-yand1257-1","Chan2019","hundred","100","tɛ́ːmɛ̀dɛ̀rɛ̀","temedere","( < Fulfulde )","TRUE","100","EAT",NA,NA
"468","numerals-yand1257-1-twohundred-1","numerals-yand1257-1","Chan2019","twohundred","200","tɛ́ːmɛ̀dɛ̀rɛ̀ nɔ́ː","temedereno","??","FALSE","100·2","EAT",NA,NA
"469","numerals-yand1257-1-thousand-1","numerals-yand1257-1","Chan2019","thousand","1000","mùzò","muzo",NA,"FALSE","1000","EAT",NA,NA
"470","numerals-yand1257-1-twothousand-1","numerals-yand1257-1","Chan2019","twothousand","2000","mùzò nɔ́ː","muzono","??","FALSE","1000·2","EAT",NA,NA
"471","numerals-ampa1238-1-one-1","numerals-ampa1238-1","Chan2019","one","1","tòːmà","toma",NA,"FALSE","1","EAT",NA,NA
"472","numerals-ampa1238-1-two-1","numerals-ampa1238-1","Chan2019","two","2","nìːŋgà","ningga",NA,"FALSE","2","EAT",NA,NA
"473","numerals-ampa1238-1-three-1","numerals-ampa1238-1","Chan2019","three","3","táːndí","tandi",NA,"FALSE","3","EAT",NA,NA
"474","numerals-ampa1238-1-four-1","numerals-ampa1238-1","Chan2019","four","4","tʃɛ̀ːdʒɔ̀","tsedzo","(Boui)","FALSE","4","EAT",NA,NA
"475","numerals-ampa1238-1-four-2","numerals-ampa1238-1","Chan2019","four","4","kɛ̀ːdʒɔ̀","kedzo","(Ningo)","FALSE","4′","EAT",NA,NA
"476","numerals-ampa1238-1-five-1","numerals-ampa1238-1","Chan2019","five","5","núː","nu",NA,"FALSE","5","EAT",NA,NA
"477","numerals-ampa1238-1-six-1","numerals-ampa1238-1","Chan2019","six","6","kùlèjⁿ","kulejn",NA,"FALSE","6","EAT",NA,NA
"478","numerals-ampa1238-1-seven-1","numerals-ampa1238-1","Chan2019","seven","7","sɔ́ːj","soj",NA,"FALSE","7","EAT",NA,NA
"479","numerals-ampa1238-1-eight-1","numerals-ampa1238-1","Chan2019","eight","8","séːlé","sele","(Boui)","FALSE","8","EAT",NA,NA
"480","numerals-ampa1238-1-eight-2","numerals-ampa1238-1","Chan2019","eight","8","síjélé","sijele","(Ningo)","FALSE","8′","EAT",NA,NA
"481","numerals-ampa1238-1-nine-1","numerals-ampa1238-1","Chan2019","nine","9","tóːwá","towa",NA,"FALSE","9","EAT",NA,NA
"482","numerals-ampa1238-1-ten-1","numerals-ampa1238-1","Chan2019","ten","10","pìjɔ̀lù","pijolu",NA,"FALSE","10","EAT",NA,NA
"483","numerals-ampa1238-1-eleven-1","numerals-ampa1238-1","Chan2019","eleven","11","pɛ̀-sùgɔ́ tòːmà","pesugotoma",NA,"FALSE","10+1","EAT",NA,NA
"484","numerals-ampa1238-1-twelve-1","numerals-ampa1238-1","Chan2019","twelve","12","pɛ̀-sùgɔ́ nìːŋgà","pesugoningga",NA,"FALSE","10+2","EAT",NA,NA
"485","numerals-ampa1238-1-thirteen-1","numerals-ampa1238-1","Chan2019","thirteen","13","pɛ̀-sùgɔ́ tàːndì","pesugotandi",NA,"FALSE","10+3","EAT",NA,NA
"486","numerals-ampa1238-1-fourteen-1","numerals-ampa1238-1","Chan2019","fourteen","14","kɛ̀ːdʒɔ̀","kedzo","(Ningo)","FALSE","?","EAT",NA,"Same form as 4 also probably an error from data entry"
"487","numerals-ampa1238-1-fourteen-2","numerals-ampa1238-1","Chan2019","fourteen","14","pɛ̀-sùgɔ́ tʃɛ̀ːdʒɔ̀","pesugotsedzo","(Boui)","FALSE","10+4","EAT",NA,NA
"488","numerals-ampa1238-1-fifteen-1","numerals-ampa1238-1","Chan2019","fifteen","15","pɛ̀-sùgɔ́ nùː","pesugonu",NA,"FALSE","10+5","EAT",NA,NA
"489","numerals-ampa1238-1-sixteen-1","numerals-ampa1238-1","Chan2019","sixteen","16","pɛ̀-sùgɔ́ kùlèjⁿ","pesugokulejn",NA,"FALSE","10+6","EAT",NA,NA
"490","numerals-ampa1238-1-seventeen-1","numerals-ampa1238-1","Chan2019","seventeen","17","pɛ̀-sùgɔ́ sɔ́ːj","pesugosoj",NA,"FALSE","10+7","EAT",NA,NA
"491","numerals-ampa1238-1-eighteen-1","numerals-ampa1238-1","Chan2019","eighteen","18","pɛ̀-sùgɔ́ séːlé","pesugosele","(Boui)","FALSE","10+8","EAT",NA,NA
"492","numerals-ampa1238-1-eighteen-2","numerals-ampa1238-1","Chan2019","eighteen","18","síjélé","sijele","(Ningo)","FALSE","?","EAT",NA,"10 omitted"
"493","numerals-ampa1238-1-nineteen-1","numerals-ampa1238-1","Chan2019","nineteen","19","pɛ̀-sùgɔ́ tóːwá","pesugotowa",NA,"FALSE","10+9","EAT",NA,NA
"494","numerals-ampa1238-1-twenty-1","numerals-ampa1238-1","Chan2019","twenty","20","pɛ́ːnɛ́ːŋɡá","penengga",NA,"FALSE","10·2","EAT",NA,NA
"495","numerals-ampa1238-1-thirty-1","numerals-ampa1238-1","Chan2019","thirty","30","pé-ráːndí","perandi",NA,"FALSE","10·3","EAT",NA,NA
"496","numerals-ampa1238-1-forty-1","numerals-ampa1238-1","Chan2019","forty","40","dɛ́ː","de",NA,"FALSE","40","EAT",NA,NA
"497","numerals-ampa1238-1-fifty-1","numerals-ampa1238-1","Chan2019","fifty","50","dɛ́ː pìjɔ̀lù","depijolu","( 40 + 10 )","FALSE","40+10","EAT",NA,NA
"498","numerals-ampa1238-1-sixty-1","numerals-ampa1238-1","Chan2019","sixty","60","pɛ́l-kúlêjⁿ","pelkulejn",NA,"FALSE","10·6","EAT",NA,NA
"499","numerals-ampa1238-1-seventy-1","numerals-ampa1238-1","Chan2019","seventy","70","síŋgí-gí pìjɔ̀lù ɔ̀rá","singgigipijoluora","( 80 - 10 ? )","FALSE","80-{LIG}10{LIG′}","EAT",NA,NA
"500","numerals-ampa1238-1-eighty-1","numerals-ampa1238-1","Chan2019","eighty","80","síŋgí","singgi",NA,"FALSE","80","EAT",NA,NA
"501","numerals-ampa1238-1-ninety-1","numerals-ampa1238-1","Chan2019","ninety","90","síŋgí-já pìjɔ̀lù","singgijapijolu","( 80 + 10 )","FALSE","80+{LIG′}10","EAT",NA,NA
"502","numerals-ampa1238-1-hundred-1","numerals-ampa1238-1","Chan2019","hundred","100","tɛ̀ːmdɛ̀rɛ́","temdere","< Fulfulde","TRUE","100","EAT",NA,"sun/sìŋ ìrù pérégà is the indigenous form for 100"
"503","numerals-ampa1238-1-thousand-1","numerals-ampa1238-1","Chan2019","thousand","1000","múdʒú-sìlàːmú","mudzusilamu",NA,"FALSE","?","EAT",NA,"1000·1."
"504","numerals-bank1259-1-one-1","numerals-bank1259-1","Chan2019","one","1","tùmá","tuma",NA,"FALSE","1","EAT",NA,NA
"505","numerals-bank1259-1-two-1","numerals-bank1259-1","Chan2019","two","2","jǒj","joj",NA,"FALSE","2","EAT",NA,NA
"506","numerals-bank1259-1-three-1","numerals-bank1259-1","Chan2019","three","3","tàːní","tani",NA,"FALSE","3","EAT",NA,NA
"507","numerals-bank1259-1-four-1","numerals-bank1259-1","Chan2019","four","4","nìŋŋějⁿ","ningngejn",NA,"FALSE","4","EAT",NA,NA
"508","numerals-bank1259-1-five-1","numerals-bank1259-1","Chan2019","five","5","nùmmǔjⁿ","nummujn",NA,"FALSE","5","EAT",NA,NA
"509","numerals-bank1259-1-six-1","numerals-bank1259-1","Chan2019","six","6","kúròj","kuroj",NA,"FALSE","6","EAT",NA,NA
"510","numerals-bank1259-1-seven-1","numerals-bank1259-1","Chan2019","seven","7","síjⁿɔ̀jⁿ","sijnojn",NA,"FALSE","7","EAT",NA,NA
"511","numerals-bank1259-1-eight-1","numerals-bank1259-1","Chan2019","eight","8","ɡáːràj","garaj",NA,"FALSE","8","EAT",NA,NA
"512","numerals-bank1259-1-nine-1","numerals-bank1259-1","Chan2019","nine","9","tèːsúm","tesum",NA,"FALSE","9","EAT",NA,NA
"513","numerals-bank1259-1-ten-1","numerals-bank1259-1","Chan2019","ten","10","pɛ́ːrú","peru",NA,"FALSE","10","EAT",NA,NA
"514","numerals-bank1259-1-eleven-1","numerals-bank1259-1","Chan2019","eleven","11","pɛ́ːrú tùmá","perutuma",NA,"FALSE","10+1","EAT",NA,NA
"515","numerals-bank1259-1-twelve-1","numerals-bank1259-1","Chan2019","twelve","12","pɛ́ːrú jǒj","perujoj",NA,"FALSE","10+2","EAT",NA,NA
"516","numerals-bank1259-1-thirteen-1","numerals-bank1259-1","Chan2019","thirteen","13","pɛ́ːrú tàːní","perutani",NA,"FALSE","10+3","EAT",NA,NA
"517","numerals-bank1259-1-fourteen-1","numerals-bank1259-1","Chan2019","fourteen","14","pɛ́ːrú nìŋŋějⁿ","peruningngejn",NA,"FALSE","10+4","EAT",NA,NA
"518","numerals-bank1259-1-fifteen-1","numerals-bank1259-1","Chan2019","fifteen","15","pɛ́ːrú nùmmǔjⁿ","perunummujn",NA,"FALSE","10+5","EAT",NA,NA
"519","numerals-bank1259-1-sixteen-1","numerals-bank1259-1","Chan2019","sixteen","16","pɛ́ːrú kúròj","perukuroj",NA,"FALSE","10+6","EAT",NA,NA
"520","numerals-bank1259-1-seventeen-1","numerals-bank1259-1","Chan2019","seventeen","17","pɛ́ːrú síjⁿɔ̀jⁿ","perusijnojn",NA,"FALSE","10+7","EAT",NA,NA
"521","numerals-bank1259-1-eighteen-1","numerals-bank1259-1","Chan2019","eighteen","18","pɛ́ːrú ɡáːràj","perugaraj",NA,"FALSE","10+8","EAT",NA,NA
"522","numerals-bank1259-1-nineteen-1","numerals-bank1259-1","Chan2019","nineteen","19","pɛ́ːrú tèːsúm","perutesum",NA,"FALSE","10+9","EAT",NA,NA
"523","numerals-bank1259-1-twenty-1","numerals-bank1259-1","Chan2019","twenty","20","pɛ̀rí jèj","perijej",NA,"FALSE","10·2","EAT",NA,NA
"524","numerals-bank1259-1-twentyone-1","numerals-bank1259-1","Chan2019","twentyone","21","pɛ̀rí tùmá","perituma",NA,"FALSE","(10·2)+1","EAT",NA,NA
"525","numerals-bank1259-1-twentytwo-1","numerals-bank1259-1","Chan2019","twentytwo","22","pɛ̀rí jǒj","perijoj",NA,"FALSE","(10·2)+2","EAT",NA,NA
"526","numerals-bank1259-1-twentythree-1","numerals-bank1259-1","Chan2019","twentythree","23","pɛ̀rí tàːní","peritani",NA,"FALSE","(10·2)+3","EAT",NA,NA
"527","numerals-bank1259-1-twentyfour-1","numerals-bank1259-1","Chan2019","twentyfour","24","pɛ̀rí nìŋŋějⁿ","periningngejn",NA,"FALSE","(10·2)+4","EAT",NA,NA
"528","numerals-bank1259-1-twentyfive-1","numerals-bank1259-1","Chan2019","twentyfive","25","pɛ̀rí nùmmǔjⁿ","perinummujn",NA,"FALSE","(10·2)+5","EAT",NA,NA
"529","numerals-bank1259-1-twentysix-1","numerals-bank1259-1","Chan2019","twentysix","26","pɛ̀rí kúròj","perikuroj",NA,"FALSE","(10·2)+6","EAT",NA,NA
"530","numerals-bank1259-1-twentyseven-1","numerals-bank1259-1","Chan2019","twentyseven","27","pɛ̀rí síjⁿɔ̀jⁿ","perisijnojn",NA,"FALSE","(10·2)+7","EAT",NA,NA
"531","numerals-bank1259-1-twentyeight-1","numerals-bank1259-1","Chan2019","twentyeight","28","pɛ̀rí ɡáːràj","perigaraj",NA,"FALSE","(10·2)+8","EAT",NA,NA
"532","numerals-bank1259-1-twentynine-1","numerals-bank1259-1","Chan2019","twentynine","29","pɛ̀rí tèːsúm","peritesum",NA,"FALSE","(10·2)+9","EAT",NA,NA
"533","numerals-bank1259-1-thirty-1","numerals-bank1259-1","Chan2019","thirty","30","pɛ́ tàːnú","petanu",NA,"FALSE","10·3","EAT",NA,NA
"534","numerals-bank1259-1-forty-1","numerals-bank1259-1","Chan2019","forty","40","pɛ́ nǐːyⁿ","peniyn",NA,"FALSE","10·4′","EAT",NA,NA
"535","numerals-bank1259-1-fifty-1","numerals-bank1259-1","Chan2019","fifty","50","pɛ́ nùmǔyⁿ","penumuyn",NA,"FALSE","10·5","EAT",NA,NA
"536","numerals-bank1259-1-sixty-1","numerals-bank1259-1","Chan2019","sixty","60","pɛ̀rù kúròy","perukuroy",NA,"FALSE","10·6","EAT",NA,NA
"537","numerals-bank1259-1-seventy-1","numerals-bank1259-1","Chan2019","seventy","70","pɛ̀rù súyⁿɔ̀yⁿ","perusuynoyn",NA,"FALSE","10·7","EAT",NA,NA
"538","numerals-bank1259-1-seventy-2","numerals-bank1259-1","Chan2019","seventy","70","pɛ̀rù ŋɡ́oː sòːŋɡù","perunggosonggu","( 80-10 )","FALSE","10-{LIG}80","EAT",NA,NA
"539","numerals-bank1259-1-eighty-1","numerals-bank1259-1","Chan2019","eighty","80","pɛ̀rù ɡáːràj","perugaraj",NA,"FALSE","10·8","EAT",NA,NA
"540","numerals-bank1259-1-eighty-2","numerals-bank1259-1","Chan2019","eighty","80","sòːŋɡú","songgu","(archaic)","FALSE","80","EAT",NA,NA
"541","numerals-bank1259-1-ninety-1","numerals-bank1259-1","Chan2019","ninety","90","pɛ̀rù tèːsùm","perutesum",NA,"FALSE","10·9","EAT",NA,NA
"542","numerals-bank1259-1-ninety-2","numerals-bank1259-1","Chan2019","ninety","90","sòːŋɡú wó pɛ́ːrú","songguwoperu","( 80+10)","FALSE","90+{LIG}10","EAT",NA,NA
"543","numerals-bank1259-1-hundred-1","numerals-bank1259-1","Chan2019","hundred","100","tɛ́ːmbɛ̀ndɛ́rɛ̀","tembendere",NA,"TRUE","100","EAT",NA,"loan"
"544","numerals-bank1259-1-hundred-2","numerals-bank1259-1","Chan2019","hundred","100","tɛ́ːmɛ́dɛ́rɛ̀","temedere","( < Fulfulde )","TRUE","100","EAT",NA,"loan"
"545","numerals-bank1259-1-twohundred-1","numerals-bank1259-1","Chan2019","twohundred","200","tɛ́ːmɛ́dɛ́rɛ̀ jǒj","temederejoj","??","FALSE","100·2","EAT",NA,NA
"546","numerals-bank1259-1-thousand-1","numerals-bank1259-1","Chan2019","thousand","1000","mbùsú","mbusu",NA,"FALSE","1000","EAT",NA,NA
"547","numerals-bank1259-1-twothousand-1","numerals-bank1259-1","Chan2019","twothousand","2000","mbùsú jǒj","mbusujoj","??","FALSE","1000·2","EAT",NA,NA
"548","numerals-bent1238-1-one-1","numerals-bent1238-1","Chan2019","one","1","tùmɔ́:","tumo",NA,"FALSE","1","EAT",NA,NA
"549","numerals-bent1238-1-two-1","numerals-bent1238-1","Chan2019","two","2","yěy","yey",NA,"FALSE","2","EAT",NA,NA
"550","numerals-bent1238-1-three-1","numerals-bent1238-1","Chan2019","three","3","tàːnú","tanu",NA,"FALSE","3","EAT",NA,NA
"551","numerals-bent1238-1-four-1","numerals-bent1238-1","Chan2019","four","4","nǐːyⁿ","niyn",NA,"FALSE","4","EAT",NA,NA
"552","numerals-bent1238-1-five-1","numerals-bent1238-1","Chan2019","five","5","nùmǔyⁿ","numuyn",NA,"FALSE","5","EAT",NA,NA
"553","numerals-bent1238-1-six-1","numerals-bent1238-1","Chan2019","six","6","kúròy","kuroy",NA,"FALSE","6","EAT",NA,NA
"554","numerals-bent1238-1-seven-1","numerals-bent1238-1","Chan2019","seven","7","súyⁿɔ̀yⁿ","suynoyn",NA,"FALSE","7","EAT",NA,NA
"555","numerals-bent1238-1-eight-1","numerals-bent1238-1","Chan2019","eight","8","ɡáːrày","garay",NA,"FALSE","8","EAT",NA,NA
"556","numerals-bent1238-1-nine-1","numerals-bent1238-1","Chan2019","nine","9","tèːsǐm","tesim",NA,"FALSE","9","EAT",NA,NA
"557","numerals-bent1238-1-ten-1","numerals-bent1238-1","Chan2019","ten","10","pɛ́rú","peru",NA,"FALSE","10","EAT",NA,NA
"558","numerals-bent1238-1-eleven-1","numerals-bent1238-1","Chan2019","eleven","11","pɛ́rɛ́ tùwⁿɔ́ sâː","peretuwnosa",NA,"FALSE","10+1{LIG}","EAT",NA,NA
"559","numerals-bent1238-1-twelve-1","numerals-bent1238-1","Chan2019","twelve","12","pɛ́rɛ́ yěy sâː","pereyeysa",NA,"FALSE","10+2{LIG}","EAT",NA,NA
"560","numerals-bent1238-1-thirteen-1","numerals-bent1238-1","Chan2019","thirteen","13","pɛ́rɛ́ tàːn sâː","peretansa",NA,"FALSE","10+3{LIG}","EAT",NA,NA
"561","numerals-bent1238-1-fourteen-1","numerals-bent1238-1","Chan2019","fourteen","14","pɛ́rɛ́ nǐːyⁿ sâː","pereniynsa",NA,"FALSE","10+4{LIG}","EAT",NA,NA
"562","numerals-bent1238-1-fifteen-1","numerals-bent1238-1","Chan2019","fifteen","15","pɛ́rɛ́ nùmǔyⁿ sâː","perenumuynsa",NA,"FALSE","10+5{LIG}","EAT",NA,NA
"563","numerals-bent1238-1-sixteen-1","numerals-bent1238-1","Chan2019","sixteen","16","pɛ́rɛ́ kúròy sâː","perekuroysa",NA,"FALSE","10+6{LIG}","EAT",NA,NA
"564","numerals-bent1238-1-seventeen-1","numerals-bent1238-1","Chan2019","seventeen","17","pɛ́rɛ́ súyⁿɔ̀yⁿ sâː","peresuynoynsa",NA,"FALSE","10+7{LIG}","EAT",NA,NA
"565","numerals-bent1238-1-eighteen-1","numerals-bent1238-1","Chan2019","eighteen","18","pɛ́rɛ́ ɡáːrày sâː","peregaraysa",NA,"FALSE","10+8{LIG}","EAT",NA,NA
"566","numerals-bent1238-1-nineteen-1","numerals-bent1238-1","Chan2019","nineteen","19","pɛ́rɛ́ tèːsǐm sâː","peretesimsa",NA,"FALSE","10+9{LIG}","EAT",NA,NA
"567","numerals-bent1238-1-twenty-1","numerals-bent1238-1","Chan2019","twenty","20","pèrí yěy","periyey",NA,"FALSE","10·2","EAT",NA,NA
"568","numerals-bent1238-1-twentyone-1","numerals-bent1238-1","Chan2019","twentyone","21","pèrí yěy tùwⁿɔ́ sâː","periyeytuwnosa","??","FALSE","(10·2)+1{LIG}","EAT",NA,NA
"569","numerals-bent1238-1-twentytwo-1","numerals-bent1238-1","Chan2019","twentytwo","22","pèrí yěy yěy sâː","periyeyyeysa",NA,"FALSE","(10·2)+2{LIG}","EAT",NA,NA
"570","numerals-bent1238-1-twentythree-1","numerals-bent1238-1","Chan2019","twentythree","23","pèrí yěy tàːn sâː","periyeytansa",NA,"FALSE","(10·2)+3{LIG}","EAT",NA,NA
"571","numerals-bent1238-1-twentyfour-1","numerals-bent1238-1","Chan2019","twentyfour","24","pèrí yěy nǐːyⁿ sâː","periyeyniynsa",NA,"FALSE","(10·2)+4{LIG}","EAT",NA,NA
"572","numerals-bent1238-1-twentyfive-1","numerals-bent1238-1","Chan2019","twentyfive","25","pèrí yěy nùmǔyⁿ sâː","periyeynumuynsa",NA,"FALSE","(10·2)+5{LIG}","EAT",NA,NA
"573","numerals-bent1238-1-twentysix-1","numerals-bent1238-1","Chan2019","twentysix","26","pèrí yěy kúròy sâː","periyeykuroysa",NA,"FALSE","(10·2)+6{LIG}","EAT",NA,NA
"574","numerals-bent1238-1-twentyseven-1","numerals-bent1238-1","Chan2019","twentyseven","27","pèrí yěy súyⁿɔ̀yⁿ sâː","periyeysuynoynsa",NA,"FALSE","(10·2)+7{LIG}","EAT",NA,NA
"575","numerals-bent1238-1-twentyeight-1","numerals-bent1238-1","Chan2019","twentyeight","28","pèrí yěy ɡáːrày sâː","periyeygaraysa",NA,"FALSE","(10·2)+8{LIG}","EAT",NA,NA
"576","numerals-bent1238-1-twentynine-1","numerals-bent1238-1","Chan2019","twentynine","29","pèrí yěy tèːsǐm sâː","periyeytesimsa",NA,"FALSE","(10·2)+9{LIG}","EAT",NA,NA
"577","numerals-bent1238-1-thirty-1","numerals-bent1238-1","Chan2019","thirty","30","pɛ̀r tàːnú","pertanu",NA,"FALSE","10·3","EAT",NA,NA
"578","numerals-bent1238-1-forty-1","numerals-bent1238-1","Chan2019","forty","40","pɛ̀r nǐːyⁿ","perniyn",NA,"FALSE","10·4","EAT",NA,NA
"579","numerals-bent1238-1-fifty-1","numerals-bent1238-1","Chan2019","fifty","50","pɛ̀r nùmǔyⁿ","pernumuyn",NA,"FALSE","10·5","EAT",NA,NA
"580","numerals-bent1238-1-sixty-1","numerals-bent1238-1","Chan2019","sixty","60","pɛ̀r kúròy","perkuroy",NA,"FALSE","10·6","EAT",NA,NA
"581","numerals-bent1238-1-seventy-1","numerals-bent1238-1","Chan2019","seventy","70","pɛ̀r súyⁿɔ̀yⁿ","persuynoyn",NA,"FALSE","10·7","EAT",NA,NA
"582","numerals-bent1238-1-eighty-1","numerals-bent1238-1","Chan2019","eighty","80","pɛ̀r ɡáːrày","pergaray",NA,"FALSE","10·8","EAT",NA,NA
"583","numerals-bent1238-1-eighty-2","numerals-bent1238-1","Chan2019","eighty","80","dɔ̀ː sòŋɡú","dosonggu","( archaic form)","FALSE","10′·8′","EAT",NA,NA
"584","numerals-bent1238-1-ninety-1","numerals-bent1238-1","Chan2019","ninety","90","pɛ̀r tèːsǐm","pertesim",NA,"FALSE","10·9","EAT",NA,NA
"585","numerals-bent1238-1-hundred-1","numerals-bent1238-1","Chan2019","hundred","100","tɛ́ːmɛ́dɛ́rɛ̀","temedere","( < Fulfulde )","TRUE","100","EAT",NA,"loan"
"586","numerals-bent1238-1-twohundred-1","numerals-bent1238-1","Chan2019","twohundred","200","tɛ́ːmɛ́dɛ́rɛ̀ yěy","temedereyey","??","FALSE","100·2","EAT",NA,NA
"587","numerals-bent1238-1-thousand-1","numerals-bent1238-1","Chan2019","thousand","1000","mùsú","musu",NA,"FALSE","1000","EAT",NA,NA
"588","numerals-bent1238-1-twothousand-1","numerals-bent1238-1","Chan2019","twothousand","2000","mùsu yěy","musuyey","??","FALSE","1000·2","EAT",NA,NA
"589","numerals-bond1248-1-one-1","numerals-bond1248-1","Chan2019","one","1","tíí","tii","(túmɔ́ as a modifier)","FALSE","1","EAT",NA,NA
"590","numerals-bond1248-1-two-1","numerals-bond1248-1","Chan2019","two","2","néé","nee",NA,"FALSE","2","EAT",NA,NA
"591","numerals-bond1248-1-three-1","numerals-bond1248-1","Chan2019","three","3","tààndú","taandu",NA,"FALSE","3","EAT",NA,NA
"592","numerals-bond1248-1-four-1","numerals-bond1248-1","Chan2019","four","4","nǎy","nay",NA,"FALSE","4","EAT",NA,NA
"593","numerals-bond1248-1-five-1","numerals-bond1248-1","Chan2019","five","5","ǹnɔ́","nno",NA,"FALSE","5","EAT",NA,NA
"594","numerals-bond1248-1-six-1","numerals-bond1248-1","Chan2019","six","6","kúlóy","kuloy",NA,"FALSE","6","EAT",NA,NA
"595","numerals-bond1248-1-seven-1","numerals-bond1248-1","Chan2019","seven","7","sɔ́y","soy",NA,"FALSE","7","EAT",NA,NA
"596","numerals-bond1248-1-eight-1","numerals-bond1248-1","Chan2019","eight","8","ɡáɡìrà","gagira",NA,"FALSE","8","EAT",NA,NA
"597","numerals-bond1248-1-nine-1","numerals-bond1248-1","Chan2019","nine","9","túwwɔ́","tuwwo",NA,"FALSE","9","EAT",NA,NA
"598","numerals-bond1248-1-ten-1","numerals-bond1248-1","Chan2019","ten","10","pɛ́l","pel",NA,"FALSE","10","EAT",NA,NA
"599","numerals-bond1248-1-eleven-1","numerals-bond1248-1","Chan2019","eleven","11","pɛ́l-ɡó túrú-ɡó síɡɛ́","pelgoturugosige",NA,"FALSE","10+{LIG}1{LIG}","EAT",NA,NA
"600","numerals-bond1248-1-twelve-1","numerals-bond1248-1","Chan2019","twelve","12","pɛ́l-ɡó néé-ɡó siɡɛ́","pelgoneegosige",NA,"FALSE","10+{LIG}2{LIG}","EAT",NA,NA
"601","numerals-bond1248-1-thirteen-1","numerals-bond1248-1","Chan2019","thirteen","13","pɛ́l-ɡó tààndú-ɡó siɡɛ́","pelgotaandugosige",NA,"FALSE","10+{LIG}3{LIG}","EAT",NA,NA
"602","numerals-bond1248-1-fourteen-1","numerals-bond1248-1","Chan2019","fourteen","14","pɛ́l-ɡó nǎy-ɡó siɡɛ́","pelgonaygosige",NA,"FALSE","10+{LIG}4{LIG}","EAT",NA,NA
"603","numerals-bond1248-1-fifteen-1","numerals-bond1248-1","Chan2019","fifteen","15","pɛ́l-ɡó ǹnɔ́-ɡó siɡɛ́","pelgonnogosige",NA,"FALSE","10+{LIG}5{LIG}","EAT",NA,NA
"604","numerals-bond1248-1-sixteen-1","numerals-bond1248-1","Chan2019","sixteen","16","pɛ́l-ɡó kúlóy-ɡó siɡɛ́","pelgokuloygosige",NA,"FALSE","10+{LIG}6{LIG}","EAT",NA,NA
"605","numerals-bond1248-1-seventeen-1","numerals-bond1248-1","Chan2019","seventeen","17","pɛ́l-ɡó sɔ́y-ɡó siɡɛ́","pelgosoygosige",NA,"FALSE","10+{LIG}7{LIG}","EAT",NA,NA
"606","numerals-bond1248-1-eighteen-1","numerals-bond1248-1","Chan2019","eighteen","18","pɛ́l-ɡó ɡáɡìrà-ɡó siɡɛ́","pelgogagiragosige",NA,"FALSE","10+{LIG}8{LIG}","EAT",NA,NA
"607","numerals-bond1248-1-nineteen-1","numerals-bond1248-1","Chan2019","nineteen","19","pɛ́l-ɡó túwwɔ́-ɡó siɡɛ́","pelgotuwwogosige",NA,"FALSE","10+{LIG}9{LIG}","EAT",NA,NA
"608","numerals-bond1248-1-twenty-1","numerals-bond1248-1","Chan2019","twenty","20","pɛ̀ɛ̀-néé","peenee",NA,"FALSE","10·2","EAT",NA,NA
"609","numerals-bond1248-1-twentyone-1","numerals-bond1248-1","Chan2019","twentyone","21","pɛ̀ɛ̀-néé túrú-ɡó síɡɛ́","peeneeturugosige",NA,"FALSE","(10·2)+1{LIG}","EAT",NA,NA
"610","numerals-bond1248-1-twentytwo-1","numerals-bond1248-1","Chan2019","twentytwo","22","pɛ̀ɛ̀-néé néé-ɡó síɡɛ́","peeneeneegosige",NA,"FALSE","(10·2)+2{LIG}","EAT",NA,NA
"611","numerals-bond1248-1-twentythree-1","numerals-bond1248-1","Chan2019","twentythree","23","pɛ̀ɛ̀-néé tààndú-ɡó síɡɛ́","peeneetaandugosige",NA,"FALSE","(10·2)+3{LIG}","EAT",NA,NA
"612","numerals-bond1248-1-twentyfour-1","numerals-bond1248-1","Chan2019","twentyfour","24","pɛ̀ɛ̀-néé nǎy-ɡó síɡɛ́","peeneenaygosige",NA,"FALSE","(10·2)+4{LIG}","EAT",NA,NA
"613","numerals-bond1248-1-twentyfive-1","numerals-bond1248-1","Chan2019","twentyfive","25","pɛ̀ɛ̀-néé túrú-ɡó síɡɛ́","peeneeturugosige",NA,"FALSE","(10·2)+5{LIG}","EAT",NA,NA
"614","numerals-bond1248-1-twentysix-1","numerals-bond1248-1","Chan2019","twentysix","26","pɛ̀ɛ̀-néé kúlóy-ɡó síɡɛ́","peeneekuloygosige",NA,"FALSE","(10·2)+6{LIG}","EAT",NA,NA
"615","numerals-bond1248-1-twentyseven-1","numerals-bond1248-1","Chan2019","twentyseven","27","pɛ̀ɛ̀-néé sɔ́y-ɡó síɡɛ́","peeneesoygosige",NA,"FALSE","(10·2)+7{LIG}","EAT",NA,NA
"616","numerals-bond1248-1-twentyeight-1","numerals-bond1248-1","Chan2019","twentyeight","28","pɛ̀ɛ̀-néé ɡáɡìrà-ɡó síɡɛ́","peeneegagiragosige",NA,"FALSE","(10·2)+8{LIG}","EAT",NA,NA
"617","numerals-bond1248-1-twentynine-1","numerals-bond1248-1","Chan2019","twentynine","29","pɛ̀ɛ̀-néé túwwɔ́-ɡó síɡɛ́","peeneetuwwogosige",NA,"FALSE","(10·2)+9{LIG}","EAT",NA,NA
"618","numerals-bond1248-1-thirty-1","numerals-bond1248-1","Chan2019","thirty","30","pɛ́l-tààndú","peltaandu",NA,"FALSE","10·3","EAT",NA,NA
"619","numerals-bond1248-1-forty-1","numerals-bond1248-1","Chan2019","forty","40","pɛ́l-này","pelnay",NA,"FALSE","10·4","EAT",NA,NA
"620","numerals-bond1248-1-fifty-1","numerals-bond1248-1","Chan2019","fifty","50","pɛ́l-ǹnɔ́","pelnno",NA,"FALSE","10·5","EAT",NA,NA
"621","numerals-bond1248-1-sixty-1","numerals-bond1248-1","Chan2019","sixty","60","pɛ́l kúlóy","pelkuloy",NA,"FALSE","10·6","EAT",NA,NA
"622","numerals-bond1248-1-seventy-1","numerals-bond1248-1","Chan2019","seventy","70","pɛ́l sóy","pelsoy",NA,"FALSE","10·7","EAT",NA,NA
"623","numerals-bond1248-1-eighty-1","numerals-bond1248-1","Chan2019","eighty","80","pɛ́-ɡáɡìrà","pegagira",NA,"FALSE","10·8","EAT",NA,NA
"624","numerals-bond1248-1-eighty-2","numerals-bond1248-1","Chan2019","eighty","80","kɛ̀ɛ̀-súm","keesum","(old )","FALSE","10·8","EAT",NA,NA
"625","numerals-bond1248-1-ninety-1","numerals-bond1248-1","Chan2019","ninety","90","pɛ́-túwwɔ́","petuwwo",NA,"FALSE","10·9","EAT",NA,NA
"626","numerals-bond1248-1-ninety-2","numerals-bond1248-1","Chan2019","ninety","90","kɛ̀ɛ̀-súm =le kɛ̀ɛ̀lɛ̀ pɛ́l","keesumlekeelepel",NA,"FALSE","(10·8)+10","EAT",NA,NA
"627","numerals-bond1248-1-hundred-1","numerals-bond1248-1","Chan2019","hundred","100","kɛ̀ɛ̀-súm =le pɛ̀ɛ̀-néé","keesumlepeenee",NA,"FALSE","(10·8)+(10·2)","EAT",NA,NA
"628","numerals-bond1248-1-hundred-2","numerals-bond1248-1","Chan2019","hundred","100","tɛ́mɛ̀nd(r)ɛ̀","temendre","< Fula","TRUE","100","EAT",NA,NA
"629","numerals-bond1248-1-twohundred-1","numerals-bond1248-1","Chan2019","twohundred","200","tɛ́mɛ̀nd(r)ɛ̀ néé","temendrenee",NA,"FALSE","100·2","EAT",NA,NA
"630","numerals-bond1248-1-thousand-1","numerals-bond1248-1","Chan2019","thousand","1000","kɛ̀ɛ̀lɛ̀ mùnjó","keelemunjo","(formerly 800 )","FALSE","1·1000","EAT",NA,NA
"631","numerals-bond1248-1-twothousand-1","numerals-bond1248-1","Chan2019","twothousand","2000","mùnjó nèè","munjonee",NA,"FALSE",NA,"EAT",NA,NA
"632","numerals-dogu1235-1-one-1","numerals-dogu1235-1","Chan2019","one","1","tɔ̀mɔ̀","tomo",NA,"FALSE","1","EAT",NA,NA
"633","numerals-dogu1235-1-two-1","numerals-dogu1235-1","Chan2019","two","2","nééɡè","neege",NA,"FALSE","2","EAT",NA,NA
"634","numerals-dogu1235-1-three-1","numerals-dogu1235-1","Chan2019","three","3","táándù","taandu",NA,"FALSE","3","EAT",NA,NA
"635","numerals-dogu1235-1-four-1","numerals-dogu1235-1","Chan2019","four","4","kɛ́ɛ́sɔ̀","keeso",NA,"FALSE","4","EAT",NA,NA
"636","numerals-dogu1235-1-five-1","numerals-dogu1235-1","Chan2019","five","5","ǹó","no",NA,"FALSE","5","EAT",NA,NA
"637","numerals-dogu1235-1-six-1","numerals-dogu1235-1","Chan2019","six","6","kúlè","kule",NA,"FALSE","6","EAT",NA,NA
"638","numerals-dogu1235-1-seven-1","numerals-dogu1235-1","Chan2019","seven","7","sɔ́ɔ́wɛ̀","soowe",NA,"FALSE","7","EAT",NA,NA
"639","numerals-dogu1235-1-eight-1","numerals-dogu1235-1","Chan2019","eight","8","sèèlé","seele",NA,"FALSE","8","EAT",NA,NA
"640","numerals-dogu1235-1-nine-1","numerals-dogu1235-1","Chan2019","nine","9","tùùwɔ́","tuuwo",NA,"FALSE","9","EAT",NA,NA
"641","numerals-dogu1235-1-ten-1","numerals-dogu1235-1","Chan2019","ten","10","pɛ́ɛ̀l","peel",NA,"FALSE","10","EAT",NA,NA
"642","numerals-dogu1235-1-eleven-1","numerals-dogu1235-1","Chan2019","eleven","11","pɛ́l tɔ́mɔ̀sìɡà","peltomosiga",NA,"FALSE","10+1{LIG}","EAT",NA,"LIG=more"
"643","numerals-dogu1235-1-twelve-1","numerals-dogu1235-1","Chan2019","twelve","12","pɛ́l néɡèsìɡà","pelnegesiga",NA,"FALSE","10+2{LIG}","EAT",NA,NA
"644","numerals-dogu1235-1-thirteen-1","numerals-dogu1235-1","Chan2019","thirteen","13","pɛ́l tándùsìɡà","peltandusiga",NA,"FALSE","10+3{LIG}","EAT",NA,NA
"645","numerals-dogu1235-1-fourteen-1","numerals-dogu1235-1","Chan2019","fourteen","14","pɛ́l kɛ́sɔ́sìɡà","pelkesosiga",NA,"FALSE","10+4{LIG}","EAT",NA,NA
"646","numerals-dogu1235-1-fifteen-1","numerals-dogu1235-1","Chan2019","fifteen","15","pɛ́l ǹósìɡà","pelnosiga",NA,"FALSE","10+5{LIG}","EAT",NA,NA
"647","numerals-dogu1235-1-sixteen-1","numerals-dogu1235-1","Chan2019","sixteen","16","pɛ́l kúlèsìɡà","pelkulesiga",NA,"FALSE","10+6{LIG}","EAT",NA,NA
"648","numerals-dogu1235-1-seventeen-1","numerals-dogu1235-1","Chan2019","seventeen","17","pɛ́l sɔ́wɛ̀sìɡà","pelsowesiga",NA,"FALSE","10+7{LIG}","EAT",NA,NA
"649","numerals-dogu1235-1-eighteen-1","numerals-dogu1235-1","Chan2019","eighteen","18","pɛ́l sèlésìɡà","pelselesiga",NA,"FALSE","10+8{LIG}","EAT",NA,NA
"650","numerals-dogu1235-1-nineteen-1","numerals-dogu1235-1","Chan2019","nineteen","19","pɛ́l túwɔ́sìɡà","peltuwosiga",NA,"FALSE","10+9{LIG}","EAT",NA,NA
"651","numerals-dogu1235-1-twenty-1","numerals-dogu1235-1","Chan2019","twenty","20","pɛ́nééɡè","peneege",NA,"FALSE","10·2","EAT",NA,NA
"652","numerals-dogu1235-1-twentyone-1","numerals-dogu1235-1","Chan2019","twentyone","21","pɛ́nééɡè tɔ́mɔ̀sìɡà","peneegetomosiga",NA,"FALSE","(10·2)+1{LIG}","EAT",NA,NA
"653","numerals-dogu1235-1-twentytwo-1","numerals-dogu1235-1","Chan2019","twentytwo","22","pɛ́nééɡè néɡèsìɡà","peneegenegesiga",NA,"FALSE","(10·2)+2{LIG}","EAT",NA,NA
"654","numerals-dogu1235-1-twentythree-1","numerals-dogu1235-1","Chan2019","twentythree","23","pɛ́nééɡè tándùsìɡà","peneegetandusiga",NA,"FALSE","(10·2)+3{LIG}","EAT",NA,NA
"655","numerals-dogu1235-1-twentyfour-1","numerals-dogu1235-1","Chan2019","twentyfour","24","pɛ́nééɡè kɛ́sɔ́sìɡà","peneegekesosiga",NA,"FALSE","(10·2)+4{LIG}","EAT",NA,NA
"656","numerals-dogu1235-1-twentyfive-1","numerals-dogu1235-1","Chan2019","twentyfive","25","pɛ́nééɡè ǹósìɡà","peneegenosiga",NA,"FALSE","(10·2)+5{LIG}","EAT",NA,NA
"657","numerals-dogu1235-1-twentysix-1","numerals-dogu1235-1","Chan2019","twentysix","26","pɛ́nééɡè kúlèsìɡà","peneegekulesiga",NA,"FALSE","(10·2)+6{LIG}","EAT",NA,NA
"658","numerals-dogu1235-1-twentyseven-1","numerals-dogu1235-1","Chan2019","twentyseven","27","pɛ́nééɡè sɔ́wɛ̀sìɡà","peneegesowesiga",NA,"FALSE","(10·2)+7{LIG}","EAT",NA,NA
"659","numerals-dogu1235-1-twentyeight-1","numerals-dogu1235-1","Chan2019","twentyeight","28","pɛ́nééɡè sèlésìɡà","peneegeselesiga",NA,"FALSE","(10·2)+8{LIG}","EAT",NA,NA
"660","numerals-dogu1235-1-twentynine-1","numerals-dogu1235-1","Chan2019","twentynine","29","pɛ́nééɡè túwɔ́sìɡà","peneegetuwosiga",NA,"FALSE","(10·2)+9{LIG}","EAT",NA,NA
"661","numerals-dogu1235-1-thirty-1","numerals-dogu1235-1","Chan2019","thirty","30","pìráándù","piraandu",NA,"FALSE","10·2","EAT",NA,NA
"662","numerals-dogu1235-1-forty-1","numerals-dogu1235-1","Chan2019","forty","40","dɛ̀ɛ́","dee",NA,"FALSE","40","EAT",NA,NA
"663","numerals-dogu1235-1-fifty-1","numerals-dogu1235-1","Chan2019","fifty","50","pɛ́nnò","penno",NA,"FALSE","10·5","EAT",NA,NA
"664","numerals-dogu1235-1-sixty-1","numerals-dogu1235-1","Chan2019","sixty","60","pɛ̀l kùlé","pelkule",NA,"FALSE","10·6","EAT",NA,NA
"665","numerals-dogu1235-1-seventy-1","numerals-dogu1235-1","Chan2019","seventy","70","pɛ́l sɔ́ɔ́wɛ̀","pelsoowe",NA,"FALSE","10·7","EAT",NA,NA
"666","numerals-dogu1235-1-eighty-1","numerals-dogu1235-1","Chan2019","eighty","80","síìŋ","siing",NA,"FALSE","80","EAT",NA,NA
"667","numerals-dogu1235-1-eighty-2","numerals-dogu1235-1","Chan2019","eighty","80","pɛ́sèèlè","peseele",NA,"FALSE","10·8","EAT",NA,NA
"668","numerals-dogu1235-1-ninety-1","numerals-dogu1235-1","Chan2019","ninety","90","pɛ́ttùwà","pettuwa",NA,"FALSE","10·9","EAT",NA,NA
"669","numerals-dogu1235-1-ninety-2","numerals-dogu1235-1","Chan2019","ninety","90","síìŋ yàŋ kɛ̀lɛ̀pɛ́l","siingyangkelepel","( 80 + 10 )","FALSE","80+{LIG}10","EAT",NA,NA
"670","numerals-dogu1235-1-hundred-1","numerals-dogu1235-1","Chan2019","hundred","100","tɛ́mdɛ̀rɛ̀","temdere","( < Fulfulde )","TRUE","100","EAT",NA,NA
"671","numerals-dogu1235-1-twohundred-1","numerals-dogu1235-1","Chan2019","twohundred","200","tɛ́mdɛ̀ nééɡè","temdeneege",NA,"FALSE","100·2","EAT",NA,NA
"672","numerals-dogu1235-1-thousand-1","numerals-dogu1235-1","Chan2019","thousand","1000","múnjù","munju",NA,"FALSE","1000","EAT",NA,NA
"673","numerals-dogu1235-1-twothousand-1","numerals-dogu1235-1","Chan2019","twothousand","2000","múnjù nééɡè","munjuneege",NA,"FALSE","1000·2","EAT",NA,NA
"674","numerals-donn1239-1-one-1","numerals-donn1239-1","Chan2019","one","1","tí","ti","(for counting)","FALSE","1","EAT",NA,NA
"675","numerals-donn1239-1-one-2","numerals-donn1239-1","Chan2019","one","1","túru","turu",NA,"FALSE","1′","EAT",NA,NA
"676","numerals-donn1239-1-two-1","numerals-donn1239-1","Chan2019","two","2","lɛ̀y","ley",NA,"FALSE","2","EAT",NA,NA
"677","numerals-donn1239-1-three-1","numerals-donn1239-1","Chan2019","three","3","tàːnu","tanu",NA,"FALSE","3","EAT",NA,NA
"678","numerals-donn1239-1-four-1","numerals-donn1239-1","Chan2019","four","4","này","nay",NA,"FALSE","4","EAT",NA,NA
"679","numerals-donn1239-1-five-1","numerals-donn1239-1","Chan2019","five","5","nùmoro","numoro",NA,"FALSE","5","EAT",NA,NA
"680","numerals-donn1239-1-five-2","numerals-donn1239-1","Chan2019","five","5","nnɔ","nno",NA,"FALSE","5′","EAT",NA,NA
"681","numerals-donn1239-1-six-1","numerals-donn1239-1","Chan2019","six","6","kúlóy","kuloy",NA,"FALSE","6","EAT",NA,NA
"682","numerals-donn1239-1-six-2","numerals-donn1239-1","Chan2019","six","6","kulei","kulei",NA,"FALSE","6′","EAT",NA,NA
"683","numerals-donn1239-1-seven-1","numerals-donn1239-1","Chan2019","seven","7","sɔ̀y","soy",NA,"FALSE","7","EAT",NA,NA
"684","numerals-donn1239-1-eight-1","numerals-donn1239-1","Chan2019","eight","8","ɡàɡara","gagara",NA,"FALSE","8","EAT",NA,NA
"685","numerals-donn1239-1-nine-1","numerals-donn1239-1","Chan2019","nine","9","tùo","tuo",NA,"FALSE","9","EAT",NA,NA
"686","numerals-donn1239-1-nine-2","numerals-donn1239-1","Chan2019","nine","9","tuɡɔ","tugo",NA,"FALSE","9′","EAT",NA,NA
"687","numerals-donn1239-1-ten-1","numerals-donn1239-1","Chan2019","ten","10","pɛ́lu","pelu",NA,"FALSE","10","EAT",NA,NA
"688","numerals-donn1239-1-eleven-1","numerals-donn1239-1","Chan2019","eleven","11","pɛ́lu túru siɡɛ́","peluturusige",NA,"FALSE","10+1′{LIG}","EAT",NA,NA
"689","numerals-donn1239-1-twelve-1","numerals-donn1239-1","Chan2019","twelve","12","pɛ́lu léi siɡɛ́","peluleisige",NA,"FALSE","10+2{LIG}","EAT",NA,NA
"690","numerals-donn1239-1-thirteen-1","numerals-donn1239-1","Chan2019","thirteen","13","pɛ́lu táánú siɡɛ́","pelutaanusige",NA,"FALSE","10+3{LIG}","EAT",NA,NA
"691","numerals-donn1239-1-fourteen-1","numerals-donn1239-1","Chan2019","fourteen","14","pɛ́lu náí siɡɛ́","pelunaisige",NA,"FALSE","10+4{LIG}","EAT",NA,NA
"692","numerals-donn1239-1-fifteen-1","numerals-donn1239-1","Chan2019","fifteen","15","pɛ́lu númɔ́rɔ́n siɡɛ́","pelunumoronsige",NA,"FALSE","10+5{LIG}","EAT",NA,NA
"693","numerals-donn1239-1-sixteen-1","numerals-donn1239-1","Chan2019","sixteen","16","pɛ́lu kúlóí siɡɛ́","pelukuloisige",NA,"FALSE","10+6{LIG}","EAT",NA,NA
"694","numerals-donn1239-1-seventeen-1","numerals-donn1239-1","Chan2019","seventeen","17","pɛ́lu sɔ́í siɡɛ́","pelusoisige",NA,"FALSE","10+7{LIG}","EAT",NA,NA
"695","numerals-donn1239-1-eighteen-1","numerals-donn1239-1","Chan2019","eighteen","18","pɛ́lu ɡáɡárá siɡɛ́","pelugagarasige",NA,"FALSE","10+8{LIG}","EAT",NA,NA
"696","numerals-donn1239-1-nineteen-1","numerals-donn1239-1","Chan2019","nineteen","19","pɛ́lu túwɔ́ siɡɛ́","pelutuwosige",NA,"FALSE","10+9{LIG}","EAT",NA,NA
"697","numerals-donn1239-1-twenty-1","numerals-donn1239-1","Chan2019","twenty","20","pɛ́lu lɛ̀y","peluley",NA,"FALSE","10·2","EAT",NA,NA
"698","numerals-donn1239-1-twenty-2","numerals-donn1239-1","Chan2019","twenty","20","pɛ́llɛy","pelley",NA,"FALSE","10′·2","EAT",NA,NA
"699","numerals-donn1239-1-twentyone-1","numerals-donn1239-1","Chan2019","twentyone","21","pɛ́llɛy túru siɡɛ́","pelleyturusige",NA,"FALSE","(10′·2)+1′{LIG}","EAT",NA,NA
"700","numerals-donn1239-1-twentytwo-1","numerals-donn1239-1","Chan2019","twentytwo","22","pɛ́llɛy lɛ̀y siɡɛ́","pelleyleysige",NA,"FALSE","(10′·2)+2{LIG}","EAT",NA,NA
"701","numerals-donn1239-1-twentythree-1","numerals-donn1239-1","Chan2019","twentythree","23","pɛ́llɛy táánúsiɡɛ","pelleytaanusige",NA,"FALSE","(10′·2)+3{LIG}","EAT",NA,NA
"702","numerals-donn1239-1-twentyfour-1","numerals-donn1239-1","Chan2019","twentyfour","24","pɛ́llɛy náísiɡɛ","pelleynaisige",NA,"FALSE","(10′·2)+4{LIG}","EAT",NA,NA
"703","numerals-donn1239-1-twentyfive-1","numerals-donn1239-1","Chan2019","twentyfive","25","pɛ́llɛy númɔ́rɔ́nsiɡɛ","pelleynumoronsige",NA,"FALSE","(10′·2)+5{LIG}","EAT",NA,NA
"704","numerals-donn1239-1-twentysix-1","numerals-donn1239-1","Chan2019","twentysix","26","pɛ́llɛy kúlóísiɡɛ","pelleykuloisige",NA,"FALSE","(10′·2)+6{LIG}","EAT",NA,NA
"705","numerals-donn1239-1-twentyseven-1","numerals-donn1239-1","Chan2019","twentyseven","27","pɛ́llɛy sɔ́ísiɡɛ","pelleysoisige",NA,"FALSE","(10′·2)+7{LIG}","EAT",NA,NA
"706","numerals-donn1239-1-twentyeight-1","numerals-donn1239-1","Chan2019","twentyeight","28","pɛ́llɛy ɡáɡárásiɡɛ","pelleygagarasige",NA,"FALSE","(10′·2)+8{LIG}","EAT",NA,NA
"707","numerals-donn1239-1-twentynine-1","numerals-donn1239-1","Chan2019","twentynine","29","pɛ́llɛy túwɔ́siɡɛ","pelleytuwosige",NA,"FALSE","(10′·2)+9{LIG}","EAT",NA,NA
"708","numerals-donn1239-1-thirty-1","numerals-donn1239-1","Chan2019","thirty","30","pɛ́lu tàːnu","pelutanu",NA,"FALSE","10·3","EAT",NA,NA
"709","numerals-donn1239-1-thirty-2","numerals-donn1239-1","Chan2019","thirty","30","pɛ́ːtàːnu","petanu",NA,"FALSE","10·3","EAT",NA,NA
"710","numerals-donn1239-1-forty-1","numerals-donn1239-1","Chan2019","forty","40","pɛ́lu này","pelunay",NA,"FALSE","10·4","EAT",NA,NA
"711","numerals-donn1239-1-forty-2","numerals-donn1239-1","Chan2019","forty","40","pɛ́nnay","pennay",NA,"FALSE","10′·4","EAT",NA,NA
"712","numerals-donn1239-1-fifty-1","numerals-donn1239-1","Chan2019","fifty","50","pɛ́lu númɔ́rɔ́n","pelunumoron",NA,"FALSE","10·5","EAT",NA,NA
"713","numerals-donn1239-1-sixty-1","numerals-donn1239-1","Chan2019","sixty","60","pɛ́lu kúlóí","pelukuloi",NA,"FALSE","10·6","EAT",NA,NA
"714","numerals-donn1239-1-seventy-1","numerals-donn1239-1","Chan2019","seventy","70","pɛ́lu sɔ́í","pelusoi",NA,"FALSE","10·7","EAT",NA,NA
"715","numerals-donn1239-1-eighty-1","numerals-donn1239-1","Chan2019","eighty","80","súŋu","sungu",NA,"FALSE","80","EAT",NA,NA
"716","numerals-donn1239-1-ninety-1","numerals-donn1239-1","Chan2019","ninety","90","súŋu le pɛ́llu","sungulepellu","( 80 + 10 )","FALSE","80+{LIG}10","EAT",NA,NA
"717","numerals-donn1239-1-hundred-1","numerals-donn1239-1","Chan2019","hundred","100","súŋú le pɛ́llɛy","sungulepelley","( 80 + 20 )","FALSE","80+{LIG}(10′·2)","EAT",NA,NA
"718","numerals-donn1239-1-twohundred-1","numerals-donn1239-1","Chan2019","twohundred","200","súŋu lɛ̀y pɛ́nnay","sunguleypennay","[( 80 x 2 ) + 40 ]","FALSE","(80·2)+{LIG}(10′·4)","EAT",NA,NA
"719","numerals-donn1239-1-thousand-1","numerals-donn1239-1","Chan2019","thousand","1000","mùɲu súŋu lɛ̀y pɛ́nnay","munusunguleypennay","( 800 + 200 )","FALSE","800+(80·2)+{LIG}(10′·4)","EAT",NA,NA
"720","numerals-donn1239-1-twothousand-1","numerals-donn1239-1","Chan2019","twothousand","2000","mùɲú lɛ̀y súŋu nnɔ","munuleysungunno","( 1600 + 400 )","FALSE","(800·2)+{LIG}(80′·5)","EAT",NA,NA
"721","numerals-jams1239-1-one-1","numerals-jams1239-1","Chan2019","one","1","túrú","turu",NA,"FALSE","1","EAT",NA,NA
"722","numerals-jams1239-1-two-1","numerals-jams1239-1","Chan2019","two","2","lɛ̌y","ley",NA,"FALSE","2","EAT",NA,NA
"723","numerals-jams1239-1-two-2","numerals-jams1239-1","Chan2019","two","2","lɛ̀y","ley",NA,"FALSE","2","EAT",NA,NA
"724","numerals-jams1239-1-three-1","numerals-jams1239-1","Chan2019","three","3","tǎːn","tan",NA,"FALSE","3","EAT",NA,NA
"725","numerals-jams1239-1-three-2","numerals-jams1239-1","Chan2019","three","3","tàːn","tan",NA,"FALSE","3","EAT",NA,NA
"726","numerals-jams1239-1-four-1","numerals-jams1239-1","Chan2019","four","4","nǎyⁿ","nayn",NA,"FALSE","4","EAT",NA,NA
"727","numerals-jams1239-1-four-2","numerals-jams1239-1","Chan2019","four","4","nàyⁿ","nayn","( *)","FALSE","4","EAT",NA,NA
"728","numerals-jams1239-1-five-1","numerals-jams1239-1","Chan2019","five","5","nǔːyⁿ","nuyn",NA,"FALSE","5","EAT",NA,NA
"729","numerals-jams1239-1-five-2","numerals-jams1239-1","Chan2019","five","5","nùːyⁿ","nuyn",NA,"FALSE","5","EAT",NA,NA
"730","numerals-jams1239-1-six-1","numerals-jams1239-1","Chan2019","six","6","kúróy","kuroy",NA,"FALSE","6","EAT",NA,NA
"731","numerals-jams1239-1-seven-1","numerals-jams1239-1","Chan2019","seven","7","sûyⁿ","suyn",NA,"FALSE","7","EAT",NA,NA
"732","numerals-jams1239-1-eight-1","numerals-jams1239-1","Chan2019","eight","8","ɡáːrà","gara",NA,"FALSE","8","EAT",NA,NA
"733","numerals-jams1239-1-nine-1","numerals-jams1239-1","Chan2019","nine","9","láːrúwà","laruwa",NA,"FALSE","9","EAT",NA,NA
"734","numerals-jams1239-1-nine-2","numerals-jams1239-1","Chan2019","nine","9","láːrwà","larwa",NA,"FALSE","9","EAT",NA,NA
"735","numerals-jams1239-1-ten-1","numerals-jams1239-1","Chan2019","ten","10","pɛ́rú","peru",NA,"FALSE","10","EAT",NA,NA
"736","numerals-jams1239-1-eleven-1","numerals-jams1239-1","Chan2019","eleven","11","pɛ́rɛ́ túrú sáɣà","pereturusaga","(litː one plus )","FALSE","10+1{LIG}","EAT",NA,NA
"737","numerals-jams1239-1-twelve-1","numerals-jams1239-1","Chan2019","twelve","12","pɛ́rɛ́ lɛ̀y sáɣà","pereleysaga",NA,"FALSE","10+2{LIG}","EAT",NA,NA
"738","numerals-jams1239-1-thirteen-1","numerals-jams1239-1","Chan2019","thirteen","13","pɛ́rɛ́ tàːn sáɣà","peretansaga",NA,"FALSE","10+3{LIG}","EAT",NA,NA
"739","numerals-jams1239-1-fourteen-1","numerals-jams1239-1","Chan2019","fourteen","14","pɛ́rɛ́ nàyⁿ sáɣà","perenaynsaga",NA,"FALSE","10+4{LIG}","EAT",NA,NA
"740","numerals-jams1239-1-fifteen-1","numerals-jams1239-1","Chan2019","fifteen","15","pɛ́rɛ́ nùːyⁿ sáɣà","perenuynsaga",NA,"FALSE","10+5{LIG}","EAT",NA,NA
"741","numerals-jams1239-1-sixteen-1","numerals-jams1239-1","Chan2019","sixteen","16","pɛ́rɛ́ kúróy sáɣà","perekuroysaga",NA,"FALSE","10+6{LIG}","EAT",NA,NA
"742","numerals-jams1239-1-seventeen-1","numerals-jams1239-1","Chan2019","seventeen","17","pɛ́rɛ́ sûyⁿ sáɣà","peresuynsaga",NA,"FALSE","10+7{LIG}","EAT",NA,NA
"743","numerals-jams1239-1-eighteen-1","numerals-jams1239-1","Chan2019","eighteen","18","pɛ́rɛ́ ɡáːrà sáɣà","peregarasaga",NA,"FALSE","10+8{LIG}","EAT",NA,NA
"744","numerals-jams1239-1-nineteen-1","numerals-jams1239-1","Chan2019","nineteen","19","pɛ́rɛ́ láːrúwà sáɣà","perelaruwasaga",NA,"FALSE","10+9{LIG}","EAT",NA,NA
"745","numerals-jams1239-1-twenty-1","numerals-jams1239-1","Chan2019","twenty","20","pɛ́l-lɛ̀y","pelley",NA,"FALSE","10·2","EAT",NA,NA
"746","numerals-jams1239-1-twentyone-1","numerals-jams1239-1","Chan2019","twentyone","21","pɛ́l-lɛ̀y túrú sáɣà","pelleyturusaga",NA,"FALSE","(10·2)+1{LIG}","EAT",NA,NA
"747","numerals-jams1239-1-twentytwo-1","numerals-jams1239-1","Chan2019","twentytwo","22","pɛ́l-lɛ̀y lɛ̀y sáɣà","pelleyleysaga",NA,"FALSE","(10·2)+2{LIG}","EAT",NA,NA
"748","numerals-jams1239-1-twentythree-1","numerals-jams1239-1","Chan2019","twentythree","23","pɛ́l-lɛ̀y tàːn sáɣà","pelleytansaga",NA,"FALSE","(10·2)+3{LIG}","EAT",NA,NA
"749","numerals-jams1239-1-twentyfour-1","numerals-jams1239-1","Chan2019","twentyfour","24","pɛ́l-lɛ̀y nàyⁿ sáɣà","pelleynaynsaga",NA,"FALSE","(10·2)+4{LIG}","EAT",NA,NA
"750","numerals-jams1239-1-twentyfive-1","numerals-jams1239-1","Chan2019","twentyfive","25","pɛ́l-lɛ̀y nùːyⁿ sáɣà","pelleynuynsaga",NA,"FALSE","(10·2)+5{LIG}","EAT",NA,NA
"751","numerals-jams1239-1-twentysix-1","numerals-jams1239-1","Chan2019","twentysix","26","pɛ́l-lɛ̀y kúróy sáɣà","pelleykuroysaga",NA,"FALSE","(10·2)+6{LIG}","EAT",NA,NA
"752","numerals-jams1239-1-twentyseven-1","numerals-jams1239-1","Chan2019","twentyseven","27","pɛ́l-lɛ̀y sûyⁿ sáɣà","pelleysuynsaga",NA,"FALSE","(10·2)+7{LIG}","EAT",NA,NA
"753","numerals-jams1239-1-twentyeight-1","numerals-jams1239-1","Chan2019","twentyeight","28","pɛ́l-lɛ̀y ɡáːrà sáɣà","pelleygarasaga",NA,"FALSE","(10·2)+8{LIG}","EAT",NA,NA
"754","numerals-jams1239-1-twentynine-1","numerals-jams1239-1","Chan2019","twentynine","29","pɛ́l-lɛ̀y láːrúwà sáɣà","pelleylaruwasaga",NA,"FALSE","(10·2)+9{LIG}","EAT",NA,NA
"755","numerals-jams1239-1-thirty-1","numerals-jams1239-1","Chan2019","thirty","30","pɛ́t-tàːn","pettan",NA,"FALSE","10·3","EAT",NA,NA
"756","numerals-jams1239-1-forty-1","numerals-jams1239-1","Chan2019","forty","40","pɛ́n-nàyⁿ","pennayn",NA,"FALSE","10·4","EAT",NA,NA
"757","numerals-jams1239-1-fifty-1","numerals-jams1239-1","Chan2019","fifty","50","pɛ́n-nùːyⁿ","pennuyn",NA,"FALSE","10·5","EAT",NA,NA
"758","numerals-jams1239-1-sixty-1","numerals-jams1239-1","Chan2019","sixty","60","pɛ̀rù-kúróy","perukuroy",NA,"FALSE","10·6","EAT",NA,NA
"759","numerals-jams1239-1-seventy-1","numerals-jams1239-1","Chan2019","seventy","70","pɛ̀ru sûyⁿ","perusuyn",NA,"FALSE","10·7","EAT",NA,NA
"760","numerals-jams1239-1-eighty-1","numerals-jams1239-1","Chan2019","eighty","80","pɛ̀rù-ɡáːrà","perugara",NA,"FALSE","10·8","EAT",NA,NA
"761","numerals-jams1239-1-eighty-2","numerals-jams1239-1","Chan2019","eighty","80","dɔ̀ɣɔ̀-sǔŋ","dogosung",NA,"FALSE","?","EAT",NA,"10·8"
"762","numerals-jams1239-1-ninety-1","numerals-jams1239-1","Chan2019","ninety","90","pɛ̀l-láːrúwà","pellaruwa",NA,"FALSE","10·9","EAT",NA,NA
"763","numerals-jams1239-1-ninety-2","numerals-jams1239-1","Chan2019","ninety","90","pɛ̀l-láːrwà","pellarwa",NA,"FALSE","10·9","EAT",NA,NA
"764","numerals-jams1239-1-hundred-1","numerals-jams1239-1","Chan2019","hundred","100","sǔŋ","sung",NA,"FALSE","100","EAT",NA,NA
"765","numerals-jams1239-1-hundred-2","numerals-jams1239-1","Chan2019","hundred","100","tɛ́ːmɛ́dɛ́rɛ̀","temedere","( < Fulfulde )","TRUE","100","EAT",NA,"borrowed"
"766","numerals-jams1239-1-twohundred-1","numerals-jams1239-1","Chan2019","twohundred","200","tɛ́ːmɛ́dɛ̂r lɛ̀y","temederley",NA,"FALSE","100·2","EAT",NA,NA
"767","numerals-jams1239-1-thousand-1","numerals-jams1239-1","Chan2019","thousand","1000","mùɲú","munu",NA,"FALSE","1000","EAT",NA,NA
"768","numerals-jams1239-1-twothousand-1","numerals-jams1239-1","Chan2019","twothousand","2000","mùɲú lɛ̀y","munuley",NA,"FALSE","1000·2","EAT",NA,NA
"769","numerals-momb1254-1-one-1","numerals-momb1254-1","Chan2019","one","1","yɛ̀ːtáːŋɡù","yetanggu",NA,"FALSE","1","EAT",NA,NA
"770","numerals-momb1254-1-one-2","numerals-momb1254-1","Chan2019","one","1","tíːtà","tita","(in counting)","FALSE","1","EAT",NA,NA
"771","numerals-momb1254-1-two-1","numerals-momb1254-1","Chan2019","two","2","nɛ́ːŋɡá","nengga",NA,"FALSE","2","EAT",NA,NA
"772","numerals-momb1254-1-three-1","numerals-momb1254-1","Chan2019","three","3","táːndì","tandi",NA,"FALSE","3","EAT",NA,NA
"773","numerals-momb1254-1-four-1","numerals-momb1254-1","Chan2019","four","4","kɛ́ːjɔ́","kejo",NA,"FALSE","4","EAT",NA,NA
"774","numerals-momb1254-1-five-1","numerals-momb1254-1","Chan2019","five","5","núːmù","numu",NA,"FALSE","5","EAT",NA,NA
"775","numerals-momb1254-1-six-1","numerals-momb1254-1","Chan2019","six","6","kúléyⁿ","kuleyn",NA,"FALSE","6","EAT",NA,NA
"776","numerals-momb1254-1-seven-1","numerals-momb1254-1","Chan2019","seven","7","sɔ́ːlì","soli",NA,"FALSE","7","EAT",NA,NA
"777","numerals-momb1254-1-eight-1","numerals-momb1254-1","Chan2019","eight","8","séːlè","sele",NA,"FALSE","8","EAT",NA,NA
"778","numerals-momb1254-1-nine-1","numerals-momb1254-1","Chan2019","nine","9","tóːwà","towa",NA,"FALSE","9","EAT",NA,NA
"779","numerals-momb1254-1-ten-1","numerals-momb1254-1","Chan2019","ten","10","pɛ́ːlù","pelu",NA,"FALSE","10","EAT",NA,NA
"780","numerals-momb1254-1-eleven-1","numerals-momb1254-1","Chan2019","eleven","11","pɛ́ːlú yɛ̀ː táːŋɡá súɡɔ́","peluyetanggasugo",NA,"FALSE","10+{LIG}1","EAT",NA,"what does sugo mean?"
"781","numerals-momb1254-1-twelve-1","numerals-momb1254-1","Chan2019","twelve","12","pɛ́ːlú nɛ́ːŋɡá súɡɔ́","pelunenggasugo",NA,"FALSE","10+{LIG}2","EAT",NA,NA
"782","numerals-momb1254-1-thirteen-1","numerals-momb1254-1","Chan2019","thirteen","13","pɛ́ːlú táːndì súɡɔ́","pelutandisugo",NA,"FALSE","10+{LIG}3","EAT",NA,NA
"783","numerals-momb1254-1-fourteen-1","numerals-momb1254-1","Chan2019","fourteen","14","pɛ́ːlú kɛ́ːjɔ́ súɡɔ́","pelukejosugo",NA,"FALSE","10+{LIG}4","EAT",NA,NA
"784","numerals-momb1254-1-fifteen-1","numerals-momb1254-1","Chan2019","fifteen","15","pɛ́ːlú núːmù súɡɔ́","pelunumusugo",NA,"FALSE","10+{LIG}5","EAT",NA,NA
"785","numerals-momb1254-1-sixteen-1","numerals-momb1254-1","Chan2019","sixteen","16","pɛ́ːlú kúléyⁿ súɡɔ́","pelukuleynsugo",NA,"FALSE","10+{LIG}6","EAT",NA,NA
"786","numerals-momb1254-1-seventeen-1","numerals-momb1254-1","Chan2019","seventeen","17","pɛ́ːlú sɔ́ːlì súɡɔ́","pelusolisugo",NA,"FALSE","10+{LIG}7","EAT",NA,NA
"787","numerals-momb1254-1-eighteen-1","numerals-momb1254-1","Chan2019","eighteen","18","pɛ́ːlú séːlè súɡɔ́","peluselesugo",NA,"FALSE","10+{LIG}8","EAT",NA,NA
"788","numerals-momb1254-1-nineteen-1","numerals-momb1254-1","Chan2019","nineteen","19","pɛ́rɛ́ tóːwà súɡɔ́","peretowasugo",NA,"FALSE","10+{LIG}9","EAT",NA,NA
"789","numerals-momb1254-1-twenty-1","numerals-momb1254-1","Chan2019","twenty","20","pɛ́ːnɛ́ːŋɡá","penengga",NA,"FALSE","10·2","EAT",NA,NA
"790","numerals-momb1254-1-twentyone-1","numerals-momb1254-1","Chan2019","twentyone","21","pɛ́ːnɛ́ːŋɡá yɛ̀ː táːŋɡá súɡɔ́","penenggayetanggasugo",NA,"FALSE","(10·2)+1","EAT",NA,NA
"791","numerals-momb1254-1-twentytwo-1","numerals-momb1254-1","Chan2019","twentytwo","22","pɛ́ːnɛ́ːŋɡá nɛ́ːŋɡá súɡɔ́","penengganenggasugo",NA,"FALSE","(10·2)+2","EAT",NA,NA
"792","numerals-momb1254-1-twentythree-1","numerals-momb1254-1","Chan2019","twentythree","23","pɛ́ːnɛ́ːŋɡá táːndì súɡɔ́","penenggatandisugo",NA,"FALSE","(10·2)+3","EAT",NA,NA
"793","numerals-momb1254-1-twentyfour-1","numerals-momb1254-1","Chan2019","twentyfour","24","pɛ́ːnɛ́ːŋɡá kɛ́ːjɔ́ súɡɔ́","penenggakejosugo",NA,"FALSE","(10·2)+4","EAT",NA,NA
"794","numerals-momb1254-1-twentyfive-1","numerals-momb1254-1","Chan2019","twentyfive","25","pɛ́ːnɛ́ːŋɡá núːmù súɡɔ́","penengganumusugo",NA,"FALSE","(10·2)+5","EAT",NA,NA
"795","numerals-momb1254-1-twentysix-1","numerals-momb1254-1","Chan2019","twentysix","26","pɛ́ːnɛ́ːŋɡá kúléyⁿ súɡɔ́","penenggakuleynsugo",NA,"FALSE","(10·2)+6","EAT",NA,NA
"796","numerals-momb1254-1-twentyseven-1","numerals-momb1254-1","Chan2019","twentyseven","27","pɛ́ːnɛ́ːŋɡá sɔ́ːlì súɡɔ́","penenggasolisugo",NA,"FALSE","(10·2)+7","EAT",NA,NA
"797","numerals-momb1254-1-twentyeight-1","numerals-momb1254-1","Chan2019","twentyeight","28","pɛ́ːnɛ́ːŋɡá séːlè súɡɔ́","penenggaselesugo",NA,"FALSE","(10·2)+8","EAT",NA,NA
"798","numerals-momb1254-1-twentynine-1","numerals-momb1254-1","Chan2019","twentynine","29","pɛ́ːnɛ́ːŋɡá tóːwà súɡɔ́","penenggatowasugo",NA,"FALSE","(10·2)+9","EAT",NA,NA
"799","numerals-momb1254-1-thirty-1","numerals-momb1254-1","Chan2019","thirty","30","pɛ́ːtáːndì","petandi",NA,"FALSE","10·3","EAT",NA,NA
"800","numerals-momb1254-1-forty-1","numerals-momb1254-1","Chan2019","forty","40","dɛ̂ː","de",NA,"FALSE","40","EAT",NA,NA
"801","numerals-momb1254-1-fifty-1","numerals-momb1254-1","Chan2019","fifty","50","dɛ̀ː ndò pèːlú","dendopelu",NA,"FALSE","40+10","EAT",NA,NA
"802","numerals-momb1254-1-sixty-1","numerals-momb1254-1","Chan2019","sixty","60","pɛ́ːlú kúléyⁿ","pelukuleyn",NA,"FALSE","10·6","EAT",NA,NA
"803","numerals-momb1254-1-seventy-1","numerals-momb1254-1","Chan2019","seventy","70","síŋɡì pɛ́ːlú ólyâː","singgipeluolya","( 80 - 10 ? )","FALSE","80-10","EAT",NA,NA
"804","numerals-momb1254-1-eighty-1","numerals-momb1254-1","Chan2019","eighty","80","síŋɡì","singgi",NA,"FALSE","80-10","EAT",NA,NA
"805","numerals-momb1254-1-ninety-1","numerals-momb1254-1","Chan2019","ninety","90","síŋɡì ndò pɛ́ːlú","singgindopelu","( 80 + 10 )","FALSE","80+10","EAT",NA,NA
"806","numerals-momb1254-1-hundred-1","numerals-momb1254-1","Chan2019","hundred","100","síŋɡì ndò pɛ̀ː-nɛ́ːŋɡá","singgindopenengga","( 80 + 20 )","FALSE","80+(10·2)","EAT",NA,NA
"807","numerals-momb1254-1-twohundred-1","numerals-momb1254-1","Chan2019","twohundred","200","tɛ́mdɛ́rɛ́ nɛ́ŋɡá","temderenengga",NA,"FALSE","100·2","EAT",NA,NA
"808","numerals-momb1254-1-thousand-1","numerals-momb1254-1","Chan2019","thousand","1000","múnjù","munju",NA,"FALSE","1000","EAT",NA,NA
"809","numerals-momb1254-1-thousand-2","numerals-momb1254-1","Chan2019","thousand","1000","sìlá múnju","silamunju",NA,"FALSE","?","EAT",NA,"same form used alon as 1000"
"810","numerals-momb1254-1-twothousand-1","numerals-momb1254-1","Chan2019","twothousand","2000","múnjù nɛ́ːŋɡà","munjunengga",NA,"FALSE","1000·2","EAT",NA,NA
"811","numerals-nang1261-1-one-1","numerals-nang1261-1","Chan2019","one","1","tùmâ","tuma",NA,"FALSE","1","EAT",NA,NA
"812","numerals-nang1261-1-two-1","numerals-nang1261-1","Chan2019","two","2","wǒj","woj",NA,"FALSE","2","EAT",NA,NA
"813","numerals-nang1261-1-three-1","numerals-nang1261-1","Chan2019","three","3","tàːndǐː","tandi",NA,"FALSE","3","EAT",NA,NA
"814","numerals-nang1261-1-four-1","numerals-nang1261-1","Chan2019","four","4","nɔ̌jⁿ","nojn",NA,"FALSE","4","EAT",NA,NA
"815","numerals-nang1261-1-five-1","numerals-nang1261-1","Chan2019","five","5","nìmǐː","nimi",NA,"FALSE","5","EAT",NA,NA
"816","numerals-nang1261-1-six-1","numerals-nang1261-1","Chan2019","six","6","kúrê","kure",NA,"FALSE","6","EAT",NA,NA
"817","numerals-nang1261-1-seven-1","numerals-nang1261-1","Chan2019","seven","7","sújɛ̂","suje",NA,"FALSE","7","EAT",NA,NA
"818","numerals-nang1261-1-eight-1","numerals-nang1261-1","Chan2019","eight","8","ɡáːrɛ̀","gare",NA,"FALSE","8","EAT",NA,NA
"819","numerals-nang1261-1-nine-1","numerals-nang1261-1","Chan2019","nine","9","tèːsǐː","tesi",NA,"FALSE","9","EAT",NA,NA
"820","numerals-nang1261-1-ten-1","numerals-nang1261-1","Chan2019","ten","10","pɛ́ːrú","peru",NA,"FALSE","10","EAT",NA,NA
"821","numerals-nang1261-1-eleven-1","numerals-nang1261-1","Chan2019","eleven","11","pɛ̂ːr tùmâ sáɡâ","pertumasaga",NA,"FALSE","10+1","EAT",NA,NA
"822","numerals-nang1261-1-twelve-1","numerals-nang1261-1","Chan2019","twelve","12","pɛ̂ːr wǒj sáɡâ","perwojsaga",NA,"FALSE","10+2","EAT",NA,NA
"823","numerals-nang1261-1-thirteen-1","numerals-nang1261-1","Chan2019","thirteen","13","pɛ̂ːr tàːndǐː sáɡâ","pertandisaga",NA,"FALSE","10+3","EAT",NA,NA
"824","numerals-nang1261-1-fourteen-1","numerals-nang1261-1","Chan2019","fourteen","14","pɛ̂ːr nɔ̌jⁿ sáɡâ","pernojnsaga",NA,"FALSE","10+4","EAT",NA,NA
"825","numerals-nang1261-1-fifteen-1","numerals-nang1261-1","Chan2019","fifteen","15","pɛ̂ːr nìmǐː sáɡâ","pernimisaga",NA,"FALSE","10+5","EAT",NA,NA
"826","numerals-nang1261-1-sixteen-1","numerals-nang1261-1","Chan2019","sixteen","16","pɛ̂ːr kúrê sáɡâ","perkuresaga",NA,"FALSE","10+6","EAT",NA,NA
"827","numerals-nang1261-1-seventeen-1","numerals-nang1261-1","Chan2019","seventeen","17","pɛ̂ːr sújɛ̂ sáɡâ","persujesaga",NA,"FALSE","10+7","EAT",NA,NA
"828","numerals-nang1261-1-eighteen-1","numerals-nang1261-1","Chan2019","eighteen","18","pɛ̂ːr ɡáːrɛ̀ sáɡâ","pergaresaga",NA,"FALSE","10+8","EAT",NA,NA
"829","numerals-nang1261-1-nineteen-1","numerals-nang1261-1","Chan2019","nineteen","19","pɛ̂ːr tèːsǐː sáɡâ","pertesisaga",NA,"FALSE","10+9","EAT",NA,NA
"830","numerals-nang1261-1-twenty-1","numerals-nang1261-1","Chan2019","twenty","20","pɛ̀rí jěj","perijej",NA,"FALSE","10·2","EAT",NA,NA
"831","numerals-nang1261-1-twentyone-1","numerals-nang1261-1","Chan2019","twentyone","21","pɛ̀rí jěj tùmâ sáɡâ","perijejtumasaga","??","FALSE","(10·2)+1","EAT",NA,NA
"832","numerals-nang1261-1-twentytwo-1","numerals-nang1261-1","Chan2019","twentytwo","22","pɛ̀rí jěj wǒj sáɡâ","perijejwojsaga",NA,"FALSE","(10·2)+2","EAT",NA,NA
"833","numerals-nang1261-1-twentythree-1","numerals-nang1261-1","Chan2019","twentythree","23","pɛ̀rí jěj tàːndǐː sáɡâ","perijejtandisaga",NA,"FALSE","(10·2)+3","EAT",NA,NA
"834","numerals-nang1261-1-twentyfour-1","numerals-nang1261-1","Chan2019","twentyfour","24","pɛ̀rí jěj nɔ̌jⁿ sáɡâ","perijejnojnsaga",NA,"FALSE","(10·2)+4","EAT",NA,NA
"835","numerals-nang1261-1-twentyfive-1","numerals-nang1261-1","Chan2019","twentyfive","25","pɛ̀rí jěj nìmǐː sáɡâ","perijejnimisaga",NA,"FALSE","(10·2)+5","EAT",NA,NA
"836","numerals-nang1261-1-twentysix-1","numerals-nang1261-1","Chan2019","twentysix","26","pɛ̀rí jěj kúrê sáɡâ","perijejkuresaga",NA,"FALSE","(10·2)+6","EAT",NA,NA
"837","numerals-nang1261-1-twentyseven-1","numerals-nang1261-1","Chan2019","twentyseven","27","pɛ̀rí jěj sújɛ̂ sáɡâ","perijejsujesaga",NA,"FALSE","(10·2)+7","EAT",NA,NA
"838","numerals-nang1261-1-twentyeight-1","numerals-nang1261-1","Chan2019","twentyeight","28","pɛ̀rí jěj ɡáːrɛ̀ sáɡâ","perijejgaresaga",NA,"FALSE","(10·2)+8","EAT",NA,NA
"839","numerals-nang1261-1-twentynine-1","numerals-nang1261-1","Chan2019","twentynine","29","pɛ̀rí jěj tèːsǐː sáɡâ","perijejtesisaga",NA,"FALSE","(10·2)+9","EAT",NA,NA
"840","numerals-nang1261-1-thirty-1","numerals-nang1261-1","Chan2019","thirty","30","pɛ̌n tàːndǐː","pentandi",NA,"FALSE","10·3","EAT",NA,NA
"841","numerals-nang1261-1-forty-1","numerals-nang1261-1","Chan2019","forty","40","pɛ̌n nɔ̌jⁿ","pennojn",NA,"FALSE","10·4","EAT",NA,NA
"842","numerals-nang1261-1-fifty-1","numerals-nang1261-1","Chan2019","fifty","50","pɛ̌n nìmǐː","pennimi",NA,"FALSE","10·5","EAT",NA,NA
"843","numerals-nang1261-1-sixty-1","numerals-nang1261-1","Chan2019","sixty","60","pɛ̀r kúrê","perkure",NA,"FALSE","10·6","EAT",NA,NA
"844","numerals-nang1261-1-seventy-1","numerals-nang1261-1","Chan2019","seventy","70","pɛ̀r sújɛ̂","persuje",NA,"FALSE","10·7","EAT",NA,NA
"845","numerals-nang1261-1-eighty-1","numerals-nang1261-1","Chan2019","eighty","80","pɛ̀r ɡáːrɛ̀","pergare",NA,"FALSE","10·8","EAT",NA,NA
"846","numerals-nang1261-1-eighty-2","numerals-nang1261-1","Chan2019","eighty","80","dɔ̀ɡɔ̀ sěŋ","dogoseng","(archaic)","FALSE","10·9′","EAT",NA,NA
"847","numerals-nang1261-1-ninety-1","numerals-nang1261-1","Chan2019","ninety","90","pɛ̀r tèːsǐː","pertesi",NA,"FALSE","10·9","EAT",NA,NA
"848","numerals-nang1261-1-hundred-1","numerals-nang1261-1","Chan2019","hundred","100","tɛ́ːmɛ́dɛ́rɛ̀","temedere",NA,"FALSE","100","EAT",NA,"loan"
"849","numerals-nang1261-1-hundred-2","numerals-nang1261-1","Chan2019","hundred","100","tɛ́ːmdɛ́rɛ̀","temdere","( < Fulfulde )","TRUE","100","EAT",NA,"loan"
"850","numerals-nang1261-1-twohundred-1","numerals-nang1261-1","Chan2019","twohundred","200","tɛ́ːmɛ́dɛ́rɛ̀ wǒj","temederewoj","??","FALSE","100·2","EAT",NA,NA
"851","numerals-nang1261-1-thousand-1","numerals-nang1261-1","Chan2019","thousand","1000","mùsú","musu",NA,"FALSE","1000","EAT",NA,NA
"852","numerals-nang1261-1-twothousand-1","numerals-nang1261-1","Chan2019","twothousand","2000","mùsú wǒj","musuwoj","??","FALSE","1000·2","EAT",NA,NA
"853","numerals-toro1252-1-one-1","numerals-toro1252-1","Chan2019","one","1","tíì","tii","(for counting)","FALSE","1","EAT",NA,NA
"854","numerals-toro1252-1-one-2","numerals-toro1252-1","Chan2019","one","1","túrú","turu",NA,"FALSE","1′","EAT",NA,NA
"855","numerals-toro1252-1-two-1","numerals-toro1252-1","Chan2019","two","2","lɛ́j","lej",NA,"FALSE","2","EAT",NA,NA
"856","numerals-toro1252-1-three-1","numerals-toro1252-1","Chan2019","three","3","tàánú","taanu",NA,"FALSE","3","EAT",NA,NA
"857","numerals-toro1252-1-four-1","numerals-toro1252-1","Chan2019","four","4","nàjí","naji",NA,"FALSE","4","EAT",NA,NA
"858","numerals-toro1252-1-five-1","numerals-toro1252-1","Chan2019","five","5","nùmɔ́r̃ɔ́","numoro",NA,"FALSE","5","EAT",NA,NA
"859","numerals-toro1252-1-six-1","numerals-toro1252-1","Chan2019","six","6","kúlòj","kuloj",NA,"FALSE","6","EAT",NA,NA
"860","numerals-toro1252-1-seven-1","numerals-toro1252-1","Chan2019","seven","7","sɔ́j","soj",NA,"FALSE","7","EAT",NA,NA
"861","numerals-toro1252-1-eight-1","numerals-toro1252-1","Chan2019","eight","8","ɡáárà","gaara",NA,"FALSE","8","EAT",NA,NA
"862","numerals-toro1252-1-nine-1","numerals-toro1252-1","Chan2019","nine","9","túwɔ́","tuwo",NA,"FALSE","9","EAT",NA,NA
"863","numerals-toro1252-1-ten-1","numerals-toro1252-1","Chan2019","ten","10","pɛ́rú","peru",NA,"FALSE","10","EAT",NA,NA
"864","numerals-toro1252-1-eleven-1","numerals-toro1252-1","Chan2019","eleven","11","pɛ́rú ɡúú tír sìɡɛ̀","peruguutirsige",NA,"FALSE","10+{LIG}1{LIG}","EAT",NA,NA
"865","numerals-toro1252-1-twelve-1","numerals-toro1252-1","Chan2019","twelve","12","pɛ́rú ɡúú léj̀ sìɡɛ̀","peruguulejsige",NA,"FALSE","10+{LIG}2{LIG}","EAT",NA,NA
"866","numerals-toro1252-1-thirteen-1","numerals-toro1252-1","Chan2019","thirteen","13","pɛ́rú ɡúú táánú sìɡɛ̀","peruguutaanusige",NA,"FALSE","10+{LIG}3{LIG}","EAT",NA,NA
"867","numerals-toro1252-1-fourteen-1","numerals-toro1252-1","Chan2019","fourteen","14","pɛ́rú ɡúú náj̀ sìɡɛ̀","peruguunajsige",NA,"FALSE","10+{LIG}4{LIG}","EAT",NA,NA
"868","numerals-toro1252-1-fifteen-1","numerals-toro1252-1","Chan2019","fifteen","15","pɛ́rú ɡúú nùmɔ́r̃ɔ́ sìɡɛ̀","peruguunumorosige",NA,"FALSE","10+{LIG}5{LIG}","EAT",NA,NA
"869","numerals-toro1252-1-sixteen-1","numerals-toro1252-1","Chan2019","sixteen","16","pɛ́rú ɡúú kúlój sìɡɛ̀","peruguukulojsige",NA,"FALSE","10+{LIG}6{LIG}","EAT",NA,NA
"870","numerals-toro1252-1-seventeen-1","numerals-toro1252-1","Chan2019","seventeen","17","pɛ́rú ɡúú sɔ́j̀ sìɡɛ̀","peruguusojsige",NA,"FALSE","10+{LIG}7{LIG}","EAT",NA,NA
"871","numerals-toro1252-1-eighteen-1","numerals-toro1252-1","Chan2019","eighteen","18","pɛ́rú ɡúú ɡáárà sìɡɛ̀","peruguugaarasige",NA,"FALSE","10+{LIG}8{LIG}","EAT",NA,NA
"872","numerals-toro1252-1-nineteen-1","numerals-toro1252-1","Chan2019","nineteen","19","pɛ́rú ɡúú túwɔ́ sìɡɛ̀","peruguutuwosige",NA,"FALSE","10+{LIG}9{LIG}","EAT",NA,NA
"873","numerals-toro1252-1-twenty-1","numerals-toro1252-1","Chan2019","twenty","20","pɛ́ léj̀","pelej",NA,"FALSE","10′·2","EAT",NA,NA
"874","numerals-toro1252-1-twentyone-1","numerals-toro1252-1","Chan2019","twentyone","21","pɛ́ léj̀ túrú sìɡɛ̀","pelejturusige",NA,"FALSE","(10′·2)+1′{LIG}","EAT",NA,NA
"875","numerals-toro1252-1-twentytwo-1","numerals-toro1252-1","Chan2019","twentytwo","22","pɛ́ léj̀ lɛ́j̀ sìɡɛ̀","pelejlejsige",NA,"FALSE","(10′·2)+2{LIG}","EAT",NA,NA
"876","numerals-toro1252-1-twentythree-1","numerals-toro1252-1","Chan2019","twentythree","23","pɛ́ léj̀ tàánú sìɡɛ̀","pelejtaanusige",NA,"FALSE","(10′·2)+3{LIG}","EAT",NA,NA
"877","numerals-toro1252-1-twentyfour-1","numerals-toro1252-1","Chan2019","twentyfour","24","pɛ́ léj̀ nàj̀ sìɡɛ̀","pelejnajsige",NA,"FALSE","(10′·2)+4{LIG}","EAT",NA,NA
"878","numerals-toro1252-1-twentyfive-1","numerals-toro1252-1","Chan2019","twentyfive","25","pɛ́ léj̀ nùmɔ́r̃ɔ́ sìɡɛ̀","pelejnumorosige",NA,"FALSE","(10′·2)+5{LIG}","EAT",NA,NA
"879","numerals-toro1252-1-twentysix-1","numerals-toro1252-1","Chan2019","twentysix","26","pɛ́ léj̀ kúlój sìɡɛ̀","pelejkulojsige",NA,"FALSE","(10′·2)+6{LIG}","EAT",NA,NA
"880","numerals-toro1252-1-twentyseven-1","numerals-toro1252-1","Chan2019","twentyseven","27","pɛ́ léj̀ sɔ́j sìɡɛ̀","pelejsojsige",NA,"FALSE","(10′·2)+7{LIG}","EAT",NA,NA
"881","numerals-toro1252-1-twentyeight-1","numerals-toro1252-1","Chan2019","twentyeight","28","pɛ́ léj̀ ɡáárà sìɡɛ̀","pelejgaarasige",NA,"FALSE","(10′·2)+8{LIG}","EAT",NA,NA
"882","numerals-toro1252-1-twentynine-1","numerals-toro1252-1","Chan2019","twentynine","29","pɛ́ léj̀ túwɔ́ sìɡɛ̀","pelejtuwosige",NA,"FALSE","(10′·2)+9{LIG}","EAT",NA,NA
"883","numerals-toro1252-1-thirty-1","numerals-toro1252-1","Chan2019","thirty","30","pɛ́ táánú","petaanu",NA,"FALSE","10′·3","EAT",NA,NA
"884","numerals-toro1252-1-forty-1","numerals-toro1252-1","Chan2019","forty","40","pɛ́ náj̀","penaj",NA,"FALSE","10′·4","EAT",NA,NA
"885","numerals-toro1252-1-fortyone-1","numerals-toro1252-1","Chan2019","fortyone","41","pɛ́ náj̀ tír sìɡɛ̀","penajtirsige",NA,"FALSE","(10′·4)+1{LIG}","EAT",NA,NA
"886","numerals-toro1252-1-fifty-1","numerals-toro1252-1","Chan2019","fifty","50","pɛ́ númɔ́r̃ɔ́","penumoro",NA,"FALSE","10′·5","EAT",NA,NA
"887","numerals-toro1252-1-sixty-1","numerals-toro1252-1","Chan2019","sixty","60","pɛ́ kúlòj","pekuloj",NA,"FALSE","10′·6","EAT",NA,NA
"888","numerals-toro1252-1-seventy-1","numerals-toro1252-1","Chan2019","seventy","70","pɛ́ sɔ́j̀","pesoj",NA,"FALSE","10′·7","EAT",NA,NA
"889","numerals-toro1252-1-eighty-1","numerals-toro1252-1","Chan2019","eighty","80","dɔ̀ɡɔ̀ súŋú","dogosungu",NA,"FALSE","20-100","EAT",NA,NA
"890","numerals-toro1252-1-ninety-1","numerals-toro1252-1","Chan2019","ninety","90","dɔ̀ɡɔ̀ súŋú pɛ́rú","dogosunguperu",NA,"FALSE","(20-100)+10","EAT",NA,NA
"891","numerals-toro1252-1-hundred-1","numerals-toro1252-1","Chan2019","hundred","100","súŋú","sungu",NA,"FALSE","100","EAT",NA,NA
"892","numerals-toro1252-1-onehundredandone-1","numerals-toro1252-1","Chan2019","onehundredandone","101","súŋú túrú","sunguturu",NA,"FALSE","100+1′","EAT",NA,NA
"893","numerals-toro1252-1-twohundred-1","numerals-toro1252-1","Chan2019","twohundred","200","súŋú léj̀","sungulej",NA,"FALSE","100+2","EAT",NA,NA
"894","numerals-toro1252-1-thousand-1","numerals-toro1252-1","Chan2019","thousand","1000","mùɲú","munu",NA,"FALSE","1000","EAT",NA,NA
"895","numerals-toro1252-1-twothousand-1","numerals-toro1252-1","Chan2019","twothousand","2000","mùɲú léj̀","munulej",NA,"FALSE","1000·2","EAT",NA,NA
"896","numerals-toro1252-1-twothousandandtwo-1","numerals-toro1252-1","Chan2019","twothousandandtwo","2002","mùɲú léj̀ támá léj̀","munulejtamalej",NA,"FALSE","(1000·2)+{LIG}2","EAT",NA,NA
"897","numerals-yand1257-1-one-1","numerals-yand1257-1","Chan2019","one","1","tùmá:","tuma",NA,"FALSE","1","EAT",NA,NA
"898","numerals-yand1257-1-two-1","numerals-yand1257-1","Chan2019","two","2","nɔ́ː","no",NA,"FALSE","2","EAT",NA,NA
"899","numerals-yand1257-1-two-2","numerals-yand1257-1","Chan2019","two","2","nó","no",NA,"FALSE","2","EAT",NA,NA
"900","numerals-yand1257-1-three-1","numerals-yand1257-1","Chan2019","three","3","táːndù","tandu",NA,"FALSE","3","EAT",NA,NA
"901","numerals-yand1257-1-four-1","numerals-yand1257-1","Chan2019","four","4","cɛ́zɔ̀","cezo",NA,"FALSE","4","EAT",NA,NA
"902","numerals-yand1257-1-five-1","numerals-yand1257-1","Chan2019","five","5","nûm","num",NA,"FALSE","5","EAT",NA,NA
"903","numerals-yand1257-1-six-1","numerals-yand1257-1","Chan2019","six","6","kúlé","kule",NA,"FALSE","6","EAT",NA,NA
"904","numerals-yand1257-1-seven-1","numerals-yand1257-1","Chan2019","seven","7","swɛ́ː","swe",NA,"FALSE","7","EAT",NA,NA
"905","numerals-yand1257-1-eight-1","numerals-yand1257-1","Chan2019","eight","8","sáːɡè","sage",NA,"FALSE","8","EAT",NA,NA
"906","numerals-yand1257-1-nine-1","numerals-yand1257-1","Chan2019","nine","9","twâː","twa",NA,"FALSE","9","EAT",NA,NA
"907","numerals-yand1257-1-ten-1","numerals-yand1257-1","Chan2019","ten","10","píyél","piyel",NA,"FALSE","10","EAT",NA,NA
"908","numerals-yand1257-1-eleven-1","numerals-yand1257-1","Chan2019","eleven","11","píyél tùmá:-sì","piyeltumasi",NA,"FALSE","10+1{LIG}","EAT",NA,NA
"909","numerals-yand1257-1-twelve-1","numerals-yand1257-1","Chan2019","twelve","12","píyél nɔ́ː-sì","piyelnosi",NA,"FALSE","10+2{LIG}","EAT",NA,NA
"910","numerals-yand1257-1-thirteen-1","numerals-yand1257-1","Chan2019","thirteen","13","píyél táːndù-sì","piyeltandusi",NA,"FALSE","10+3{LIG}","EAT",NA,NA
"911","numerals-yand1257-1-fourteen-1","numerals-yand1257-1","Chan2019","fourteen","14","píyél cɛ́zɔ̀-sì","piyelcezosi",NA,"FALSE","10+4{LIG}","EAT",NA,NA
"912","numerals-yand1257-1-fifteen-1","numerals-yand1257-1","Chan2019","fifteen","15","píyé-m̀-sì","piyemsi","< píyél nùm-sì","FALSE","10+5{LIG}","EAT",NA,NA
"913","numerals-yand1257-1-sixteen-1","numerals-yand1257-1","Chan2019","sixteen","16","píyél kúlé-sì","piyelkulesi",NA,"FALSE","10+6{LIG}","EAT",NA,NA
"914","numerals-yand1257-1-seventeen-1","numerals-yand1257-1","Chan2019","seventeen","17","píyél swɛ́ː-sì","piyelswesi",NA,"FALSE","10+7{LIG}","EAT",NA,NA
"915","numerals-yand1257-1-eighteen-1","numerals-yand1257-1","Chan2019","eighteen","18","píyél sáːɡè-sì","piyelsagesi",NA,"FALSE","10+8{LIG}","EAT",NA,NA
"916","numerals-yand1257-1-nineteen-1","numerals-yand1257-1","Chan2019","nineteen","19","píyél twâː-sì","piyeltwasi",NA,"FALSE","10+9{LIG}","EAT",NA,NA
"917","numerals-yand1257-1-twenty-1","numerals-yand1257-1","Chan2019","twenty","20","pɔ̀ː-nɔ́ː","pono",NA,"FALSE","10·2","EAT",NA,NA
"918","numerals-yand1257-1-twenty-2","numerals-yand1257-1","Chan2019","twenty","20","pɔ̀ːnóː","pono",NA,"FALSE","10·2","EAT",NA,NA
"919","numerals-yand1257-1-twentyone-1","numerals-yand1257-1","Chan2019","twentyone","21","pɔ̀ː-nóː tùmá: -sîː","ponotumasi","??","FALSE","(10·2)+1{LIG}","EAT",NA,NA
"920","numerals-yand1257-1-twentytwo-1","numerals-yand1257-1","Chan2019","twentytwo","22","pɔ̀ː-nóː nɔ́ː -sîː","pononosi",NA,"FALSE","(10·2)+2{LIG}","EAT",NA,NA
"921","numerals-yand1257-1-twentythree-1","numerals-yand1257-1","Chan2019","twentythree","23","pɔ̀ː-nóː táːndù -sîː","ponotandusi",NA,"FALSE","(10·2)+3{LIG}","EAT",NA,NA
"922","numerals-yand1257-1-twentyfour-1","numerals-yand1257-1","Chan2019","twentyfour","24","pɔ̀ː-nóː cɛ́zɔ̀ -sîː","ponocezosi",NA,"FALSE","(10·2)+4{LIG}","EAT",NA,NA
"923","numerals-yand1257-1-twentyfive-1","numerals-yand1257-1","Chan2019","twentyfive","25","pɔ̀ː-nóː nûm -sîː","pononumsi",NA,"FALSE","(10·2)+5{LIG}","EAT",NA,NA
"924","numerals-yand1257-1-twentysix-1","numerals-yand1257-1","Chan2019","twentysix","26","pɔ̀ː-nóː kúlé -sîː","ponokulesi",NA,"FALSE","(10·2)+6{LIG}","EAT",NA,NA
"925","numerals-yand1257-1-twentyseven-1","numerals-yand1257-1","Chan2019","twentyseven","27","pɔ̀ː-nóː swɛ́ː-sîː","ponoswesi",NA,"FALSE","(10·2)+7{LIG}","EAT",NA,NA
"926","numerals-yand1257-1-twentyeight-1","numerals-yand1257-1","Chan2019","twentyeight","28","pɔ̀ː-nóː sáːɡè -sîː","ponosagesi",NA,"FALSE","(10·2)+8{LIG}","EAT",NA,NA
"927","numerals-yand1257-1-twentynine-1","numerals-yand1257-1","Chan2019","twentynine","29","pɔ̀ː-nóː twàː -sîː","ponotwasi",NA,"FALSE","(10·2)+9{LIG}","EAT",NA,NA
"928","numerals-yand1257-1-thirty-1","numerals-yand1257-1","Chan2019","thirty","30","pɔ̀ː-táːndù","potandu",NA,"FALSE","10·3","EAT",NA,NA
"929","numerals-yand1257-1-forty-1","numerals-yand1257-1","Chan2019","forty","40","pɔ̀ː-cɛ́zɔ̀","pocezo",NA,"FALSE","10·4","EAT",NA,NA
"930","numerals-yand1257-1-fifty-1","numerals-yand1257-1","Chan2019","fifty","50","pɔ̀ː-nûm","ponum",NA,"FALSE","10·5","EAT",NA,NA
"931","numerals-yand1257-1-sixty-1","numerals-yand1257-1","Chan2019","sixty","60","pɔ̀lɔ̀-kúlé","polokule",NA,"FALSE","10·6","EAT",NA,NA
"932","numerals-yand1257-1-seventy-1","numerals-yand1257-1","Chan2019","seventy","70","pɔ̀lɔ̀-swɛ́ː","poloswe",NA,"FALSE","10·7","EAT",NA,NA
"933","numerals-yand1257-1-eighty-1","numerals-yand1257-1","Chan2019","eighty","80","pɔ̀lɔ̀-sáːɡè","polosage",NA,"FALSE","10·8","EAT",NA,NA
"934","numerals-yand1257-1-eighty-2","numerals-yand1257-1","Chan2019","eighty","80","sìŋ","sing",NA,"FALSE","80","EAT",NA,NA
"935","numerals-yand1257-1-ninety-1","numerals-yand1257-1","Chan2019","ninety","90","pɔ̀lɔ̀-twâː","polotwa",NA,"FALSE","10·9","EAT",NA,NA
"936","numerals-yand1257-1-ninety-2","numerals-yand1257-1","Chan2019","ninety","90","sìŋ mí yè-píyél","singmiyepiyel",NA,"FALSE","80+10","EAT",NA,NA
"937","numerals-yand1257-1-hundred-1","numerals-yand1257-1","Chan2019","hundred","100","tɛ́ːmɛ̀dɛ̀rɛ̀","temedere","( < Fulfulde )","TRUE","100","EAT",NA,NA
"938","numerals-yand1257-1-twohundred-1","numerals-yand1257-1","Chan2019","twohundred","200","tɛ́ːmɛ̀dɛ̀rɛ̀ nɔ́ː","temedereno","??","FALSE","100·2","EAT",NA,NA
"939","numerals-yand1257-1-thousand-1","numerals-yand1257-1","Chan2019","thousand","1000","mùzò","muzo",NA,"FALSE","1000","EAT",NA,NA
"940","numerals-yand1257-1-twothousand-1","numerals-yand1257-1","Chan2019","twothousand","2000","mùzò nɔ́ː","muzono","??","FALSE","1000·2","EAT",NA,NA
