enock,Africa,Glottocode,Language-level Glottocode,Glottolog 5.3 Classification
numerals-aari1239-1.csv,Africa001-SouthOmotic-numerals-aari1239-1.csv,aari1239,aari1239,"South Omotic, AHK, Aari-Gayil, Aari"
gayi1237.csv,Africa002-SouthOmotic-numerals-gayi1237-1.csv,gayi1237,gayi1237,"South Omotic, AHK, Aari-Gayil, Gayil"
numerals-hame1242-1.csv,Africa003-SouthOmotic-numerals-hame1242-1.csv,hame1242,hame1242,"South Omotic, AHK, Hamer-Karo, Hamer-Banna"
numerals-karo1297-1.csv,Africa004-SouthOmotic-numerals-karo1297-1.csv,karo1297,karo1297,"South Omotic, AHK, Hamer-Karo, Karo (Ethiopia)"
gamo1243.csv,Africa005-TaNeOmotic-numerals-gamo1243-1.csv,gamo1243,gamo1243,"Ta-Ne-Omotic, Ometo, North-West Ometo, Central Ometo, Dawro-Gofa-Gamo, Gamo"
numerals-shab1252-1.csv,Africa006-isolate-Shabo-numerals-shab1252-1.csv,shab1252,shab1252,[isolate]: Shabo
ekaj1238.csv,Africa007-AtlanticCongo-numerals-ekaj1238-1.csv,ekaj1238,ekaj1238,"Atlantic-Congo, Volta-Congo, Benue-Congo, Bantoid, Southern Bantoid, Ekoid-Mbe, Ekoid, Bakor-Ejagham, Bakor, Northern Bakor, Nnam-Ekajuk, Ekajuk"
nkem1242.csv,Africa008-AtlanticCongo-numerals-nkem1242-1.csv,nkem1242,nkem1242,"Atlantic-Congo, Volta-Congo, Benue-Congo, Bantoid, Southern Bantoid, Ekoid-Mbe, Ekoid, Bakor-Ejagham, Bakor, Northern Bakor, Abanyom-Nkem-Nkum, Nkem-Nkum"
nden1250.csv,Africa009-AtlanticCongo-numerals-nden1250-1.csv,nden1250,nden1250,"Atlantic-Congo, Volta-Congo, Benue-Congo, Bantoid, Southern Bantoid, Ekoid-Mbe, Ekoid, Bakor-Ejagham, Bakor, Nde-Efutop, Nde-Nsele-Nta"
ejag1239.csv,Africa010-AtlanticCongo-numerals-ejag1239-1.csv,ejag1239,ejag1239,"Atlantic-Congo, Volta-Congo, Benue-Congo, Bantoid, Southern Bantoid, Ekoid-Mbe, Ekoid, Bakor-Ejagham, Ejagham"
numerals-mbee1249-1.csv,Africa011-AtlanticCongo-numerals-mbee1249-1.csv,mbee1249,mbee1249,"Atlantic-Congo, Volta-Congo, Benue-Congo, Bantoid, Southern Bantoid, Ekoid-Mbe, Mbe"
numerals-akoo1248-1.csv,Africa012-AtlanticCongo-numerals-akoo1248-1.csv,akoo1248,akoo1248,"Atlantic-Congo, Volta-Congo, Benue-Congo, Bantoid, Southern Bantoid, Narrow Bantu, Bantu A-B10-B20-B30, Lundu-Balong (A.10), Greater Manenguba, Bafaw-Balong-Manenguba, Manenguba, Central Manenguba, Akoose"
numerals-baka1273-1.csv,Africa013-AtlanticCongo-numerals-baka1273-1.csv,baka1273,baka1273,"Atlantic-Congo, Volta-Congo, Benue-Congo, Bantoid, Southern Bantoid, Narrow Bantu, Bantu A-B10-B20-B30, Lundu-Balong (A.10), Greater Manenguba, Bafaw-Balong-Manenguba, Manenguba, Central Manenguba, Bakaka"
numerals-orok1266-1.csv,Africa014-AtlanticCongo-numerals-orok1266-1.csv,orok1266,orok1266,"Atlantic-Congo, Volta-Congo, Benue-Congo, Bantoid, Southern Bantoid, Narrow Bantu, Bantu A-B10-B20-B30, Lundu-Balong (A.10), Greater Manenguba, Bafaw-Balong-Manenguba, Bafawic-Bakweric, Bafawic, Oroko"
dual1243.csv,Africa015-AtlanticCongo-numerals-dual1243-1.csv,dual1243,dual1243,"Atlantic-Congo, Volta-Congo, Benue-Congo, Bantoid, Southern Bantoid, Narrow Bantu, Bantu A-B10-B20-B30, Sawabantu, Dualaic, Duala-Malimba, Duala"
numerals-bata1285-1.csv,Africa016-AtlanticCongo-numerals-bata1285-1.csv,bata1285,bata1285,"Atlantic-Congo, Volta-Congo, Benue-Congo, Bantoid, Southern Bantoid, Narrow Bantu, Bantu A-B10-B20-B30, Sawabantu, Bengaic, Batanga"
numerals-beng1282-1.csv,Africa017-AtlanticCongo-numerals-beng1282-1.csv,beng1282,beng1282,"Atlantic-Congo, Volta-Congo, Benue-Congo, Bantoid, Southern Bantoid, Narrow Bantu, Bantu A-B10-B20-B30, Sawabantu, Bengaic, Benga"
numerals-bekw1242-1.csv,Africa018-AtlanticCongo-numerals-bekw1242-1.csv,bekw1242,bekw1242,"Atlantic-Congo, Volta-Congo, Benue-Congo, Bantoid, Southern Bantoid, Narrow Bantu, Bantu A-B10-B20-B30, Makaa-Kako (A.80-90), Makaa-Njem (A.80), Mpoic, Bekwil"
mpon1254.csv,Africa019-AtlanticCongo-numerals-mpon1254-1.csv,mpon1254,mpon1254,"Atlantic-Congo, Volta-Congo, Benue-Congo, Bantoid, Southern Bantoid, Narrow Bantu, Bantu A-B10-B20-B30, Makaa-Kako (A.80-90), Makaa-Njem (A.80), Mpoic, Mpongmpong"
numerals-mpie1238-1.csv,Africa020-AtlanticCongo-numerals-mpie1238-1.csv,mpie1238,mpie1238,"Atlantic-Congo, Volta-Congo, Benue-Congo, Bantoid, Southern Bantoid, Narrow Bantu, Bantu A-B10-B20-B30, Makaa-Kako (A.80-90), Makaa-Njem (A.80), Mpoic, Mpiemo-Ukhwejo, Mpiemo"
numerals-ukhw1241-1.csv,Africa021-AtlanticCongo-numerals-ukhw1241-1.csv,ukhw1241,ukhw1241,"Atlantic-Congo, Volta-Congo, Benue-Congo, Bantoid, Southern Bantoid, Narrow Bantu, Bantu A-B10-B20-B30, Makaa-Kako (A.80-90), Makaa-Njem (A.80), Mpoic, Mpiemo-Ukhwejo, Ukhwejo"
numerals-koon1245-1.csv,Africa022-AtlanticCongo-numerals-koon1245-1.csv,koon1245,koon1245,"Atlantic-Congo, Volta-Congo, Benue-Congo, Bantoid, Southern Bantoid, Narrow Bantu, Bantu A-B10-B20-B30, Makaa-Kako (A.80-90), Makaa-Njem (A.80), Mpoic, Njemic, Koonzime"
bomw1238.csv,Africa023-AtlanticCongo-numerals-bomw1238-1.csv,bomw1238,bomw1238,"Atlantic-Congo, Volta-Congo, Benue-Congo, Bantoid, Southern Bantoid, Narrow Bantu, Bantu A-B10-B20-B30, Makaa-Kako (A.80-90), Makaa-Njem (A.80), Bomwali"
byep1241.csv,Africa024-AtlanticCongo-numerals-byep1241-1.csv,byep1241,byep1241,"Atlantic-Congo, Volta-Congo, Benue-Congo, Bantoid, Southern Bantoid, Narrow Bantu, Bantu A-B10-B20-B30, Makaa-Kako (A.80-90), Makaa-Njem (A.80), Western A80, Makaaic, North-Central Makaaic, Byep-Besep"
numerals-maka1304-1.csv,Africa025-AtlanticCongo-numerals-maka1304-1.csv,maka1304,maka1304,"Atlantic-Congo, Volta-Congo, Benue-Congo, Bantoid, Southern Bantoid, Narrow Bantu, Bantu A-B10-B20-B30, Makaa-Kako (A.80-90), Makaa-Njem (A.80), Western A80, Makaaic, North-Central Makaaic, Makaa"
numerals-kolc1235-1.csv,Africa026-AtlanticCongo-numerals-kolc1235-1.csv,kolc1235,kolc1235,"Atlantic-Congo, Volta-Congo, Benue-Congo, Bantoid, Southern Bantoid, Narrow Bantu, Bantu A-B10-B20-B30, Makaa-Kako (A.80-90), Makaa-Njem (A.80), Western A80, Makaaic, Southern Makaaic, Kol (Cameroon)"
gyel1242.csv,Africa027-AtlanticCongo-numerals-gyel1242-1.csv,gyel1242,gyel1242,"Atlantic-Congo, Volta-Congo, Benue-Congo, Bantoid, Southern Bantoid, Narrow Bantu, Bantu A-B10-B20-B30, Makaa-Kako (A.80-90), Makaa-Njem (A.80), Western A80, Mvumboic, Kwasio-Gyele, Gyele"
kwas1243.csv,Africa028-AtlanticCongo-numerals-kwas1243-1.csv,kwas1243,kwas1243,"Atlantic-Congo, Volta-Congo, Benue-Congo, Bantoid, Southern Bantoid, Narrow Bantu, Bantu A-B10-B20-B30, Makaa-Kako (A.80-90), Makaa-Njem (A.80), Western A80, Mvumboic, Kwasio-Gyele, Kwasio"
numerals-kako1242-1.csv,Africa029-AtlanticCongo-numerals-kako1242-1.csv,kako1242,kako1242,"Atlantic-Congo, Volta-Congo, Benue-Congo, Bantoid, Southern Bantoid, Narrow Bantu, Bantu A-B10-B20-B30, Makaa-Kako (A.80-90), Kako"
numerals-pomo1271-1.csv,Africa030-AtlanticCongo-numerals-pomo1271-1.csv,pomo1271,pomo1271,"Atlantic-Congo, Volta-Congo, Benue-Congo, Bantoid, Southern Bantoid, Narrow Bantu, Bantu A-B10-B20-B30, Makaa-Kako (A.80-90), Pol"
kwak1266.csv,Africa031-AtlanticCongo-numerals-kwak1266-1.csv,kwak1266,kwak1266,"Atlantic-Congo, Volta-Congo, Benue-Congo, Bantoid, Southern Bantoid, Narrow Bantu, Bantu A-B10-B20-B30, Makaa-Kako (A.80-90), Kwakum"
numerals-seki1238-1.csv,Africa032-AtlanticCongo-numerals-seki1238-1.csv,seki1238,seki1238,"Atlantic-Congo, Volta-Congo, Benue-Congo, Bantoid, Southern Bantoid, Narrow Bantu, Bantu A-B10-B20-B30, Seki"
numerals-bafi1243-1.csv,Africa033-AtlanticCongo-numerals-bafi1243-1.csv,bafi1243,bafi1243,"Atlantic-Congo, Volta-Congo, Benue-Congo, Bantoid, Southern Bantoid, Narrow Bantu, Bantu A-B10-B20-B30, Bafia (A.50), Nuclear Bafia (A.50), Lefa-Bafia, Bafia"
numerals-lefa1242-1.csv,Africa034-AtlanticCongo-numerals-lefa1242-1.csv,lefa1242,lefa1242,"Atlantic-Congo, Volta-Congo, Benue-Congo, Bantoid, Southern Bantoid, Narrow Bantu, Bantu A-B10-B20-B30, Bafia (A.50), Nuclear Bafia (A.50), Lefa-Bafia, Lefa"
mwes1234.csv,Africa035-AtlanticCongo-numerals-mwes1234-1.csv,mwes1234,mwes1234,"Atlantic-Congo, Volta-Congo, Benue-Congo, Bantoid, Southern Bantoid, Narrow Bantu, Bantu A-B10-B20-B30, Bantu B20B, Mwesa"
numerals-kele1257-1.csv,Africa036-AtlanticCongo-numerals-kele1257-4.csv,kele1257,kele1257,"Atlantic-Congo, Volta-Congo, Benue-Congo, Bantoid, Southern Bantoid, Narrow Bantu, Bantu A-B10-B20-B30, Bantu B20B, Nuclear Ngomic, Akeleic, Kélé"
numerals-ngom1270-1.csv,Africa037-AtlanticCongo-numerals-ngom1270-1.csv,ngom1270,ngom1270,"Atlantic-Congo, Volta-Congo, Benue-Congo, Bantoid, Southern Bantoid, Narrow Bantu, Bantu A-B10-B20-B30, Bantu B20B, Nuclear Ngomic, Akeleic, Ngom"
numerals-mban1268-1.csv,Africa038-AtlanticCongo-numerals-mban1268-1.csv,mban1268,mban1268,"Atlantic-Congo, Volta-Congo, Benue-Congo, Bantoid, Southern Bantoid, Narrow Bantu, Bantu A-B10-B20-B30, Bantu B20B, Nuclear Ngomic, Mbangwe"
numerals-sake1247-1.csv,Africa039-AtlanticCongo-numerals-sake1247-2.csv,sake1247,sake1247,"Atlantic-Congo, Volta-Congo, Benue-Congo, Bantoid, Southern Bantoid, Narrow Bantu, Bantu A-B10-B20-B30, Bantu B20B, Nuclear Ngomic, Sake-Ndambomo, Sake"
numerals-kota1274-1.csv,Africa040-AtlanticCongo-numerals-kota1274-2.csv,kota1274,kota1274,"Atlantic-Congo, Volta-Congo, Benue-Congo, Bantoid, Southern Bantoid, Narrow Bantu, Bantu A-B10-B20-B30, Bantu B20A, Kotaic, Kota-Mahongwe, Kota (Gabon)"
numerals-maho1248-2.csv,Africa041-AtlanticCongo-numerals-maho1248-2.csv,maho1248,maho1248,"Atlantic-Congo, Volta-Congo, Benue-Congo, Bantoid, Southern Bantoid, Narrow Bantu, Bantu A-B10-B20-B30, Bantu B20A, Kotaic, Kota-Mahongwe, Mahongwe"
numerals-ndas1238-1.csv,Africa042-AtlanticCongo-numerals-ndas1238-1.csv,ndas1238,ndas1238,"Atlantic-Congo, Volta-Congo, Benue-Congo, Bantoid, Southern Bantoid, Narrow Bantu, Bantu A-B10-B20-B30, Bantu B20A, Siguic, Ndasa-Wumbvu, Ndasa"
numerals-wumb1242-1.csv,Africa043-AtlanticCongo-numerals-wumb1242-2.csv,wumb1242,wumb1242,"Atlantic-Congo, Volta-Congo, Benue-Congo, Bantoid, Southern Bantoid, Narrow Bantu, Bantu A-B10-B20-B30, Bantu B20A, Siguic, Ndasa-Wumbvu, Wumbvu"
numerals-sigh1238-1.csv,Africa044-AtlanticCongo-numerals-sigh1238-1.csv,sigh1238,sigh1238,"Atlantic-Congo, Volta-Congo, Benue-Congo, Bantoid, Southern Bantoid, Narrow Bantu, Bantu A-B10-B20-B30, Bantu B20A, Siguic, Sighu"
bako1249.csv,Africa045-AtlanticCongo-numerals-bako1249-1.csv,bako1249,bako1249,"Atlantic-Congo, Volta-Congo, Benue-Congo, Bantoid, Southern Bantoid, Narrow Bantu, Bantu A-B10-B20-B30, Basaa-Yaunde (A40-70), Basaa (A.40), Basaa-Bakoko, Bakoko"
numerals-basa1284-1.csv,Africa046-AtlanticCongo-numerals-basa1284-1.csv,basa1284,basa1284,"Atlantic-Congo, Volta-Congo, Benue-Congo, Bantoid, Southern Bantoid, Narrow Bantu, Bantu A-B10-B20-B30, Basaa-Yaunde (A40-70), Basaa (A.40), Basaa-Bakoko, Basaa-Hijuk, Basa (Cameroon)"
hiju1238.csv,Africa047-AtlanticCongo-numerals-hiju1238-1.csv,hiju1238,hiju1238,"Atlantic-Congo, Volta-Congo, Benue-Congo, Bantoid, Southern Bantoid, Narrow Bantu, Bantu A-B10-B20-B30, Basaa-Yaunde (A40-70), Basaa (A.40), Basaa-Bakoko, Basaa-Hijuk, Hijuk"
numerals-bank1256-1.csv,Africa048-AtlanticCongo-numerals-bank1256-1.csv,bank1256,bank1256,"Atlantic-Congo, Volta-Congo, Benue-Congo, Bantoid, Southern Bantoid, Narrow Bantu, Bantu A-B10-B20-B30, Basaa-Yaunde (A40-70), Basaa (A.40), Abo-Barombi, Bankon"
numerals-baro1252-1.csv,Africa049-AtlanticCongo-numerals-baro1252-1.csv,baro1252,baro1252,"Atlantic-Congo, Volta-Congo, Benue-Congo, Bantoid, Southern Bantoid, Narrow Bantu, Bantu A-B10-B20-B30, Basaa-Yaunde (A40-70), Basaa (A.40), Abo-Barombi, Barombi"
bebe1248.csv,Africa050-AtlanticCongo-numerals-bebe1248-1.csv,bebe1248,bebe1248,"Atlantic-Congo, Volta-Congo, Benue-Congo, Bantoid, Southern Bantoid, Narrow Bantu, Bantu A-B10-B20-B30, Basaa-Yaunde (A40-70), Yaunde-Fang (A.70), Ewondo-Bebele, Bebele"
beti1249.csv,Africa051-AtlanticCongo-numerals-beti1249-1.csv,beti1249,ewon1239,"Atlantic-Congo, Volta-Congo, Benue-Congo, Bantoid, Southern Bantoid, Narrow Bantu, Bantu A-B10-B20-B30, Basaa-Yaunde (A40-70), Yaunde-Fang (A.70), Ewondo-Bebele, Ewondo"
bebi1242.csv,Africa052-AtlanticCongo-numerals-bebi1242-1.csv,bebi1242,bebi1242,"Atlantic-Congo, Volta-Congo, Benue-Congo, Bantoid, Southern Bantoid, Narrow Bantu, Bantu A-B10-B20-B30, Basaa-Yaunde (A40-70), Yaunde-Fang (A.70), Ewondo-Bebele, Bebil"
numerals-bulu1251-1.csv,Africa053-AtlanticCongo-numerals-bulu1251-1.csv,bulu1251,bulu1251,"Atlantic-Congo, Volta-Congo, Benue-Congo, Bantoid, Southern Bantoid, Narrow Bantu, Bantu A-B10-B20-B30, Basaa-Yaunde (A40-70), Yaunde-Fang (A.70), Bulu (Cameroon)"
numerals-fang1246-1.csv,Africa054-AtlanticCongo-numerals-fang1246-1.csv,fang1246,fang1246,"Atlantic-Congo, Volta-Congo, Benue-Congo, Bantoid, Southern Bantoid, Narrow Bantu, Bantu A-B10-B20-B30, Basaa-Yaunde (A40-70), Yaunde-Fang (A.70), Fang (Equatorial Guinea)"
numerals-eton1253-1.csv,Africa055-AtlanticCongo-numerals-eton1253-1.csv,eton1253,eton1253,"Atlantic-Congo, Volta-Congo, Benue-Congo, Bantoid, Southern Bantoid, Narrow Bantu, Bantu A-B10-B20-B30, Basaa-Yaunde (A40-70), Yaunde-Fang (A.70), Eton-Mengisa"
numerals-tsog1243-1.csv,Africa056-AtlanticCongo-numerals-tsog1243-1.csv,tsog1243,tsog1243,"Atlantic-Congo, Volta-Congo, Benue-Congo, Bantoid, Southern Bantoid, Narrow Bantu, Bantu A-B10-B20-B30, B10-B30, Okani (B.30), Southern Okani, Tsogo"
numerals-pinj1243-1.csv,Africa057-AtlanticCongo-numerals-pinj1243-1.csv,pinj1243,pinj1243,"Atlantic-Congo, Volta-Congo, Benue-Congo, Bantoid, Southern Bantoid, Narrow Bantu, Bantu A-B10-B20-B30, B10-B30, Okani (B.30), Northern Okani, Himba-Pinji, Pinji"
numerals-myen1241-1.csv,Africa058-AtlanticCongo-numerals-myen1241-1.csv,myen1241,myen1241,"Atlantic-Congo, Volta-Congo, Benue-Congo, Bantoid, Southern Bantoid, Narrow Bantu, Bantu A-B10-B20-B30, B10-B30, Myene"
nuba1241.csv,Africa059-AtlanticCongo-numerals-nuba1241-1.csv,nuba1241,nuba1241,"Atlantic-Congo, Volta-Congo, Benue-Congo, Bantoid, Southern Bantoid, Narrow Bantu, Mbam-Bubi, Mbam, Nubaca"
bati1251.csv,Africa060-AtlanticCongo-numerals-bati1251-1.csv,bati1251,bati1251,"Atlantic-Congo, Volta-Congo, Benue-Congo, Bantoid, Southern Bantoid, Narrow Bantu, Mbam-Bubi, Mbam, Nuclear Mbam, Bati-Mbure-Yambassa, Bati (Cameroon)"
numerals-yang1293-1.csv,Africa061-AtlanticCongo-numerals-yang1293-1.csv,yang1293,yang1293,"Atlantic-Congo, Volta-Congo, Benue-Congo, Bantoid, Southern Bantoid, Narrow Bantu, Mbam-Bubi, Mbam, Nuclear Mbam, Bati-Mbure-Yambassa, Mbure-Yambassa, Yambassa (A.60), Nuasue"
numerals-mmaa1238-1.csv,Africa062-AtlanticCongo-numerals-mmaa1238-1.csv,mmaa1238,mmaa1238,"Atlantic-Congo, Volta-Congo, Benue-Congo, Bantoid, Southern Bantoid, Narrow Bantu, Mbam-Bubi, Mbam, Nuclear Mbam, Bati-Mbure-Yambassa, Mbure-Yambassa, Yambassa (A.60), Mmala-Elip-Gunu, Mmaala"
numerals-elip1238-1.csv,Africa063-AtlanticCongo-numerals-elip1238-1.csv,elip1238,elip1238,"Atlantic-Congo, Volta-Congo, Benue-Congo, Bantoid, Southern Bantoid, Narrow Bantu, Mbam-Bubi, Mbam, Nuclear Mbam, Bati-Mbure-Yambassa, Mbure-Yambassa, Yambassa (A.60), Mmala-Elip-Gunu, Elip-Gunu, Elip"
numerals-nugu1242-1.csv,Africa064-AtlanticCongo-numerals-nugu1242-1.csv,nugu1242,nugu1242,"Atlantic-Congo, Volta-Congo, Benue-Congo, Bantoid, Southern Bantoid, Narrow Bantu, Mbam-Bubi, Mbam, Nuclear Mbam, Bati-Mbure-Yambassa, Mbure-Yambassa, Yambassa (A.60), Mmala-Elip-Gunu, Elip-Gunu, Nugunu (Cameroon)"
mbul1262.csv,Africa065-AtlanticCongo-numerals-mbul1262-1.csv,mbul1262,mbul1262,"Atlantic-Congo, Volta-Congo, Benue-Congo, Bantoid, Southern Bantoid, Narrow Bantu, Mbam-Bubi, Mbam, Nuclear Mbam, Bati-Mbure-Yambassa, Mbure-Yambassa, Mbule"
numerals-tuki1240-1.csv,Africa066-AtlanticCongo-numerals-tuki1240-1.csv,tuki1240,tuki1240,"Atlantic-Congo, Volta-Congo, Benue-Congo, Bantoid, Southern Bantoid, Narrow Bantu, Mbam-Bubi, Mbam, Nuclear Mbam, Sanaga-West Mbam (A.40), Sanaga (A.60), Tuki"
numerals-noma1260-1.csv,Africa067-AtlanticCongo-numerals-noma1260-1.csv,noma1260,noma1260,"Atlantic-Congo, Volta-Congo, Benue-Congo, Bantoid, Southern Bantoid, Narrow Bantu, Mbam-Bubi, Mbam, Nuclear Mbam, Sanaga-West Mbam (A.40), West Mbam (A.40), Mandi-Nyokon, Nomaande"
numerals-tune1261-1.csv,Africa068-AtlanticCongo-numerals-tune1261-1.csv,tune1261,tune1261,"Atlantic-Congo, Volta-Congo, Benue-Congo, Bantoid, Southern Bantoid, Narrow Bantu, Mbam-Bubi, Mbam, Nuclear Mbam, Sanaga-West Mbam (A.40), West Mbam (A.40), Mandi-Nyokon, Tunen"
numerals-tuot1238-1.csv,Africa069-AtlanticCongo-numerals-tuot1238-1.csv,tuot1238,tuot1238,"Atlantic-Congo, Volta-Congo, Benue-Congo, Bantoid, Southern Bantoid, Narrow Bantu, Mbam-Bubi, Mbam, Nuclear Mbam, Sanaga-West Mbam (A.40), West Mbam (A.40), Tuotomb"
numerals-yamb1252-1.csv,Africa070-AtlanticCongo-numerals-yamb1252-1.csv,yamb1252,yamb1252,"Atlantic-Congo, Volta-Congo, Benue-Congo, Bantoid, Southern Bantoid, Narrow Bantu, Mbam-Bubi, Mbam, Nuclear Mbam, Sanaga-West Mbam (A.40), West Mbam (A.40), Yambeta"
bang1350.csv,Africa071-AtlanticCongo-numerals-bang1350-1.csv,bang1350,bang1350,"Atlantic-Congo, Volta-Congo, Benue-Congo, Bantoid, Southern Bantoid, Narrow Bantu, Central-Western Bantu, Luban, Luba-Kaonde, Lubaic, Bangubangu-Kasai, Bangubangu"
luba1249.csv,Africa072-AtlanticCongo-numerals-luba1249-1.csv,luba1249,luba1249,"Atlantic-Congo, Volta-Congo, Benue-Congo, Bantoid, Southern Bantoid, Narrow Bantu, Central-Western Bantu, Luban, Luba-Kaonde, Lubaic, Bangubangu-Kasai, Luba-Lulua"
numerals-kany1247-1.csv,Africa073-AtlanticCongo-numerals-kany1247-1.csv,kany1247,kany1247,"Atlantic-Congo, Volta-Congo, Benue-Congo, Bantoid, Southern Bantoid, Narrow Bantu, Central-Western Bantu, Luban, Luba-Kaonde, Lubaic, Kanyok"
numerals-sang1331-1.csv,Africa074-AtlanticCongo-numerals-sang1331-1.csv,sang1331,sang1331,"Atlantic-Congo, Volta-Congo, Benue-Congo, Bantoid, Southern Bantoid, Narrow Bantu, Central-Western Bantu, Luban, Luba-Kaonde, Kaonde-Shaba-Sanga, Sanga (Democratic Republic of Congo)"
luba1250.csv,Africa075-AtlanticCongo-numerals-luba1250-1.csv,luba1250,luba1250,"Atlantic-Congo, Volta-Congo, Benue-Congo, Bantoid, Southern Bantoid, Narrow Bantu, Central-Western Bantu, Luban, Luba-Kaonde, Kaonde-Shaba-Sanga, Luba-Katanga"
numerals-song1303-1.csv,Africa076-AtlanticCongo-numerals-song1303-1.csv,song1303,song1303,"Atlantic-Congo, Volta-Congo, Benue-Congo, Bantoid, Southern Bantoid, Narrow Bantu, Central-Western Bantu, Luban, Luba-Kaonde, Songe"
binj1249.csv,Africa077-AtlanticCongo-numerals-binj1249-1.csv,binj1249,binj1249,"Atlantic-Congo, Volta-Congo, Benue-Congo, Bantoid, Southern Bantoid, Narrow Bantu, Central-Western Bantu, Luban, Mbagani-Lwalwa, Binji"
numerals-nkoy1244-1.csv,Africa078-AtlanticCongo-numerals-nkoy1244-1.csv,nkoy1244,nkoy1244,"Atlantic-Congo, Volta-Congo, Benue-Congo, Bantoid, Southern Bantoid, Narrow Bantu, Central-Western Bantu, Luban, Nkoya"
numerals-mbow1246-1.csv,Africa079-AtlanticCongo-numerals-mbow1246-1.csv,mbow1246,mbow1246,"Atlantic-Congo, Volta-Congo, Benue-Congo, Bantoid, Southern Bantoid, Narrow Bantu, Central-Western Bantu, Greater Luyana, Eastern Greater Luyana, Mbowe"
mbuk1240.csv,Africa080-AtlanticCongo-numerals-mbuk1240-1.csv,mbuk1240,mbuk1240,"Atlantic-Congo, Volta-Congo, Benue-Congo, Bantoid, Southern Bantoid, Narrow Bantu, Central-Western Bantu, Greater Luyana, Western Greater Luyana, Mashi-Mbukushi, Mbukushu"
numerals-sima1258-1.csv,Africa081-AtlanticCongo-numerals-sima1258-1.csv,sima1258,sima1258,"Atlantic-Congo, Volta-Congo, Benue-Congo, Bantoid, Southern Bantoid, Narrow Bantu, Central-Western Bantu, Greater Luyana, Western Greater Luyana, Simaaic, Simaa"
numerals-kimb1241-1.csv,Africa082-AtlanticCongo-numerals-kimb1241-1.csv,kimb1241,kimb1241,"Atlantic-Congo, Volta-Congo, Benue-Congo, Bantoid, Southern Bantoid, Narrow Bantu, Central-Western Bantu, Njila, Northern Njila, Mbundu (H.20), Kimbundu"
numerals-phen1239-1.csv,Africa083-AtlanticCongo-numerals-phen1239-1.csv,phen1239,phen1239,"Atlantic-Congo, Volta-Congo, Benue-Congo, Bantoid, Southern Bantoid, Narrow Bantu, Central-Western Bantu, Njila, Northern Njila, Mbala-Holu-Sondi (K.10), Holu (K.10), Pheende-Kwezo, Phende"
numerals-mbal1257-2.csv,Africa084-AtlanticCongo-numerals-mbal1257-2.csv,mbal1257,mbal1257,"Atlantic-Congo, Volta-Congo, Benue-Congo, Bantoid, Southern Bantoid, Narrow Bantu, Central-Western Bantu, Njila, Northern Njila, Mbala-Holu-Sondi (K.10), Mbala-Sondi, Mbala"
chok1245.csv,Africa085-AtlanticCongo-numerals-chok1245-1.csv,chok1245,chok1245,"Atlantic-Congo, Volta-Congo, Benue-Congo, Bantoid, Southern Bantoid, Narrow Bantu, Central-Western Bantu, Njila, Southern Njila, Chokwe-Lunda, Chokwe-Ngangela-Nyemba (K.20), Chokwe-Lwena, Chokwe"
luch1239.csv,Africa086-AtlanticCongo-numerals-luch1239-1.csv,luch1239,luch1239,"Atlantic-Congo, Volta-Congo, Benue-Congo, Bantoid, Southern Bantoid, Narrow Bantu, Central-Western Bantu, Njila, Southern Njila, Chokwe-Lunda, Chokwe-Ngangela-Nyemba (K.20), Ngangela-Nyemba, Luchazi"
numerals-nyem1238-1.csv,Africa087-AtlanticCongo-numerals-nyem1238-1.csv,nyem1238,nyem1238,"Atlantic-Congo, Volta-Congo, Benue-Congo, Bantoid, Southern Bantoid, Narrow Bantu, Central-Western Bantu, Njila, Southern Njila, Chokwe-Lunda, Chokwe-Ngangela-Nyemba (K.20), Ngangela-Nyemba, Nyemba"
numerals-mbun1249-1.csv,Africa088-AtlanticCongo-numerals-mbun1249-1.csv,mbun1249,mbun1249,"Atlantic-Congo, Volta-Congo, Benue-Congo, Bantoid, Southern Bantoid, Narrow Bantu, Central-Western Bantu, Njila, Southern Njila, Chokwe-Lunda, Chokwe-Ngangela-Nyemba (K.20), Ngangela-Nyemba, Mbwela-Mbunda, Mbunda"
numerals-lund1266-1.csv,Africa089-AtlanticCongo-numerals-lund1266-1.csv,lund1266,lund1266,"Atlantic-Congo, Volta-Congo, Benue-Congo, Bantoid, Southern Bantoid, Narrow Bantu, Central-Western Bantu, Njila, Southern Njila, Chokwe-Lunda, Ruund-Salampasu, Lunda-Ruund-Kete, Lunda"
diri1252.csv,Africa090-AtlanticCongo-numerals-diri1252-1.csv,diri1252,diri1252,"Atlantic-Congo, Volta-Congo, Benue-Congo, Bantoid, Southern Bantoid, Narrow Bantu, Central-Western Bantu, Njila, Southern Njila, Kunene, Kwangali-Diriku, Diriku-Shambyu"
kwan1273.csv,Africa091-AtlanticCongo-numerals-kwan1273-1.csv,kwan1273,kwan1273,"Atlantic-Congo, Volta-Congo, Benue-Congo, Bantoid, Southern Bantoid, Narrow Bantu, Central-Western Bantu, Njila, Southern Njila, Kunene, Kwangali-Diriku, Kwangali"
numerals-umbu1257-1.csv,Africa092-AtlanticCongo-numerals-umbu1257-1.csv,umbu1257,umbu1257,"Atlantic-Congo, Volta-Congo, Benue-Congo, Bantoid, Southern Bantoid, Narrow Bantu, Central-Western Bantu, Njila, Southern Njila, Kunene, Umbundu"
numerals-here1253-1.csv,Africa093-AtlanticCongo-numerals-here1253-1.csv,here1253,here1253,"Atlantic-Congo, Volta-Congo, Benue-Congo, Bantoid, Southern Bantoid, Narrow Bantu, Central-Western Bantu, Njila, Southern Njila, Kunene, Cimbebasia, Herero (R.30), Herero"
numerals-zemb1238-1.csv,Africa094-AtlanticCongo-numerals-zemb1238-1.csv,zemb1238,zemb1238,"Atlantic-Congo, Volta-Congo, Benue-Congo, Bantoid, Southern Bantoid, Narrow Bantu, Central-Western Bantu, Njila, Southern Njila, Kunene, Cimbebasia, Herero (R.30), Zemba"
nkhu1238.csv,Africa095-AtlanticCongo-numerals-nkhu1238-1.csv,nkhu1238,nkhu1238,"Atlantic-Congo, Volta-Congo, Benue-Congo, Bantoid, Southern Bantoid, Narrow Bantu, Central-Western Bantu, Njila, Southern Njila, Kunene, Cimbebasia, Nyaneka-Nkhumbi, Nkhumbi"
nyan1305.csv,Africa096-AtlanticCongo-numerals-nyan1305-1.csv,nyan1305,nyan1305,"Atlantic-Congo, Volta-Congo, Benue-Congo, Bantoid, Southern Bantoid, Narrow Bantu, Central-Western Bantu, Njila, Southern Njila, Kunene, Cimbebasia, Nyaneka-Nkhumbi, Nyaneka"
numerals-kuan1247-1.csv,Africa097-AtlanticCongo-numerals-kuan1247-1.csv,kuan1247,kuan1247,"Atlantic-Congo, Volta-Congo, Benue-Congo, Bantoid, Southern Bantoid, Narrow Bantu, Central-Western Bantu, Njila, Southern Njila, Kunene, Cimbebasia, Ndonga (R.20), Kuanyama"
numerals-akwa1248-1.csv,Africa098-AtlanticCongo-numerals-akwa1248-1.csv,akwa1248,akwa1248,"Atlantic-Congo, Volta-Congo, Benue-Congo, Bantoid, Southern Bantoid, Narrow Bantu, Central-Western Bantu, North Zaire River, Rivers Bantu, Mboshi (C.20), Akwa"
numerals-koyo1242-1.csv,Africa099-AtlanticCongo-numerals-koyo1242-1.csv,koyo1242,koyo1242,"Atlantic-Congo, Volta-Congo, Benue-Congo, Bantoid, Southern Bantoid, Narrow Bantu, Central-Western Bantu, North Zaire River, Rivers Bantu, Mboshi (C.20), Koyo-Mboshi, Koyo"
numerals-mbos1242-1.csv,Africa100-AtlanticCongo-numerals-mbos1242-1.csv,mbos1242,mbos1242,"Atlantic-Congo, Volta-Congo, Benue-Congo, Bantoid, Southern Bantoid, Narrow Bantu, Central-Western Bantu, North Zaire River, Rivers Bantu, Mboshi (C.20), Koyo-Mboshi, Mbosi"
numerals-mbok1243-1.csv,Africa101-AtlanticCongo-numerals-mbok1243-1.csv,mbok1243,mbok1243,"Atlantic-Congo, Volta-Congo, Benue-Congo, Bantoid, Southern Bantoid, Narrow Bantu, Central-Western Bantu, North Zaire River, Rivers Bantu, Mboshi (C.20), Mboko"
numerals-amba1263-1.csv,Africa102-AtlanticCongo-numerals-amba1263-1.csv,amba1263,amba1263,"Atlantic-Congo, Volta-Congo, Benue-Congo, Bantoid, Southern Bantoid, Narrow Bantu, Central-Western Bantu, North Zaire River, Rivers Bantu, Ngiri, Ngiri Terrien, Ngombe-Ababuan, Ababuan, Old Bomokandian, Komoic, Amba (Uganda)"
numerals-bera1259-1.csv,Africa103-AtlanticCongo-numerals-bera1259-1.csv,bera1259,bera1259,"Atlantic-Congo, Volta-Congo, Benue-Congo, Bantoid, Southern Bantoid, Narrow Bantu, Central-Western Bantu, North Zaire River, Rivers Bantu, Ngiri, Ngiri Terrien, Ngombe-Ababuan, Ababuan, Old Bomokandian, Komoic, Bera"
bhel1238.csv,Africa104-AtlanticCongo-numerals-bhel1238-1.csv,bhel1238,bhel1238,"Atlantic-Congo, Volta-Congo, Benue-Congo, Bantoid, Southern Bantoid, Narrow Bantu, Central-Western Bantu, North Zaire River, Rivers Bantu, Ngiri, Ngiri Terrien, Ngombe-Ababuan, Ababuan, Old Bomokandian, Komoic, Bilaic, Bhele"
numerals-komo1260-1.csv,Africa105-AtlanticCongo-numerals-komo1260-1.csv,komo1260,komo1260,"Atlantic-Congo, Volta-Congo, Benue-Congo, Bantoid, Southern Bantoid, Narrow Bantu, Central-Western Bantu, North Zaire River, Rivers Bantu, Ngiri, Ngiri Terrien, Ngombe-Ababuan, Ababuan, Old Bomokandian, Komoic, Bilaic, Komo (Democratic Republic of Congo)"
numerals-bila1255-1.csv,Africa106-AtlanticCongo-numerals-bila1255-1.csv,bila1255,bila1255,"Atlantic-Congo, Volta-Congo, Benue-Congo, Bantoid, Southern Bantoid, Narrow Bantu, Central-Western Bantu, North Zaire River, Rivers Bantu, Ngiri, Ngiri Terrien, Ngombe-Ababuan, Ababuan, Old Bomokandian, Komoic, Bilaic, Bila-Kaiku, Bila"
numerals-pagi1243-1.csv,Africa107-AtlanticCongo-numerals-pagi1243-2.csv,pagi1243,pagi1243,"Atlantic-Congo, Volta-Congo, Benue-Congo, Bantoid, Southern Bantoid, Narrow Bantu, Central-Western Bantu, North Zaire River, Rivers Bantu, Ngiri, Ngiri Terrien, Ngombe-Ababuan, Ababuan, Old Bomokandian, Middle Bomokandian, Late Bomokandian, Pagabeteic, Pagibete"
ngel1238.csv,Africa108-AtlanticCongo-numerals-ngel1238-1.csv,ngel1238,ngel1238,"Atlantic-Congo, Volta-Congo, Benue-Congo, Bantoid, Southern Bantoid, Narrow Bantu, Central-Western Bantu, North Zaire River, Rivers Bantu, Ngiri, Ngiri Terrien, Ngombe-Ababuan, Ababuan, Old Bomokandian, Middle Bomokandian, Late Bomokandian, Ngelima"
lika1243.csv,Africa109-AtlanticCongo-numerals-lika1243-1.csv,lika1243,lika1243,"Atlantic-Congo, Volta-Congo, Benue-Congo, Bantoid, Southern Bantoid, Narrow Bantu, Central-Western Bantu, North Zaire River, Rivers Bantu, Ngiri, Ngiri Terrien, Ngombe-Ababuan, Ababuan, Old Bomokandian, Middle Bomokandian, Liko"
bali1274.csv,Africa110-AtlanticCongo-numerals-bali1274-1.csv,bali1274,bali1274,"Atlantic-Congo, Volta-Congo, Benue-Congo, Bantoid, Southern Bantoid, Narrow Bantu, Central-Western Bantu, North Zaire River, Rivers Bantu, Ngiri, Ngiri Terrien, Ngombe-Ababuan, Ababuan, Bali-Beeke, Bali (Democratic Republic of Congo)"
ngom1268.csv,Africa111-AtlanticCongo-numerals-ngom1268-1.csv,ngom1268,ngom1268,"Atlantic-Congo, Volta-Congo, Benue-Congo, Bantoid, Southern Bantoid, Narrow Bantu, Central-Western Bantu, North Zaire River, Rivers Bantu, Ngiri, Ngiri Terrien, Ngombe-Ababuan, Ngombe-Genja, Ngombe (Democratic Republic of Congo)"
numerals-bamw1238-1.csv,Africa112-AtlanticCongo-numerals-bamw1238-1.csv,bamw1238,bamw1238,"Atlantic-Congo, Volta-Congo, Benue-Congo, Bantoid, Southern Bantoid, Narrow Bantu, Central-Western Bantu, North Zaire River, Rivers Bantu, Ngiri, Ngiri Terrien, Bamweic, Bamwe"
likw1239.csv,Africa113-AtlanticCongo-numerals-likw1239-1.csv,likw1239,likw1239,"Atlantic-Congo, Volta-Congo, Benue-Congo, Bantoid, Southern Bantoid, Narrow Bantu, Central-Western Bantu, North Zaire River, Rivers Bantu, Ngiri, Ngiri Riverain Ubangi, Ngiri Riverain Ubangi-Ripuaire, Bobangic, Bobangic Riverain, Likwala-Likuba, Likwala"
bang1353.csv,Africa114-AtlanticCongo-numerals-bang1353-1.csv,bang1353,bang1353,"Atlantic-Congo, Volta-Congo, Benue-Congo, Bantoid, Southern Bantoid, Narrow Bantu, Central-Western Bantu, North Zaire River, Rivers Bantu, Ngiri, Ngiri Riverain Ubangi, Ngiri Riverain Ubangi-Ripuaire, Bobangic, Bobangic Riverain, Bobangi-Bangala-Lingala, Lingala-Bangala, Bangala"
numerals-ling1263-1.csv,Africa115-AtlanticCongo-numerals-ling1263-1.csv,ling1263,ling1263,"Atlantic-Congo, Volta-Congo, Benue-Congo, Bantoid, Southern Bantoid, Narrow Bantu, Central-Western Bantu, North Zaire River, Rivers Bantu, Ngiri, Ngiri Riverain Ubangi, Ngiri Riverain Ubangi-Ripuaire, Bobangic, Bobangic Riverain, Bobangi-Bangala-Lingala, Lingala-Bangala, Kinshasa Lingala"
loba1239.csv,Africa116-AtlanticCongo-numerals-loba1239-1.csv,loba1239,loba1239,"Atlantic-Congo, Volta-Congo, Benue-Congo, Bantoid, Southern Bantoid, Narrow Bantu, Central-Western Bantu, North Zaire River, Rivers Bantu, Ngiri, Ngiri Riverain Ubangi, Ngiri Riverain Ubangi-Interieur, Lobalic, Lobala"
bolo1263.csv,Africa117-AtlanticCongo-numerals-bolo1263-1.csv,bolo1263,bolo1263,"Atlantic-Congo, Volta-Congo, Benue-Congo, Bantoid, Southern Bantoid, Narrow Bantu, Central-Western Bantu, North Zaire River, Rivers Bantu, Ngiri, Ngiri Riverain Mongala, Motemboic, Bolondo"
budz1238.csv,Africa118-AtlanticCongo-numerals-budz1238-1.csv,budz1238,budz1238,"Atlantic-Congo, Volta-Congo, Benue-Congo, Bantoid, Southern Bantoid, Narrow Bantu, Central-Western Bantu, North Zaire River, Rivers Bantu, Ngiri, Ngiri Riverain Mongala, Motemboic, Bujaic, Budja (C.37), Budza"
yaka1272.csv,Africa119-AtlanticCongo-numerals-yaka1272-1.csv,yaka1272,yaka1272,"Atlantic-Congo, Volta-Congo, Benue-Congo, Bantoid, Southern Bantoid, Narrow Bantu, Central-Western Bantu, North Zaire River, Rivers Bantu, Likouala-Sangha, Bwamba-Ngondi-Pande-Mbati-Aka, Yaka (Central African Republic)"
bong1284.csv,Africa120-AtlanticCongo-numerals-bong1284-1.csv,bong1284,bong1284,"Atlantic-Congo, Volta-Congo, Benue-Congo, Bantoid, Southern Bantoid, Narrow Bantu, Central-Western Bantu, North Zaire River, Rivers Bantu, Likouala-Sangha, Mokiba-Ngando, Bongili"
numerals-nyal1250-1.csv,Africa121-AtlanticCongo-numerals-nyal1250-1.csv,nyal1250,nyal1250,"Atlantic-Congo, Volta-Congo, Benue-Congo, Bantoid, Southern Bantoid, Narrow Bantu, Central-Western Bantu, North Zaire River, Inner Basin Bantu, Keleic, Kele-Poke, So-Poke, So-Lebonya, Lebonya, Bantu D33, Vanuma-Nyali, Nyali"
budu1250.csv,Africa122-AtlanticCongo-numerals-budu1250-1.csv,budu1250,budu1250,"Atlantic-Congo, Volta-Congo, Benue-Congo, Bantoid, Southern Bantoid, Narrow Bantu, Central-Western Bantu, North Zaire River, Inner Basin Bantu, Keleic, Kele-Poke, So-Poke, So-Lebonya, Lebonya, Bantu D33, Budu-Ndaka-Mbo, Budu"
leng1258.csv,Africa123-AtlanticCongo-numerals-leng1258-1.csv,leng1258,leng1258,"Atlantic-Congo, Volta-Congo, Benue-Congo, Bantoid, Southern Bantoid, Narrow Bantu, Central-Western Bantu, North Zaire River, Inner Basin Bantu, Keleic, Kele-Poke, So-Poke, So-Lebonya, Lebonya, Lengola"
numerals-seng1278-1.csv,Africa124-AtlanticCongo-numerals-seng1278-1.csv,seng1278,seng1278,"Atlantic-Congo, Volta-Congo, Benue-Congo, Bantoid, Southern Bantoid, Narrow Bantu, Central-Western Bantu, North Zaire River, Inner Basin Bantu, Cuvette, Mongoic, Sengele"
numerals-mong1338-1.csv,Africa125-AtlanticCongo-numerals-mong1338-1.csv,mong1338,mong1338,"Atlantic-Congo, Volta-Congo, Benue-Congo, Bantoid, Southern Bantoid, Narrow Bantu, Central-Western Bantu, North Zaire River, Inner Basin Bantu, Cuvette, Mongoic, Lomongo, Mongo"
deng1250.csv,Africa126-AtlanticCongo-numerals-deng1250-1.csv,deng1250,deng1250,"Atlantic-Congo, Volta-Congo, Benue-Congo, Bantoid, Southern Bantoid, Narrow Bantu, Central-Western Bantu, North Zaire River, Inner Basin Bantu, Cuvette, Nkutsuic, Nkutsu-Lokenye, Dengese"
bush1247.csv,Africa127-AtlanticCongo-numerals-bush1247-1.csv,bush1247,bush1247,"Atlantic-Congo, Volta-Congo, Benue-Congo, Bantoid, Southern Bantoid, Narrow Bantu, Central-Western Bantu, North Zaire River, Inner Basin Bantu, Cuvette, Nkutsuic, Bushoong-Wongo-Lele, Bushoong"
lele1265.csv,Africa128-AtlanticCongo-numerals-lele1265-1.csv,lele1265,lele1265,"Atlantic-Congo, Volta-Congo, Benue-Congo, Bantoid, Southern Bantoid, Narrow Bantu, Central-Western Bantu, North Zaire River, Inner Basin Bantu, Cuvette, Nkutsuic, Bushoong-Wongo-Lele, Lele (Democratic Republic of Congo)"
numerals-wong1247-1.csv,Africa129-AtlanticCongo-numerals-wong1247-1.csv,wong1247,wong1247,"Atlantic-Congo, Volta-Congo, Benue-Congo, Bantoid, Southern Bantoid, Narrow Bantu, Central-Western Bantu, North Zaire River, Inner Basin Bantu, Cuvette, Nkutsuic, Bushoong-Wongo-Lele, Wongo"
numerals-tete1250-1.csv,Africa130-AtlanticCongo-numerals-tete1250-1.csv,tete1250,tete1250,"Atlantic-Congo, Volta-Congo, Benue-Congo, Bantoid, Southern Bantoid, Narrow Bantu, Central-Western Bantu, North Zaire River, Inner Basin Bantu, Cuvette, Nkutsuic, Tetelaic, Tetela"
bara1362.csv,Africa131-AtlanticCongo-numerals-bara1362-1.csv,bara1362,bara1362,"Atlantic-Congo, Volta-Congo, Benue-Congo, Bantoid, Southern Bantoid, Narrow Bantu, Central-Western Bantu, West-Coastal Bantu, Nzadic, Lweric, Dingic, Loange-Atlantic, KLC Extended, Kikongo Language Cluster, Nuclear KLC, Kikongoic, Kambakunyic Kikongo, Kilaadic Kikongo, Central-Southern Kikongo, West Kikongo, Vilic, Lumbuic, Ngubi-Sangu-Sira-Punu, Sangu-Sira-Punu, Sangu-Sira, Sira-Barama, Barama"
numerals-sira1266-1.csv,Africa132-AtlanticCongo-numerals-sira1266-1.csv,sira1266,sira1266,"Atlantic-Congo, Volta-Congo, Benue-Congo, Bantoid, Southern Bantoid, Narrow Bantu, Central-Western Bantu, West-Coastal Bantu, Nzadic, Lweric, Dingic, Loange-Atlantic, KLC Extended, Kikongo Language Cluster, Nuclear KLC, Kikongoic, Kambakunyic Kikongo, Kilaadic Kikongo, Central-Southern Kikongo, West Kikongo, Vilic, Lumbuic, Ngubi-Sangu-Sira-Punu, Sangu-Sira-Punu, Sangu-Sira, Sira-Barama, Sira"
numerals-sang1333-1.csv,Africa133-AtlanticCongo-numerals-sang1333-1.csv,sang1333,sang1333,"Atlantic-Congo, Volta-Congo, Benue-Congo, Bantoid, Southern Bantoid, Narrow Bantu, Central-Western Bantu, West-Coastal Bantu, Nzadic, Lweric, Dingic, Loange-Atlantic, KLC Extended, Kikongo Language Cluster, Nuclear KLC, Kikongoic, Kambakunyic Kikongo, Kilaadic Kikongo, Central-Southern Kikongo, West Kikongo, Vilic, Lumbuic, Ngubi-Sangu-Sira-Punu, Sangu-Sira-Punu, Sangu-Sira, Sangu (Gabon)"
numerals-punu1239-1.csv,Africa134-AtlanticCongo-numerals-punu1239-1.csv,punu1239,punu1239,"Atlantic-Congo, Volta-Congo, Benue-Congo, Bantoid, Southern Bantoid, Narrow Bantu, Central-Western Bantu, West-Coastal Bantu, Nzadic, Lweric, Dingic, Loange-Atlantic, KLC Extended, Kikongo Language Cluster, Nuclear KLC, Kikongoic, Kambakunyic Kikongo, Kilaadic Kikongo, Central-Southern Kikongo, West Kikongo, Vilic, Lumbuic, Ngubi-Sangu-Sira-Punu, Sangu-Sira-Punu, Punu-Vungu, Punu"
lumb1249.csv,Africa135-AtlanticCongo-numerals-lumb1249-1.csv,lumb1249,lumb1249,"Atlantic-Congo, Volta-Congo, Benue-Congo, Bantoid, Southern Bantoid, Narrow Bantu, Central-Western Bantu, West-Coastal Bantu, Nzadic, Lweric, Dingic, Loange-Atlantic, KLC Extended, Kikongo Language Cluster, Nuclear KLC, Kikongoic, Kambakunyic Kikongo, Kilaadic Kikongo, Central-Southern Kikongo, West Kikongo, Vilic, Lumbuic, Lumbu-Bwisi, Lumbu"
numerals-vili1238-1.csv,Africa136-AtlanticCongo-numerals-vili1238-1.csv,vili1238,vili1238,"Atlantic-Congo, Volta-Congo, Benue-Congo, Bantoid, Southern Bantoid, Narrow Bantu, Central-Western Bantu, West-Coastal Bantu, Nzadic, Lweric, Dingic, Loange-Atlantic, KLC Extended, Kikongo Language Cluster, Nuclear KLC, Kikongoic, Kambakunyic Kikongo, Kilaadic Kikongo, Central-Southern Kikongo, West Kikongo, Vilic, Vili"
numerals-yomb1244-1.csv,Africa137-AtlanticCongo-numerals-yomb1244-1.csv,yomb1244,yomb1244,"Atlantic-Congo, Volta-Congo, Benue-Congo, Bantoid, Southern Bantoid, Narrow Bantu, Central-Western Bantu, West-Coastal Bantu, Nzadic, Lweric, Dingic, Loange-Atlantic, KLC Extended, Kikongo Language Cluster, Nuclear KLC, Kikongoic, Kambakunyic Kikongo, Kilaadic Kikongo, Central-Southern Kikongo, West Kikongo, Yombe"
numerals-koon1244-1.csv,Africa138-AtlanticCongo-numerals-koon1244-1.csv,koon1244,koon1244,"Atlantic-Congo, Volta-Congo, Benue-Congo, Bantoid, Southern Bantoid, Narrow Bantu, Central-Western Bantu, West-Coastal Bantu, Nzadic, Lweric, Dingic, Loange-Atlantic, KLC Extended, Kikongo Language Cluster, Nuclear KLC, Kikongoic, Kambakunyic Kikongo, Kilaadic Kikongo, Central-Southern Kikongo, Southeastern Kikongo, Southern Kikongo, Koongo-Kituba, South-Central Koongo"
doon1238.csv,Africa139-AtlanticCongo-numerals-doon1238-1.csv,doon1238,doon1238,"Atlantic-Congo, Volta-Congo, Benue-Congo, Bantoid, Southern Bantoid, Narrow Bantu, Central-Western Bantu, West-Coastal Bantu, Nzadic, Lweric, Dingic, Loange-Atlantic, KLC Extended, Kikongo Language Cluster, Nuclear KLC, Kikongoic, Kambakunyic Kikongo, Kilaadic Kikongo, Nuclear Northern Kikongo, Doondo"
laar1238.csv,Africa140-AtlanticCongo-numerals-laar1238-1.csv,laar1238,laar1238,"Atlantic-Congo, Volta-Congo, Benue-Congo, Bantoid, Southern Bantoid, Narrow Bantu, Central-Western Bantu, West-Coastal Bantu, Nzadic, Lweric, Dingic, Loange-Atlantic, KLC Extended, Kikongo Language Cluster, Nuclear KLC, Kikongoic, Kambakunyic Kikongo, Kilaadic Kikongo, Nuclear Northern Kikongo, Laari"
numerals-beem1239-1.csv,Africa141-AtlanticCongo-numerals-beem1239-1.csv,beem1239,beem1239,"Atlantic-Congo, Volta-Congo, Benue-Congo, Bantoid, Southern Bantoid, Narrow Bantu, Central-Western Bantu, West-Coastal Bantu, Nzadic, Lweric, Dingic, Loange-Atlantic, KLC Extended, Kikongo Language Cluster, Nuclear KLC, Kikongoic, Beembe"
numerals-suku1259-1.csv,Africa142-AtlanticCongo-numerals-suku1259-1.csv,suku1259,suku1259,"Atlantic-Congo, Volta-Congo, Benue-Congo, Bantoid, Southern Bantoid, Narrow Bantu, Central-Western Bantu, West-Coastal Bantu, Nzadic, Lweric, Dingic, Loange-Atlantic, KLC Extended, Kikongo Language Cluster, Nuclear KLC, Yaka-Suku, Suku"
numerals-hung1278-1.csv,Africa143-AtlanticCongo-numerals-hung1278-1.csv,hung1278,hung1278,"Atlantic-Congo, Volta-Congo, Benue-Congo, Bantoid, Southern Bantoid, Narrow Bantu, Central-Western Bantu, West-Coastal Bantu, Nzadic, Lweric, Dingic, Loange-Atlantic, KLC Extended, Kikongo Language Cluster, Hungan-Samba, Hungan"
numerals-mpuo1241-1.csv,Africa144-AtlanticCongo-numerals-mpuo1241-2.csv,mpuo1241,mpuo1241,"Atlantic-Congo, Volta-Congo, Benue-Congo, Bantoid, Southern Bantoid, Narrow Bantu, Central-Western Bantu, West-Coastal Bantu, Nzadic, Lweric, Dingic, Loange-Atlantic, KLC Extended, Mbuun"
numerals-ngon1267-1.csv,Africa145-AtlanticCongo-numerals-ngon1267-1.csv,ngon1267,ngon1267,"Atlantic-Congo, Volta-Congo, Benue-Congo, Bantoid, Southern Bantoid, Narrow Bantu, Central-Western Bantu, West-Coastal Bantu, Nzadic, Lweric, Dingic, Loange-Atlantic, KLC Extended, Nsong-Mpiin-Ngong, Ngongo"
numerals-song1299-1.csv,Africa146-AtlanticCongo-numerals-song1299-2.csv,song1299,song1299,"Atlantic-Congo, Volta-Congo, Benue-Congo, Bantoid, Southern Bantoid, Narrow Bantu, Central-Western Bantu, West-Coastal Bantu, Nzadic, Lweric, Dingic, Loange-Atlantic, KLC Extended, Nsong-Mpiin-Ngong, Nsong-Mpiin"
numerals-yans1239-1.csv,Africa147-AtlanticCongo-numerals-yans1239-1.csv,yans1239,yans1239,"Atlantic-Congo, Volta-Congo, Benue-Congo, Bantoid, Southern Bantoid, Narrow Bantu, Central-Western Bantu, West-Coastal Bantu, Nzadic, Lweric, Dingic, Loange-Atlantic, Kwilu-Ngounie, Yansi"
numerals-saka1287-1.csv,Africa148-AtlanticCongo-numerals-saka1287-1.csv,saka1287,saka1287,"Atlantic-Congo, Volta-Congo, Benue-Congo, Bantoid, Southern Bantoid, Narrow Bantu, Central-Western Bantu, West-Coastal Bantu, Nzadic, Lweric, Dingic, Loange-Atlantic, Kwilu-Ngounie, Kasai-Ngounie, Kwa-Kasai North, Sakata-Tiinic, Sakata"
numerals-tien1242-1.csv,Africa149-AtlanticCongo-numerals-tien1242-1.csv,tien1242,tien1242,"Atlantic-Congo, Volta-Congo, Benue-Congo, Bantoid, Southern Bantoid, Narrow Bantu, Central-Western Bantu, West-Coastal Bantu, Nzadic, Lweric, Dingic, Loange-Atlantic, Kwilu-Ngounie, Kasai-Ngounie, Kwa-Kasai North, Sakata-Tiinic, Tiinic, Tiene"
kemp1234.csv,Africa150-AtlanticCongo-numerals-kemp1234-1.csv,kemp1234,kemp1234,"Atlantic-Congo, Volta-Congo, Benue-Congo, Bantoid, Southern Bantoid, Narrow Bantu, Central-Western Bantu, West-Coastal Bantu, Nzadic, Lweric, Dingic, Loange-Atlantic, Kwilu-Ngounie, Kasai-Ngounie, Kwa-Kasai North, Sakata-Tiinic, Tiinic, Kempee"
ngun1272.csv,Africa151-AtlanticCongo-numerals-ngun1272-1.csv,ngun1272,ngun1272,"Atlantic-Congo, Volta-Congo, Benue-Congo, Bantoid, Southern Bantoid, Narrow Bantu, Central-Western Bantu, West-Coastal Bantu, Nzadic, Lweric, Dingic, Loange-Atlantic, Kwilu-Ngounie, Kasai-Ngounie, Moyen Kasai-Ngounie, Ngungwel-Eboo, Ngungwel"
numerals-teke1278-1.csv,Africa152-AtlanticCongo-numerals-teke1278-1.csv,teke1278,teke1278,"Atlantic-Congo, Volta-Congo, Benue-Congo, Bantoid, Southern Bantoid, Narrow Bantu, Central-Western Bantu, West-Coastal Bantu, Nzadic, Lweric, Dingic, Loange-Atlantic, Kwilu-Ngounie, Kasai-Ngounie, Moyen Kasai-Ngounie, Ngungwel-Eboo, Teke-Eboo-Nzikou"
numerals-teke1280-1.csv,Africa153-AtlanticCongo-numerals-teke1280-1.csv,teke1280,teke1280,"Atlantic-Congo, Volta-Congo, Benue-Congo, Bantoid, Southern Bantoid, Narrow Bantu, Central-Western Bantu, West-Coastal Bantu, Nzadic, Lweric, Dingic, Loange-Atlantic, Kwilu-Ngounie, Kasai-Ngounie, Moyen Kasai-Ngounie, Interior Kasai-Ngounie, Teke-Kukuya"
numerals-teke1276-1.csv,Africa154-AtlanticCongo-numerals-teke1276-1.csv,teke1276,teke1276,"Atlantic-Congo, Volta-Congo, Benue-Congo, Bantoid, Southern Bantoid, Narrow Bantu, Central-Western Bantu, West-Coastal Bantu, Nzadic, Lweric, Dingic, Loange-Atlantic, Kwilu-Ngounie, Kasai-Ngounie, Moyen Kasai-Ngounie, Interior Kasai-Ngounie, Teke-Tyee"
duma1253.csv,Africa155-AtlanticCongo-numerals-duma1253-1.csv,duma1253,duma1253,"Atlantic-Congo, Volta-Congo, Benue-Congo, Bantoid, Southern Bantoid, Narrow Bantu, Central-Western Bantu, West-Coastal Bantu, Nzadic, Lweric, Dingic, Loange-Atlantic, Kwilu-Ngounie, Kasai-Ngounie, Moyen Kasai-Ngounie, Interior Kasai-Ngounie, West Kasai-Ngounie, Northwest Kasai-Ngounie, Nzebi-Laali-Yaa, Njebi (B.50), Ndjavi B, Duma"
numerals-njeb1242-1.csv,Africa156-AtlanticCongo-numerals-njeb1242-1.csv,njeb1242,njeb1242,"Atlantic-Congo, Volta-Congo, Benue-Congo, Bantoid, Southern Bantoid, Narrow Bantu, Central-Western Bantu, West-Coastal Bantu, Nzadic, Lweric, Dingic, Loange-Atlantic, Kwilu-Ngounie, Kasai-Ngounie, Moyen Kasai-Ngounie, Interior Kasai-Ngounie, West Kasai-Ngounie, Northwest Kasai-Ngounie, Nzebi-Laali-Yaa, Njebi (B.50), Ndjavi A, Njebi"
numerals-kani1279-1.csv,Africa157-AtlanticCongo-numerals-kani1279-1.csv,kani1279,kani1279,"Atlantic-Congo, Volta-Congo, Benue-Congo, Bantoid, Southern Bantoid, Narrow Bantu, Central-Western Bantu, West-Coastal Bantu, Nzadic, Lweric, Dingic, Loange-Atlantic, Kwilu-Ngounie, Kasai-Ngounie, Moyen Kasai-Ngounie, Interior Kasai-Ngounie, West Kasai-Ngounie, Northwest Kasai-Ngounie, Mbere (B.60), Tsitsekeic, Lekaningic, Kaningi"
numerals-ndum1239-1.csv,Africa158-AtlanticCongo-numerals-ndum1239-1.csv,ndum1239,ndum1239,"Atlantic-Congo, Volta-Congo, Benue-Congo, Bantoid, Southern Bantoid, Narrow Bantu, Central-Western Bantu, West-Coastal Bantu, Nzadic, Lweric, Dingic, Loange-Atlantic, Kwilu-Ngounie, Kasai-Ngounie, Moyen Kasai-Ngounie, Interior Kasai-Ngounie, West Kasai-Ngounie, Northwest Kasai-Ngounie, Mbere (B.60), Tsitsekeic, Lekaningic, Ndumu"
numerals-omba1241-1.csv,Africa159-AtlanticCongo-numerals-omba1241-1.csv,omba1241,mber1257,"Atlantic-Congo, Volta-Congo, Benue-Congo, Bantoid, Southern Bantoid, Narrow Bantu, Central-Western Bantu, West-Coastal Bantu, Nzadic, Lweric, Dingic, Loange-Atlantic, Kwilu-Ngounie, Kasai-Ngounie, Moyen Kasai-Ngounie, Interior Kasai-Ngounie, West Kasai-Ngounie, Northwest Kasai-Ngounie, Mbere (B.60), Tsitsekeic, Lekaningic, Mbere-Mbamba"
numerals-teke1275-1.csv,Africa160-AtlanticCongo-numerals-teke1275-2.csv,teke1275,teke1275,"Atlantic-Congo, Volta-Congo, Benue-Congo, Bantoid, Southern Bantoid, Narrow Bantu, Central-Western Bantu, West-Coastal Bantu, Nzadic, Lweric, Dingic, Loange-Atlantic, Kwilu-Ngounie, Kasai-Ngounie, Moyen Kasai-Ngounie, Interior Kasai-Ngounie, West Kasai-Ngounie, Northwest Kasai-Ngounie, Mbere (B.60), Latege"
ding1239.csv,Africa161-AtlanticCongo-numerals-ding1239-1.csv,ding1239,ding1239,"Atlantic-Congo, Volta-Congo, Benue-Congo, Bantoid, Southern Bantoid, Narrow Bantu, Central-Western Bantu, West-Coastal Bantu, Nzadic, Lweric, Dingic, Ding"
numerals-ngul1247-1.csv,Africa162-AtlanticCongo-numerals-ngul1247-1.csv,ngul1247,ngul1247,"Atlantic-Congo, Volta-Congo, Benue-Congo, Bantoid, Southern Bantoid, Narrow Bantu, Central-Western Bantu, West-Coastal Bantu, Ngwii"
numerals-yeyi1239-1.csv,Africa163-AtlanticCongo-numerals-yeyi1239-1.csv,yeyi1239,yeyi1239,"Atlantic-Congo, Volta-Congo, Benue-Congo, Bantoid, Southern Bantoid, Narrow Bantu, East Bantu, Yeyi"
numerals-asut1235-1.csv,Africa164-AtlanticCongo-numerals-asut1235-1.csv,asut1235,asut1235,"Atlantic-Congo, Volta-Congo, Benue-Congo, Bantoid, Southern Bantoid, Narrow Bantu, East Bantu, Northeast Savanna Bantu, Northeast Coastal Bantu, Pare-Taveta, Pareic, Asu (Tanzania)"
numerals-swah1253-1.csv,Africa165-AtlanticCongo-numerals-swah1253-1.csv,swah1253,swah1253,"Atlantic-Congo, Volta-Congo, Benue-Congo, Bantoid, Southern Bantoid, Narrow Bantu, East Bantu, Northeast Savanna Bantu, Northeast Coastal Bantu, Coastal NEC Bantu, Sabaki-Swahili, Swahili (G.40), Mombasa-Lamu-Inland Swahili, Swahili"
numerals-mwan1247-1.csv,Africa166-AtlanticCongo-numerals-mwan1247-1.csv,mwan1247,mwan1247,"Atlantic-Congo, Volta-Congo, Benue-Congo, Bantoid, Southern Bantoid, Narrow Bantu, East Bantu, Northeast Savanna Bantu, Northeast Coastal Bantu, Coastal NEC Bantu, Sabaki-Swahili, Mwani"
numerals-ilwa1237-1.csv,Africa167-AtlanticCongo-numerals-ilwa1237-1.csv,ilwa1237,ilwa1237,"Atlantic-Congo, Volta-Congo, Benue-Congo, Bantoid, Southern Bantoid, Narrow Bantu, East Bantu, Northeast Savanna Bantu, Northeast Coastal Bantu, Coastal NEC Bantu, Sabaki-Swahili, Ilwana"
duru1249.csv,Africa168-AtlanticCongo-numerals-duru1249-1.csv,duru1249,duru1249,"Atlantic-Congo, Volta-Congo, Benue-Congo, Bantoid, Southern Bantoid, Narrow Bantu, East Bantu, Northeast Savanna Bantu, Northeast Coastal Bantu, Coastal NEC Bantu, Mijikenda-Pokomo-Comorian, Mijikenda, Northern Mijikenda, Duruma"
numerals-giry1241-1.csv,Africa169-AtlanticCongo-numerals-giry1241-1.csv,giry1241,giry1241,"Atlantic-Congo, Volta-Congo, Benue-Congo, Bantoid, Southern Bantoid, Narrow Bantu, East Bantu, Northeast Savanna Bantu, Northeast Coastal Bantu, Coastal NEC Bantu, Mijikenda-Pokomo-Comorian, Mijikenda, Northern Mijikenda, Giryama"
digo1243.csv,Africa170-AtlanticCongo-numerals-digo1243-1.csv,digo1243,digo1243,"Atlantic-Congo, Volta-Congo, Benue-Congo, Bantoid, Southern Bantoid, Narrow Bantu, East Bantu, Northeast Savanna Bantu, Northeast Coastal Bantu, Coastal NEC Bantu, Mijikenda-Pokomo-Comorian, Mijikenda, Southern Mijikenda, Digo"
numerals-maor1244-1.csv,Africa171-AtlanticCongo-numerals-maor1244-1.csv,maor1244,maor1244,"Atlantic-Congo, Volta-Congo, Benue-Congo, Bantoid, Southern Bantoid, Narrow Bantu, East Bantu, Northeast Savanna Bantu, Northeast Coastal Bantu, Coastal NEC Bantu, Mijikenda-Pokomo-Comorian, Comorian Bantu, Shindzwani-Shimaore, Maore Comorian"
numerals-ngaz1238-1.csv,Africa172-AtlanticCongo-numerals-ngaz1238-1.csv,ngaz1238,ngaz1238,"Atlantic-Congo, Volta-Congo, Benue-Congo, Bantoid, Southern Bantoid, Narrow Bantu, East Bantu, Northeast Savanna Bantu, Northeast Coastal Bantu, Coastal NEC Bantu, Mijikenda-Pokomo-Comorian, Comorian Bantu, Ngazidja Comorian"
numerals-poko1261-1.csv,Africa173-AtlanticCongo-numerals-poko1261-1.csv,poko1261,poko1261,"Atlantic-Congo, Volta-Congo, Benue-Congo, Bantoid, Southern Bantoid, Narrow Bantu, East Bantu, Northeast Savanna Bantu, Northeast Coastal Bantu, Coastal NEC Bantu, Mijikenda-Pokomo-Comorian, Pokomo"
bond1247.csv,Africa174-AtlanticCongo-numerals-bond1247-1.csv,bond1247,bond1247,"Atlantic-Congo, Volta-Congo, Benue-Congo, Bantoid, Southern Bantoid, Narrow Bantu, East Bantu, Northeast Savanna Bantu, Northeast Coastal Bantu, Ruvu, West Ruvu, Seuta, Bondei-Shambala, Bondei"
numerals-sham1280-1.csv,Africa175-AtlanticCongo-numerals-sham1280-1.csv,sham1280,sham1280,"Atlantic-Congo, Volta-Congo, Benue-Congo, Bantoid, Southern Bantoid, Narrow Bantu, East Bantu, Northeast Savanna Bantu, Northeast Coastal Bantu, Ruvu, West Ruvu, Seuta, Bondei-Shambala, Shambala"
numerals-ngul1246-1.csv,Africa176-AtlanticCongo-numerals-ngul1246-1.csv,ngul1246,ngul1246,"Atlantic-Congo, Volta-Congo, Benue-Congo, Bantoid, Southern Bantoid, Narrow Bantu, East Bantu, Northeast Savanna Bantu, Northeast Coastal Bantu, Ruvu, West Ruvu, Seuta, Zigua-Nguu, Ngulu"
mush1238.csv,Africa177-AtlanticCongo-numerals-mush1238-1.csv,mush1238,zigu1244,"Atlantic-Congo, Volta-Congo, Benue-Congo, Bantoid, Southern Bantoid, Narrow Bantu, East Bantu, Northeast Savanna Bantu, Northeast Coastal Bantu, Ruvu, West Ruvu, Seuta, Zigua-Nguu, Zigula-Mushungulu"
numerals-gogo1263-1.csv,Africa178-AtlanticCongo-numerals-gogo1263-1.csv,gogo1263,gogo1263,"Atlantic-Congo, Volta-Congo, Benue-Congo, Bantoid, Southern Bantoid, Narrow Bantu, East Bantu, Northeast Savanna Bantu, Northeast Coastal Bantu, Ruvu, West Ruvu, Gogo"
numerals-vidu1238-1.csv,Africa179-AtlanticCongo-numerals-vidu1238-1.csv,vidu1238,vidu1238,"Atlantic-Congo, Volta-Congo, Benue-Congo, Bantoid, Southern Bantoid, Narrow Bantu, East Bantu, Northeast Savanna Bantu, Northeast Coastal Bantu, Ruvu, West Ruvu, Vidunda-Sagala, Vidunda"
numerals-lugu1238-1.csv,Africa180-AtlanticCongo-numerals-lugu1238-1.csv,lugu1238,lugu1238,"Atlantic-Congo, Volta-Congo, Benue-Congo, Bantoid, Southern Bantoid, Narrow Bantu, East Bantu, Northeast Savanna Bantu, Northeast Coastal Bantu, Ruvu, East Ruvu, Luguru"
kutu1263.csv,Africa181-AtlanticCongo-numerals-kutu1263-1.csv,kutu1263,kutu1263,"Atlantic-Congo, Volta-Congo, Benue-Congo, Bantoid, Southern Bantoid, Narrow Bantu, East Bantu, Northeast Savanna Bantu, Northeast Coastal Bantu, Ruvu, East Ruvu, Central East Ruvu, Kutu-Zaramo, Kutu"
numerals-zara1247-1.csv,Africa182-AtlanticCongo-numerals-zara1247-1.csv,zara1247,zara1247,"Atlantic-Congo, Volta-Congo, Benue-Congo, Bantoid, Southern Bantoid, Narrow Bantu, East Bantu, Northeast Savanna Bantu, Northeast Coastal Bantu, Ruvu, East Ruvu, Central East Ruvu, Kutu-Zaramo, Zaramo"
kwer1261.csv,Africa183-AtlanticCongo-numerals-kwer1261-1.csv,kwer1261,kwer1261,"Atlantic-Congo, Volta-Congo, Benue-Congo, Bantoid, Southern Bantoid, Narrow Bantu, East Bantu, Northeast Savanna Bantu, Northeast Coastal Bantu, Ruvu, East Ruvu, Central East Ruvu, Kwere"
numerals-kagu1239-1.csv,Africa184-AtlanticCongo-numerals-kagu1239-1.csv,kagu1239,kagu1239,"Atlantic-Congo, Volta-Congo, Benue-Congo, Bantoid, Southern Bantoid, Narrow Bantu, East Bantu, Northeast Savanna Bantu, Northeast Coastal Bantu, Ruvu, Kagulu"
numerals-bena1262-1.csv,Africa185-AtlanticCongo-numerals-bena1262-1.csv,bena1262,bena1262,"Atlantic-Congo, Volta-Congo, Benue-Congo, Bantoid, Southern Bantoid, Narrow Bantu, East Bantu, Northeast Savanna Bantu, Southern Tanzania Highlands Bantu, Bena-Hehe, Bena (Tanzania)"
numerals-hehe1240-1.csv,Africa186-AtlanticCongo-numerals-hehe1240-1.csv,hehe1240,hehe1240,"Atlantic-Congo, Volta-Congo, Benue-Congo, Bantoid, Southern Bantoid, Narrow Bantu, East Bantu, Northeast Savanna Bantu, Southern Tanzania Highlands Bantu, Bena-Hehe, Hehe"
kisi1243.csv,Africa187-AtlanticCongo-numerals-kisi1243-1.csv,kisi1243,kisi1243,"Atlantic-Congo, Volta-Congo, Benue-Congo, Bantoid, Southern Bantoid, Narrow Bantu, East Bantu, Northeast Savanna Bantu, Southern Tanzania Highlands Bantu, Kisi-Pangwa, Kisi"
numerals-pang1287-1.csv,Africa188-AtlanticCongo-numerals-pang1287-1.csv,pang1287,pang1287,"Atlantic-Congo, Volta-Congo, Benue-Congo, Bantoid, Southern Bantoid, Narrow Bantu, East Bantu, Northeast Savanna Bantu, Southern Tanzania Highlands Bantu, Kisi-Pangwa, Pangwa"
numerals-nucl1379-1.csv,Africa189-AtlanticCongo-numerals-nucl1379-1.csv,nucl1379,nucl1379,"Atlantic-Congo, Volta-Congo, Benue-Congo, Bantoid, Southern Bantoid, Narrow Bantu, East Bantu, Northeast Savanna Bantu, Southern Tanzania Highlands Bantu, Kinga-Magoma, Kinga"
numerals-vwan1235-1.csv,Africa190-AtlanticCongo-numerals-vwan1235-1.csv,vwan1235,vwan1235,"Atlantic-Congo, Volta-Congo, Benue-Congo, Bantoid, Southern Bantoid, Narrow Bantu, East Bantu, Northeast Savanna Bantu, Southern Tanzania Highlands Bantu, Wanji-Sangu, Vwanji"
numerals-mand1423-1.csv,Africa191-AtlanticCongo-numerals-mand1423-1.csv,mand1423,mand1423,"Atlantic-Congo, Volta-Congo, Benue-Congo, Bantoid, Southern Bantoid, Narrow Bantu, East Bantu, Northeast Savanna Bantu, Southern Tanzania Highlands Bantu, Manda-Ngoni, Manda-Matumba"
chuk1274.csv,Africa192-AtlanticCongo-numerals-chuk1274-1.csv,chuk1274,chuk1274,"Atlantic-Congo, Volta-Congo, Benue-Congo, Bantoid, Southern Bantoid, Narrow Bantu, East Bantu, Northeast Savanna Bantu, Central Kenya Bantu, Eastern Kirinyaga, Chuka"
numerals-thar1283-1.csv,Africa193-AtlanticCongo-numerals-thar1283-1.csv,thar1283,thar1283,"Atlantic-Congo, Volta-Congo, Benue-Congo, Bantoid, Southern Bantoid, Narrow Bantu, East Bantu, Northeast Savanna Bantu, Central Kenya Bantu, Eastern Kirinyaga, Northern Kirinyaga, Tharaka"
numerals-meru1245-1.csv,Africa194-AtlanticCongo-numerals-meru1245-1.csv,meru1245,meru1245,"Atlantic-Congo, Volta-Congo, Benue-Congo, Bantoid, Southern Bantoid, Narrow Bantu, East Bantu, Northeast Savanna Bantu, Central Kenya Bantu, Eastern Kirinyaga, Northern Kirinyaga, Nithi-Meru, Meru"
numerals-kamb1297-1.csv,Africa195-AtlanticCongo-numerals-kamb1297-1.csv,kamb1297,kamb1297,"Atlantic-Congo, Volta-Congo, Benue-Congo, Bantoid, Southern Bantoid, Narrow Bantu, East Bantu, Northeast Savanna Bantu, Central Kenya Bantu, Kamba-Dhaisu, Kamba (Kenya)"
numerals-embu1241-1.csv,Africa196-AtlanticCongo-numerals-embu1241-1.csv,embu1241,embu1241,"Atlantic-Congo, Volta-Congo, Benue-Congo, Bantoid, Southern Bantoid, Narrow Bantu, East Bantu, Northeast Savanna Bantu, Central Kenya Bantu, Embu"
numerals-kiku1240-1.csv,Africa197-AtlanticCongo-numerals-kiku1240-1.csv,kiku1240,kiku1240,"Atlantic-Congo, Volta-Congo, Benue-Congo, Bantoid, Southern Bantoid, Narrow Bantu, East Bantu, Northeast Savanna Bantu, Central Kenya Bantu, Gikuyu-Temi, Kikuyu"
numerals-temi1247-1.csv,Africa198-AtlanticCongo-numerals-temi1247-1.csv,temi1247,temi1247,"Atlantic-Congo, Volta-Congo, Benue-Congo, Bantoid, Southern Bantoid, Narrow Bantu, East Bantu, Northeast Savanna Bantu, Central Kenya Bantu, Gikuyu-Temi, Temi"
numerals-gwen1239-1.csv,Africa199-AtlanticCongo-numerals-gwen1239-1.csv,gwen1239,gwen1239,"Atlantic-Congo, Volta-Congo, Benue-Congo, Bantoid, Southern Bantoid, Narrow Bantu, East Bantu, Northeast Savanna Bantu, Kilimanjaro-Taita, Kilimanjaro Bantu, Gweno"
numerals-moch1256-1.csv,Africa200-AtlanticCongo-numerals-moch1256-1.csv,moch1256,moch1256,"Atlantic-Congo, Volta-Congo, Benue-Congo, Bantoid, Southern Bantoid, Narrow Bantu, East Bantu, Northeast Savanna Bantu, Kilimanjaro-Taita, Kilimanjaro Bantu, Chaga, Central Kilimanjaro, Mochi"
numerals-vunj1238-1.csv,Africa201-AtlanticCongo-numerals-vunj1238-1.csv,vunj1238,vunj1238,"Atlantic-Congo, Volta-Congo, Benue-Congo, Bantoid, Southern Bantoid, Narrow Bantu, East Bantu, Northeast Savanna Bantu, Kilimanjaro-Taita, Kilimanjaro Bantu, Chaga, Central Kilimanjaro, Vunjo"
mach1266.csv,Africa202-AtlanticCongo-numerals-mach1266-1.csv,mach1266,mach1266,"Atlantic-Congo, Volta-Congo, Benue-Congo, Bantoid, Southern Bantoid, Narrow Bantu, East Bantu, Northeast Savanna Bantu, Kilimanjaro-Taita, Kilimanjaro Bantu, Chaga, West Kilimanjaro, Machame"
numerals-rwaa1238-1.csv,Africa203-AtlanticCongo-numerals-rwaa1238-1.csv,rwaa1238,rwaa1238,"Atlantic-Congo, Volta-Congo, Benue-Congo, Bantoid, Southern Bantoid, Narrow Bantu, East Bantu, Northeast Savanna Bantu, Kilimanjaro-Taita, Kilimanjaro Bantu, Chaga, West Kilimanjaro, Rwa"
numerals-tait1250-1.csv,Africa204-AtlanticCongo-numerals-tait1250-1.csv,tait1250,tait1250,"Atlantic-Congo, Volta-Congo, Benue-Congo, Bantoid, Southern Bantoid, Narrow Bantu, East Bantu, Northeast Savanna Bantu, Kilimanjaro-Taita, Taita-Sagalla, Taita"
numerals-bend1258-1.csv,Africa205-AtlanticCongo-numerals-bend1258-2.csv,bend1258,bend1258,"Atlantic-Congo, Volta-Congo, Benue-Congo, Bantoid, Southern Bantoid, Narrow Bantu, East Bantu, Northeast Savanna Bantu, Unclassified Northeast Savanna Bantu, Bende-Tongwe, Bende"
buku1249.csv,Africa206-AtlanticCongo-numerals-buku1249-1.csv,buku1249,buku1249,"Atlantic-Congo, Volta-Congo, Benue-Congo, Bantoid, Southern Bantoid, Narrow Bantu, East Bantu, Northeast Savanna Bantu, Great Lakes Bantu, Greater Luyia, Luyia, Saamia-Wanga-Bukusu, Northern Luyia, Bukusu"
numerals-masa1299-1.csv,Africa207-AtlanticCongo-numerals-masa1299-1.csv,masa1299,masa1299,"Atlantic-Congo, Volta-Congo, Benue-Congo, Bantoid, Southern Bantoid, Narrow Bantu, East Bantu, Northeast Savanna Bantu, Great Lakes Bantu, Greater Luyia, Luyia, Saamia-Wanga-Bukusu, Northern Luyia, Masaaba"
nyor1244.csv,Africa208-AtlanticCongo-numerals-nyor1244-1.csv,nyor1244,nyor1244,"Atlantic-Congo, Volta-Congo, Benue-Congo, Bantoid, Southern Bantoid, Narrow Bantu, East Bantu, Northeast Savanna Bantu, Great Lakes Bantu, Greater Luyia, Luyia, Saamia-Wanga-Bukusu, Saamia-Wanga, Central-Eastern Luyia, Nyore"
numerals-saam1283-1.csv,Africa209-AtlanticCongo-numerals-saam1283-1.csv,saam1283,saam1283,"Atlantic-Congo, Volta-Congo, Benue-Congo, Bantoid, Southern Bantoid, Narrow Bantu, East Bantu, Northeast Savanna Bantu, Great Lakes Bantu, Greater Luyia, Luyia, Saamia-Wanga-Bukusu, Saamia-Wanga, Western Luyia, Saamiaic, Saamia"
nyol1238.csv,Africa210-AtlanticCongo-numerals-nyol1238-1.csv,nyol1238,nyol1238,"Atlantic-Congo, Volta-Congo, Benue-Congo, Bantoid, Southern Bantoid, Narrow Bantu, East Bantu, Northeast Savanna Bantu, Great Lakes Bantu, Greater Luyia, Luyia, Saamia-Wanga-Bukusu, Saamia-Wanga, Western Luyia, Saamiaic, Nyole"
idak1243.csv,Africa211-AtlanticCongo-numerals-idak1243-1.csv,idak1243,idak1243,"Atlantic-Congo, Volta-Congo, Benue-Congo, Bantoid, Southern Bantoid, Narrow Bantu, East Bantu, Northeast Savanna Bantu, Great Lakes Bantu, Greater Luyia, Luyia, Idakho-Isukha-Tiriki"
numerals-logo1258-1.csv,Africa212-AtlanticCongo-numerals-logo1258-1.csv,logo1258,logo1258,"Atlantic-Congo, Volta-Congo, Benue-Congo, Bantoid, Southern Bantoid, Narrow Bantu, East Bantu, Northeast Savanna Bantu, Great Lakes Bantu, Greater Luyia, Logooli"
chig1238.csv,Africa213-AtlanticCongo-numerals-chig1238-1.csv,chig1238,chig1238,"Atlantic-Congo, Volta-Congo, Benue-Congo, Bantoid, Southern Bantoid, Narrow Bantu, East Bantu, Northeast Savanna Bantu, Great Lakes Bantu, West Nyanza, Rutara, North Rutara, Nkore-Kiga-Nyoro-Tooro, Nkore-Kiga, Chiga"
numerals-nyan1307-1.csv,Africa214-AtlanticCongo-numerals-nyan1307-1.csv,nyan1307,nyan1307,"Atlantic-Congo, Volta-Congo, Benue-Congo, Bantoid, Southern Bantoid, Narrow Bantu, East Bantu, Northeast Savanna Bantu, Great Lakes Bantu, West Nyanza, Rutara, North Rutara, Nkore-Kiga-Nyoro-Tooro, Nkore-Kiga, Nyankole"
numerals-nyor1246-1.csv,Africa215-AtlanticCongo-numerals-nyor1246-1.csv,nyor1246,nyor1246,"Atlantic-Congo, Volta-Congo, Benue-Congo, Bantoid, Southern Bantoid, Narrow Bantu, East Bantu, Northeast Savanna Bantu, Great Lakes Bantu, West Nyanza, Rutara, North Rutara, Nkore-Kiga-Nyoro-Tooro, Nyoro-Tooro, Nyoro"
numerals-toor1238-1.csv,Africa216-AtlanticCongo-numerals-toor1238-1.csv,toor1238,toor1238,"Atlantic-Congo, Volta-Congo, Benue-Congo, Bantoid, Southern Bantoid, Narrow Bantu, East Bantu, Northeast Savanna Bantu, Great Lakes Bantu, West Nyanza, Rutara, North Rutara, Nkore-Kiga-Nyoro-Tooro, Nyoro-Tooro, Tooro"
hema1238.csv,Africa217-AtlanticCongo-numerals-hema1238-1.csv,hema1238,hema1238,"Atlantic-Congo, Volta-Congo, Benue-Congo, Bantoid, Southern Bantoid, Narrow Bantu, East Bantu, Northeast Savanna Bantu, Great Lakes Bantu, West Nyanza, Rutara, North Rutara, Hema"
numerals-tali1258-1.csv,Africa218-AtlanticCongo-numerals-tali1258-1.csv,tali1258,tali1258,"Atlantic-Congo, Volta-Congo, Benue-Congo, Bantoid, Southern Bantoid, Narrow Bantu, East Bantu, Northeast Savanna Bantu, Great Lakes Bantu, West Nyanza, Rutara, North Rutara, Talinga-Bwisi"
numerals-haya1250-1.csv,Africa219-AtlanticCongo-numerals-haya1250-1.csv,haya1250,haya1250,"Atlantic-Congo, Volta-Congo, Benue-Congo, Bantoid, Southern Bantoid, Narrow Bantu, East Bantu, Northeast Savanna Bantu, Great Lakes Bantu, West Nyanza, Rutara, South Rutara, Haya"
numerals-nyam1277-1.csv,Africa220-AtlanticCongo-numerals-nyam1277-1.csv,nyam1277,nyam1277,"Atlantic-Congo, Volta-Congo, Benue-Congo, Bantoid, Southern Bantoid, Narrow Bantu, East Bantu, Northeast Savanna Bantu, Great Lakes Bantu, West Nyanza, Rutara, South Rutara, Nyambo"
numerals-zinz1238-1.csv,Africa221-AtlanticCongo-numerals-zinz1238-1.csv,zinz1238,zinz1238,"Atlantic-Congo, Volta-Congo, Benue-Congo, Bantoid, Southern Bantoid, Narrow Bantu, East Bantu, Northeast Savanna Bantu, Great Lakes Bantu, West Nyanza, Rutara, Zinza"
numerals-kere1283-1.csv,Africa222-AtlanticCongo-numerals-kere1283-1.csv,kere1283,kere1283,"Atlantic-Congo, Volta-Congo, Benue-Congo, Bantoid, Southern Bantoid, Narrow Bantu, East Bantu, Northeast Savanna Bantu, Great Lakes Bantu, West Nyanza, Rutara, Kerewe"
numerals-gand1255-1.csv,Africa223-AtlanticCongo-numerals-gand1255-1.csv,gand1255,gand1255,"Atlantic-Congo, Volta-Congo, Benue-Congo, Bantoid, Southern Bantoid, Narrow Bantu, East Bantu, Northeast Savanna Bantu, Great Lakes Bantu, West Nyanza, North Nyanza, Ganda"
numerals-soga1242-1.csv,Africa224-AtlanticCongo-numerals-soga1242-1.csv,soga1242,soga1242,"Atlantic-Congo, Volta-Congo, Benue-Congo, Bantoid, Southern Bantoid, Narrow Bantu, East Bantu, Northeast Savanna Bantu, Great Lakes Bantu, West Nyanza, North Nyanza, South Kyoga, Soga-Kenyi, Soga"
gwer1238.csv,Africa225-AtlanticCongo-numerals-gwer1238-1.csv,gwer1238,gwer1238,"Atlantic-Congo, Volta-Congo, Benue-Congo, Bantoid, Southern Bantoid, Narrow Bantu, East Bantu, Northeast Savanna Bantu, Great Lakes Bantu, West Nyanza, North Nyanza, South Kyoga, East Kyoga, Gwere"
gung1250.csv,Africa226-AtlanticCongo-numerals-gung1250-1.csv,gung1250,gung1250,"Atlantic-Congo, Volta-Congo, Benue-Congo, Bantoid, Southern Bantoid, Narrow Bantu, East Bantu, Northeast Savanna Bantu, Great Lakes Bantu, Gungu"
numerals-gusi1247-1.csv,Africa227-AtlanticCongo-numerals-gusi1247-1.csv,gusi1247,gusi1247,"Atlantic-Congo, Volta-Congo, Benue-Congo, Bantoid, Southern Bantoid, Narrow Bantu, East Bantu, Northeast Savanna Bantu, Great Lakes Bantu, East Nyanza, Nyanza Mara, North Mara, Gusii"
numerals-kuri1259-1.csv,Africa228-AtlanticCongo-numerals-kuri1259-1.csv,kuri1259,kuri1259,"Atlantic-Congo, Volta-Congo, Benue-Congo, Bantoid, Southern Bantoid, Narrow Bantu, East Bantu, Northeast Savanna Bantu, Great Lakes Bantu, East Nyanza, Nyanza Mara, North Mara, Kuriaic, Kuria"
numerals-suba1252-1.csv,Africa229-AtlanticCongo-numerals-suba1252-1.csv,suba1252,suba1252,"Atlantic-Congo, Volta-Congo, Benue-Congo, Bantoid, Southern Bantoid, Narrow Bantu, East Bantu, Northeast Savanna Bantu, Great Lakes Bantu, East Nyanza, Nyanza Mara, North Mara, Kuriaic, Suba-Simbiti"
numerals-suba1238-1.csv,Africa230-AtlanticCongo-numerals-suba1238-1.csv,suba1238,suba1238,"Atlantic-Congo, Volta-Congo, Benue-Congo, Bantoid, Southern Bantoid, Narrow Bantu, East Bantu, Northeast Savanna Bantu, Great Lakes Bantu, East Nyanza, Nyanza Mara, North Mara, Suba"
kabw1241.csv,Africa231-AtlanticCongo-numerals-kabw1241-1.csv,kabw1241,kabw1241,"Atlantic-Congo, Volta-Congo, Benue-Congo, Bantoid, Southern Bantoid, Narrow Bantu, East Bantu, Northeast Savanna Bantu, Great Lakes Bantu, East Nyanza, Nyanza Mara, North Mara, Unclassified North Mara, Kabwa"
numerals-siza1240-1.csv,Africa232-AtlanticCongo-numerals-siza1240-1.csv,siza1240,ikiz1238,"Atlantic-Congo, Volta-Congo, Benue-Congo, Bantoid, Southern Bantoid, Narrow Bantu, East Bantu, Northeast Savanna Bantu, Great Lakes Bantu, East Nyanza, Nyanza Mara, South Mara, Southwest Mara, Ikizu"
numerals-zana1238-1.csv,Africa233-AtlanticCongo-numerals-zana1238-1.csv,zana1238,zana1238,"Atlantic-Congo, Volta-Congo, Benue-Congo, Bantoid, Southern Bantoid, Narrow Bantu, East Bantu, Northeast Savanna Bantu, Great Lakes Bantu, East Nyanza, Nyanza Mara, South Mara, Southwest Mara, Zanaki"
numerals-ikom1245-1.csv,Africa234-AtlanticCongo-numerals-ikom1245-1.csv,ikom1245,ikom1245,"Atlantic-Congo, Volta-Congo, Benue-Congo, Bantoid, Southern Bantoid, Narrow Bantu, East Bantu, Northeast Savanna Bantu, Great Lakes Bantu, East Nyanza, Nyanza Mara, South Mara, Western Serengeti, Southeast Mara, Ikoma-Nata"
numerals-ngur1263-1.csv,Africa235-AtlanticCongo-numerals-ngur1263-1.csv,ngur1263,ngur1263,"Atlantic-Congo, Volta-Congo, Benue-Congo, Bantoid, Southern Bantoid, Narrow Bantu, East Bantu, Northeast Savanna Bantu, Great Lakes Bantu, East Nyanza, Nyanza Mara, South Mara, Western Serengeti, Ngoreme"
numerals-jita1239-1.csv,Africa236-AtlanticCongo-numerals-jita1239-1.csv,jita1239,jita1239,"Atlantic-Congo, Volta-Congo, Benue-Congo, Bantoid, Southern Bantoid, Narrow Bantu, East Bantu, Northeast Savanna Bantu, Great Lakes Bantu, East Nyanza, Suguti, Jita"
numerals-kara1481-1.csv,Africa237-AtlanticCongo-numerals-kara1481-1.csv,kara1481,kara1481,"Atlantic-Congo, Volta-Congo, Benue-Congo, Bantoid, Southern Bantoid, Narrow Bantu, East Bantu, Northeast Savanna Bantu, Great Lakes Bantu, East Nyanza, Suguti, Kara (Tanzania)"
kway1241.csv,Africa238-AtlanticCongo-numerals-kway1241-1.csv,kway1241,kway1241,"Atlantic-Congo, Volta-Congo, Benue-Congo, Bantoid, Southern Bantoid, Narrow Bantu, East Bantu, Northeast Savanna Bantu, Great Lakes Bantu, East Nyanza, Suguti, Kwaya"
fuli1240.csv,Africa239-AtlanticCongo-numerals-fuli1240-1.csv,fuli1240,fuli1240,"Atlantic-Congo, Volta-Congo, Benue-Congo, Bantoid, Southern Bantoid, Narrow Bantu, East Bantu, Northeast Savanna Bantu, Great Lakes Bantu, Western Lakes Bantu, Kivu, Forest Kivu, Fuliiric, Fuliiru-Vira, Fuliiru"
numerals-shii1238-1.csv,Africa240-AtlanticCongo-numerals-shii1238-1.csv,shii1238,shii1238,"Atlantic-Congo, Volta-Congo, Benue-Congo, Bantoid, Southern Bantoid, Narrow Bantu, East Bantu, Northeast Savanna Bantu, Great Lakes Bantu, Western Lakes Bantu, Kivu, Forest Kivu, Shi"
numerals-temb1270-1.csv,Africa241-AtlanticCongo-numerals-temb1270-1.csv,temb1270,temb1270,"Atlantic-Congo, Volta-Congo, Benue-Congo, Bantoid, Southern Bantoid, Narrow Bantu, East Bantu, Northeast Savanna Bantu, Great Lakes Bantu, Western Lakes Bantu, Kivu, Forest Kivu, Tembo (Kitembo)"
numerals-haaa1252-1.csv,Africa242-AtlanticCongo-numerals-haaa1252-1.csv,haaa1252,haaa1252,"Atlantic-Congo, Volta-Congo, Benue-Congo, Bantoid, Southern Bantoid, Narrow Bantu, East Bantu, Northeast Savanna Bantu, Great Lakes Bantu, Western Lakes Bantu, Kivu, West Highlands Kivu, Rundic, Ha"
numerals-rund1242-1.csv,Africa243-AtlanticCongo-numerals-rund1242-1.csv,rund1242,rund1242,"Atlantic-Congo, Volta-Congo, Benue-Congo, Bantoid, Southern Bantoid, Narrow Bantu, East Bantu, Northeast Savanna Bantu, Great Lakes Bantu, Western Lakes Bantu, Kivu, West Highlands Kivu, Rundic, Rundi"
kiny1244.csv,Africa244-AtlanticCongo-numerals-kiny1244-1.csv,kiny1244,kiny1244,"Atlantic-Congo, Volta-Congo, Benue-Congo, Bantoid, Southern Bantoid, Narrow Bantu, East Bantu, Northeast Savanna Bantu, Great Lakes Bantu, Western Lakes Bantu, Kivu, West Highlands Kivu, Kinyarwanda"
nand1264.csv,Africa245-AtlanticCongo-numerals-nand1264-1.csv,nand1264,nand1264,"Atlantic-Congo, Volta-Congo, Benue-Congo, Bantoid, Southern Bantoid, Narrow Bantu, East Bantu, Northeast Savanna Bantu, Great Lakes Bantu, Western Lakes Bantu, Rwenzori, Nande"
numerals-nyam1276-1.csv,Africa246-AtlanticCongo-numerals-nyam1276-1.csv,nyam1276,nyam1276,"Atlantic-Congo, Volta-Congo, Benue-Congo, Bantoid, Southern Bantoid, Narrow Bantu, East Bantu, Northeast Savanna Bantu, Sukuma-Nyamwezi (F.20), Nyamwezic, Nyamwezi"
numerals-suku1261-1.csv,Africa247-AtlanticCongo-numerals-suku1261-1.csv,suku1261,suku1261,"Atlantic-Congo, Volta-Congo, Benue-Congo, Bantoid, Southern Bantoid, Narrow Bantu, East Bantu, Northeast Savanna Bantu, Sukuma-Nyamwezi (F.20), Nyamwezic, Sukuma"
kono1265.csv,Africa248-AtlanticCongo-numerals-kono1265-1.csv,kono1265,kono1265,"Atlantic-Congo, Volta-Congo, Benue-Congo, Bantoid, Southern Bantoid, Narrow Bantu, East Bantu, Northeast Savanna Bantu, Sukuma-Nyamwezi (F.20), Nyamwezic, Konongo-Ruwila"
numerals-bemb1257-1.csv,Africa249-AtlanticCongo-numerals-bemb1257-1.csv,bemb1257,bemb1257,"Atlantic-Congo, Volta-Congo, Benue-Congo, Bantoid, Southern Bantoid, Narrow Bantu, East Bantu, Sabi, Malungu-Central Sabi, Central Sabi, Bemba (M.40), Bemba (Zambia)"
numerals-lala1264-1.csv,Africa250-AtlanticCongo-numerals-lala1264-1.csv,lala1264,lala1264,"Atlantic-Congo, Volta-Congo, Benue-Congo, Bantoid, Southern Bantoid, Narrow Bantu, East Bantu, Sabi, Malungu-Central Sabi, Central Sabi, Bisa-Lamba (M.50), Lala-Bisa"
taab1238.csv,Africa251-AtlanticCongo-numerals-taab1238-1.csv,taab1238,taab1238,"Atlantic-Congo, Volta-Congo, Benue-Congo, Bantoid, Southern Bantoid, Narrow Bantu, East Bantu, Sabi, Malungu-Central Sabi, Taabwa"
nsen1242.csv,Africa252-AtlanticCongo-numerals-nsen1242-1.csv,nsen1242,nsen1242,"Atlantic-Congo, Volta-Congo, Benue-Congo, Bantoid, Southern Bantoid, Narrow Bantu, East Bantu, Sabi, Nsenga"
numerals-pimb1238-1.csv,Africa253-AtlanticCongo-numerals-pimb1238-1.csv,pimb1238,pimb1238,"Atlantic-Congo, Volta-Congo, Benue-Congo, Bantoid, Southern Bantoid, Narrow Bantu, East Bantu, Corridor Bantu, Mbozi, Mwika, Pimbwe"
numerals-fipa1238-1.csv,Africa254-AtlanticCongo-numerals-fipa1238-1.csv,fipa1238,fipa1238,"Atlantic-Congo, Volta-Congo, Benue-Congo, Bantoid, Southern Bantoid, Narrow Bantu, East Bantu, Corridor Bantu, Mbozi, Mwika, Fipaic, Fipa"
numerals-mamb1296-1.csv,Africa255-AtlanticCongo-numerals-mamb1296-1.csv,mamb1296,mamb1296,"Atlantic-Congo, Volta-Congo, Benue-Congo, Bantoid, Southern Bantoid, Narrow Bantu, East Bantu, Corridor Bantu, Mbozi, Mwika, Fipaic, Maluwawaru, Mambwe-Lungu"
nyam1275.csv,Africa256-AtlanticCongo-numerals-nyam1275-1.csv,nyam1275,nyam1275,"Atlantic-Congo, Volta-Congo, Benue-Congo, Bantoid, Southern Bantoid, Narrow Bantu, East Bantu, Corridor Bantu, Mbozi, Mwika, Fipaic, Maluwawaru, Nyamwanga"
numerals-mali1279-1.csv,Africa257-AtlanticCongo-numerals-mali1279-1.csv,mali1279,mali1279,"Atlantic-Congo, Volta-Congo, Benue-Congo, Bantoid, Southern Bantoid, Narrow Bantu, East Bantu, Corridor Bantu, Mbozi, Mbeya, Malila"
numerals-ndal1241-1.csv,Africa258-AtlanticCongo-numerals-ndal1241-1.csv,ndal1241,ndal1241,"Atlantic-Congo, Volta-Congo, Benue-Congo, Bantoid, Southern Bantoid, Narrow Bantu, East Bantu, Corridor Bantu, Nyakyusa-Ndali, Ndali"
numerals-nyak1260-1.csv,Africa259-AtlanticCongo-numerals-nyak1260-1.csv,nyak1260,nyak1260,"Atlantic-Congo, Volta-Congo, Benue-Congo, Bantoid, Southern Bantoid, Narrow Bantu, East Bantu, Corridor Bantu, Nyakyusa-Ndali, Nyakyusa-Ngonde"
numerals-nyat1246-1.csv,Africa260-AtlanticCongo-numerals-nyat1246-1.csv,nyat1246,nyat1246,"Atlantic-Congo, Volta-Congo, Benue-Congo, Bantoid, Southern Bantoid, Narrow Bantu, East Bantu, Nyaturu-Nilamba, Nyaturu"
numerals-nila1242-1.csv,Africa261-AtlanticCongo-numerals-nila1242-1.csv,nila1242,nila1242,"Atlantic-Congo, Volta-Congo, Benue-Congo, Bantoid, Southern Bantoid, Narrow Bantu, East Bantu, Nyaturu-Nilamba, Nilamba"
numerals-yaoo1241-1.csv,Africa262-AtlanticCongo-numerals-yaoo1241-1.csv,yaoo1241,yaoo1241,"Atlantic-Congo, Volta-Congo, Benue-Congo, Bantoid, Southern Bantoid, Narrow Bantu, East Bantu, Rufiji-Ruvuma, Ruvuma, Yaoic, Yao"
numerals-mako1251-1.csv,Africa263-AtlanticCongo-numerals-mako1251-1.csv,mako1251,mako1251,"Atlantic-Congo, Volta-Congo, Benue-Congo, Bantoid, Southern Bantoid, Narrow Bantu, East Bantu, Rufiji-Ruvuma, Ruvuma, Makondic, Makonde"
makw1236.csv,Africa264-AtlanticCongo-numerals-makw1236-1.csv,makw1236,makw1236,"Atlantic-Congo, Volta-Congo, Benue-Congo, Bantoid, Southern Bantoid, Narrow Bantu, East Bantu, Rufiji-Ruvuma, Ruvuma, Makondic, Makwe"
numerals-mate1258-1.csv,Africa265-AtlanticCongo-numerals-mate1258-1.csv,mate1258,mate1258,"Atlantic-Congo, Volta-Congo, Benue-Congo, Bantoid, Southern Bantoid, Narrow Bantu, East Bantu, Rufiji-Ruvuma, Rufijic, Matengo-Rufiji, South Mbinda, Matengo"
numerals-nden1248-1.csv,Africa266-AtlanticCongo-numerals-nden1248-1.csv,nden1248,nden1248,"Atlantic-Congo, Volta-Congo, Benue-Congo, Bantoid, Southern Bantoid, Narrow Bantu, East Bantu, Rufiji-Ruvuma, Rufijic, Matengo-Rufiji, Matandu, Ndengereko"
nden1249.csv,Africa267-AtlanticCongo-numerals-nden1249-1.csv,nden1249,nden1249,"Atlantic-Congo, Volta-Congo, Benue-Congo, Bantoid, Southern Bantoid, Narrow Bantu, East Bantu, Rufiji-Ruvuma, Rufijic, Lwegu, Ndendeule-Ngindo-Nindi, Ndendeule"
nyun1248.csv,Africa268-AtlanticCongo-numerals-nyun1248-1.csv,nyun1248,nyun1248,"Atlantic-Congo, Volta-Congo, Benue-Congo, Bantoid, Southern Bantoid, Narrow Bantu, East Bantu, Tumbuka-Sena-Nyanja, Sena-Nyanja, Senaic, Nyungweic, Nyungwe"
numerals-kund1255-1.csv,Africa269-AtlanticCongo-numerals-kund1255-1.csv,kund1255,kund1255,"Atlantic-Congo, Volta-Congo, Benue-Congo, Bantoid, Southern Bantoid, Narrow Bantu, East Bantu, Tumbuka-Sena-Nyanja, Sena-Nyanja, Chikunda"
numerals-nyan1308-1.csv,Africa270-AtlanticCongo-numerals-nyan1308-1.csv,nyan1308,nyan1308,"Atlantic-Congo, Volta-Congo, Benue-Congo, Bantoid, Southern Bantoid, Narrow Bantu, East Bantu, Tumbuka-Sena-Nyanja, Sena-Nyanja, Nyanjaic, Nyanja"
numerals-tong1321-1.csv,Africa271-AtlanticCongo-numerals-tong1321-1.csv,tong1321,tong1321,"Atlantic-Congo, Volta-Congo, Benue-Congo, Bantoid, Southern Bantoid, Narrow Bantu, East Bantu, Tumbuka-Sena-Nyanja, Tumbukic, Tonga (Nyasa)"
numerals-tumb1250-1_edited.csv,Africa272-AtlanticCongo-numerals-tumb1250-1.csv,tumb1250,tumb1250,"Atlantic-Congo, Volta-Congo, Benue-Congo, Bantoid, Southern Bantoid, Narrow Bantu, East Bantu, Tumbuka-Sena-Nyanja, Tumbukic, Tumbuka"
chuw1238.csv,Africa273-AtlanticCongo-numerals-chuw1238-1.csv,chuw1238,chuw1238,"Atlantic-Congo, Volta-Congo, Benue-Congo, Bantoid, Southern Bantoid, Narrow Bantu, East Bantu, North Mozambique Bantu, Chuwaboic, Chuwabo-Maindo, Chuwabu"
makh1262.csv,Africa274-AtlanticCongo-numerals-makh1262-1.csv,makh1262,makh1262,"Atlantic-Congo, Volta-Congo, Benue-Congo, Bantoid, Southern Bantoid, Narrow Bantu, East Bantu, North Mozambique Bantu, Makua-Lomwe, Makhuwa-Marrevone"
makh1261.csv,Africa275-AtlanticCongo-numerals-makh1261-1.csv,makh1261,makh1261,"Atlantic-Congo, Volta-Congo, Benue-Congo, Bantoid, Southern Bantoid, Narrow Bantu, East Bantu, North Mozambique Bantu, Makua-Lomwe, Makhuwa-Meetto"
enah1238.csv,Africa276-AtlanticCongo-numerals-enah1238-1.csv,enah1238,makh1264,"Atlantic-Congo, Volta-Congo, Benue-Congo, Bantoid, Southern Bantoid, Narrow Bantu, East Bantu, North Mozambique Bantu, Makua-Lomwe, Makhuwa"
koti1238.csv,Africa277-AtlanticCongo-numerals-koti1238-1.csv,koti1238,koti1238,"Atlantic-Congo, Volta-Congo, Benue-Congo, Bantoid, Southern Bantoid, Narrow Bantu, East Bantu, North Mozambique Bantu, Koti-Nathembo, Koti"
numerals-vend1245-1.csv,Africa278-AtlanticCongo-numerals-vend1245-1.csv,vend1245,vend1245,"Atlantic-Congo, Volta-Congo, Benue-Congo, Bantoid, Southern Bantoid, Narrow Bantu, East Bantu, Southern Bantu, Nuclear Southern Bantu, Venda"
birw1238.csv,Africa279-AtlanticCongo-numerals-birw1238-1.csv,birw1238,birw1238,"Atlantic-Congo, Volta-Congo, Benue-Congo, Bantoid, Southern Bantoid, Narrow Bantu, East Bantu, Southern Bantu, Nuclear Southern Bantu, Dimsuffix Southern Bantu, Sotho-Tswana (S.30), Northern Sotho, Birwa"
numerals-pedi1238-1.csv,Africa280-AtlanticCongo-numerals-pedi1238-1.csv,pedi1238,pedi1238,"Atlantic-Congo, Volta-Congo, Benue-Congo, Bantoid, Southern Bantoid, Narrow Bantu, East Bantu, Southern Bantu, Nuclear Southern Bantu, Dimsuffix Southern Bantu, Sotho-Tswana (S.30), Northern Sotho, Sepedic, Pedi"
numerals-lozi1239-1.csv,Africa281-AtlanticCongo-numerals-lozi1239-1.csv,lozi1239,lozi1239,"Atlantic-Congo, Volta-Congo, Benue-Congo, Bantoid, Southern Bantoid, Narrow Bantu, East Bantu, Southern Bantu, Nuclear Southern Bantu, Dimsuffix Southern Bantu, Sotho-Tswana (S.30), Western Sotho-Tswana, Central Sotho-Tswana, Sesotho-Lozi, Lozi"
numerals-sout2807-1.csv,Africa282-AtlanticCongo-numerals-sout2807-1.csv,sout2807,sout2807,"Atlantic-Congo, Volta-Congo, Benue-Congo, Bantoid, Southern Bantoid, Narrow Bantu, East Bantu, Southern Bantu, Nuclear Southern Bantu, Dimsuffix Southern Bantu, Sotho-Tswana (S.30), Western Sotho-Tswana, Central Sotho-Tswana, Sesotho-Lozi, Southern Sotho"
numerals-tswa1253-1.csv,Africa283-AtlanticCongo-numerals-tswa1253-1.csv,tswa1253,tswa1253,"Atlantic-Congo, Volta-Congo, Benue-Congo, Bantoid, Southern Bantoid, Narrow Bantu, East Bantu, Southern Bantu, Nuclear Southern Bantu, Dimsuffix Southern Bantu, Sotho-Tswana (S.30), Western Sotho-Tswana, Central Sotho-Tswana, Tswana"
numerals-kgal1244-1.csv,Africa284-AtlanticCongo-numerals-kgal1244-1.csv,kgal1244,kgal1244,"Atlantic-Congo, Volta-Congo, Benue-Congo, Bantoid, Southern Bantoid, Narrow Bantu, East Bantu, Southern Bantu, Nuclear Southern Bantu, Dimsuffix Southern Bantu, Sotho-Tswana (S.30), Western Sotho-Tswana, Kgalagadi"
swat1243.csv,Africa285-AtlanticCongo-numerals-swat1243-1.csv,swat1243,swat1243,"Atlantic-Congo, Volta-Congo, Benue-Congo, Bantoid, Southern Bantoid, Narrow Bantu, East Bantu, Southern Bantu, Nuclear Southern Bantu, Dimsuffix Southern Bantu, Nguni-Tsonga-Copi, Nguni (S.40), Nuclear Nguni, Southern Ndebele-Lowland, Swatic, Swati"
numerals-xhos1239-1.csv,Africa286-AtlanticCongo-numerals-xhos1239-1.csv,xhos1239,xhos1239,"Atlantic-Congo, Volta-Congo, Benue-Congo, Bantoid, Southern Bantoid, Narrow Bantu, East Bantu, Southern Bantu, Nuclear Southern Bantu, Dimsuffix Southern Bantu, Nguni-Tsonga-Copi, Nguni (S.40), Nuclear Nguni, Southern Ndebele-Lowland, Xhosa"
numerals-zulu1248-1.csv,Africa287-AtlanticCongo-numerals-zulu1248-1.csv,zulu1248,zulu1248,"Atlantic-Congo, Volta-Congo, Benue-Congo, Bantoid, Southern Bantoid, Narrow Bantu, East Bantu, Southern Bantu, Nuclear Southern Bantu, Dimsuffix Southern Bantu, Nguni-Tsonga-Copi, Nguni (S.40), Nuclear Nguni, Southern Ndebele-Lowland, Zulu"
numerals-sout2808-1.csv,Africa288-AtlanticCongo-numerals-sout2808-1.csv,sout2808,sout2808,"Atlantic-Congo, Volta-Congo, Benue-Congo, Bantoid, Southern Bantoid, Narrow Bantu, East Bantu, Southern Bantu, Nuclear Southern Bantu, Dimsuffix Southern Bantu, Nguni-Tsonga-Copi, Nguni (S.40), Nuclear Nguni, Sumayela Ndebele"
chop1243.csv,Africa289-AtlanticCongo-numerals-chop1243-1.csv,chop1243,chop1243,"Atlantic-Congo, Volta-Congo, Benue-Congo, Bantoid, Southern Bantoid, Narrow Bantu, East Bantu, Southern Bantu, Nuclear Southern Bantu, Dimsuffix Southern Bantu, Nguni-Tsonga-Copi, Tsonga-Copi, Chopi (S.60), Chopi"
gito1238.csv,Africa290-AtlanticCongo-numerals-gito1238-1.csv,gito1238,gito1238,"Atlantic-Congo, Volta-Congo, Benue-Congo, Bantoid, Southern Bantoid, Narrow Bantu, East Bantu, Southern Bantu, Nuclear Southern Bantu, Dimsuffix Southern Bantu, Nguni-Tsonga-Copi, Tsonga-Copi, Chopi (S.60), Gitonga"
numerals-tson1249-1.csv,Africa291-AtlanticCongo-numerals-tson1249-1.csv,tson1249,tson1249,"Atlantic-Congo, Volta-Congo, Benue-Congo, Bantoid, Southern Bantoid, Narrow Bantu, East Bantu, Southern Bantu, Nuclear Southern Bantu, Dimsuffix Southern Bantu, Nguni-Tsonga-Copi, Tsonga-Copi, Tswa-Ronga (S.50), Tsongan, Tsonga"
numerals-tswa1255-1.csv,Africa292-AtlanticCongo-numerals-tswa1255-1.csv,tswa1255,tswa1255,"Atlantic-Congo, Volta-Congo, Benue-Congo, Bantoid, Southern Bantoid, Narrow Bantu, East Bantu, Southern Bantu, Nuclear Southern Bantu, Dimsuffix Southern Bantu, Nguni-Tsonga-Copi, Tsonga-Copi, Tswa-Ronga (S.50), Tswa"
kala1384.csv,Africa293-AtlanticCongo-numerals-kala1384-1.csv,kala1384,kala1384,"Atlantic-Congo, Volta-Congo, Benue-Congo, Bantoid, Southern Bantoid, Narrow Bantu, East Bantu, Southern Bantu, Shona (S.10), Kalanga-Nambya, Kalanga"
numerals-shon1251-1.csv,Africa294-AtlanticCongo-numerals-shon1251-1.csv,shon1251,shon1251,"Atlantic-Congo, Volta-Congo, Benue-Congo, Bantoid, Southern Bantoid, Narrow Bantu, East Bantu, Southern Bantu, Shona (S.10), Core Shona, Plateau Shona, Central Shona, Shona"
lenj1248.csv,Africa295-AtlanticCongo-numerals-lenj1248-1.csv,lenj1248,lenj1248,"Atlantic-Congo, Volta-Congo, Benue-Congo, Bantoid, Southern Bantoid, Narrow Bantu, East Bantu, Botatwe, Greater Eastern Botatwe, Central Eastern Botatwe, Kafue, Lenje"
numerals-tong1318-1.csv,Africa296-AtlanticCongo-numerals-tong1318-1.csv,tong1318,tong1318,"Atlantic-Congo, Volta-Congo, Benue-Congo, Bantoid, Southern Bantoid, Narrow Bantu, East Bantu, Botatwe, Greater Eastern Botatwe, Central Eastern Botatwe, Kafue, Tonga (Zambia)"
numerals-subi1246-1.csv,Africa297-AtlanticCongo-numerals-subi1246-1.csv,subi1246,subi1246,"Atlantic-Congo, Volta-Congo, Benue-Congo, Bantoid, Southern Bantoid, Narrow Bantu, East Bantu, Botatwe, Western Botatwe, Machili, Subiya"
numerals-tote1238-1.csv,Africa298-AtlanticCongo-numerals-tote1238-1.csv,tote1238,tote1238,"Atlantic-Congo, Volta-Congo, Benue-Congo, Bantoid, Southern Bantoid, Narrow Bantu, East Bantu, Botatwe, Western Botatwe, Machili, Totela"
numerals-ndam1239-1.csv,Africa299-AtlanticCongo-numerals-ndam1239-1.csv,ndam1239,ndam1239,"Atlantic-Congo, Volta-Congo, Benue-Congo, Bantoid, Southern Bantoid, Narrow Bantu, East Bantu, Kilombero, West Kilombero, Ndamba"
lega1249.csv,Africa300-AtlanticCongo-numerals-lega1249-1.csv,lega1249,lega1249,"Atlantic-Congo, Volta-Congo, Benue-Congo, Bantoid, Southern Bantoid, Narrow Bantu, East Bantu, Greater Lega, Mituku-Lega, Lega, Western Lega, Lega-Shabunda"
numerals-lega1250-1.csv,Africa301-AtlanticCongo-numerals-lega1250-1.csv,lega1250,lega1250,"Atlantic-Congo, Volta-Congo, Benue-Congo, Bantoid, Southern Bantoid, Narrow Bantu, East Bantu, Greater Lega, Mituku-Lega, Lega, Lega-Mwenga"
zimb1251.csv,Africa302-AtlanticCongo-numerals-zimb1251-1.csv,zimb1251,zimb1251,"Atlantic-Congo, Volta-Congo, Benue-Congo, Bantoid, Southern Bantoid, Narrow Bantu, East Bantu, Greater Lega, Mituku-Lega, Songola-Binja, Zimba"
numerals-lang1320-1.csv,Africa303-AtlanticCongo-numerals-lang1320-1.csv,lang1320,lang1320,"Atlantic-Congo, Volta-Congo, Benue-Congo, Bantoid, Southern Bantoid, Narrow Bantu, East Bantu, Mbugwe-Langi, Langi"
mbug1242.csv,Africa304-AtlanticCongo-numerals-mbug1242-1.csv,mbug1242,mbug1242,"Atlantic-Congo, Volta-Congo, Benue-Congo, Bantoid, Southern Bantoid, Narrow Bantu, East Bantu, Mbugwe-Langi, Mbugwe"
bada1258.csv,Africa305-AtlanticCongo-numerals-bada1258-1.csv,bada1258,bada1258,"Atlantic-Congo, Volta-Congo, Benue-Congo, Bantoid, Southern Bantoid, Jarawan, Nigerian Jarawan, Jar, Jarawaic, Bada (Nigeria)"
jara1263.csv,Africa306-AtlanticCongo-numerals-jara1263-1.csv,jara1263,jara1263,"Atlantic-Congo, Volta-Congo, Benue-Congo, Bantoid, Southern Bantoid, Jarawan, Nigerian Jarawan, Jar, Jarawaic, Jarawa (Nigeria)"
numerals-mbul1260-1.csv,Africa307-AtlanticCongo-numerals-mbul1260-1.csv,mbul1260,mbul1260,"Atlantic-Congo, Volta-Congo, Benue-Congo, Bantoid, Southern Bantoid, Jarawan, Nigerian Jarawan, Numan, Mbula-Bwazza"
bebe1250.csv,Africa308-AtlanticCongo-numerals-bebe1250-1.csv,bebe1250,bebe1250,"Atlantic-Congo, Volta-Congo, Benue-Congo, Bantoid, Southern Bantoid, Beboid, Eastern Beboid, Bebe-Kemezung, Bebe"
naki1238.csv,Africa309-AtlanticCongo-numerals-naki1238-1.csv,naki1238,naki1238,"Atlantic-Congo, Volta-Congo, Benue-Congo, Bantoid, Southern Bantoid, Beboid, Eastern Beboid, Bebe-Kemezung, Naki-Kemezung, Nakic, Naki"
keme1240.csv,Africa310-AtlanticCongo-numerals-keme1240-2.csv,keme1240,keme1240,"Atlantic-Congo, Volta-Congo, Benue-Congo, Bantoid, Southern Bantoid, Beboid, Eastern Beboid, Bebe-Kemezung, Naki-Kemezung, Kemezung"
numerals-cung1238-1.csv,Africa311-AtlanticCongo-numerals-cung1238-1.csv,cung1238,cung1238,"Atlantic-Congo, Volta-Congo, Benue-Congo, Bantoid, Southern Bantoid, Beboid, Eastern Beboid, Nsari-Nooni-Ncane, Nooni-Ncane, Ncane-Cung, Cung-Mbuk, Chung"
numerals-ncan1245-1.csv,Africa312-AtlanticCongo-numerals-ncan1245-1.csv,ncan1245,ncan1245,"Atlantic-Congo, Volta-Congo, Benue-Congo, Bantoid, Southern Bantoid, Beboid, Eastern Beboid, Nsari-Nooni-Ncane, Nooni-Ncane, Ncane-Cung, Ncane-Mungong"
noon1243.csv,Africa313-AtlanticCongo-numerals-noon1243-1.csv,noon1243,noon1243,"Atlantic-Congo, Volta-Congo, Benue-Congo, Bantoid, Southern Bantoid, Beboid, Eastern Beboid, Nsari-Nooni-Ncane, Nooni-Ncane, Noone"
nsar1238.csv,Africa314-AtlanticCongo-numerals-nsar1238-1.csv,nsar1238,nsar1238,"Atlantic-Congo, Volta-Congo, Benue-Congo, Bantoid, Southern Bantoid, Beboid, Eastern Beboid, Nsari-Nooni-Ncane, Nsari"
abar1238.csv,Africa315-AtlanticCongo-numerals-abar1238-1.csv,abar1238,abar1238,"Atlantic-Congo, Volta-Congo, Benue-Congo, Bantoid, Southern Bantoid, Yemne-Kimbi, Mungbam"
mbuu1238.csv,Africa316-AtlanticCongo-numerals-mbuu1238-1.csv,mbuu1238,mbuu1238,"Atlantic-Congo, Volta-Congo, Benue-Congo, Bantoid, Southern Bantoid, Yemne-Kimbi, Ajumbu"
mund1328.csv,Africa317-AtlanticCongo-numerals-mund1328-1.csv,mund1328,mund1328,"Atlantic-Congo, Volta-Congo, Benue-Congo, Bantoid, Southern Bantoid, Yemne-Kimbi, Ji, Mundabli-Mufu"
bekw1241.csv,Africa318-AtlanticCongo-numerals-bekw1241-1.csv,bekw1241,bekw1241,"Atlantic-Congo, Volta-Congo, Benue-Congo, Bantoid, Southern Bantoid, Bendic, Bekwarra"
numerals-bete1262-1.csv,Africa319-AtlanticCongo-numerals-bete1262-1.csv,bete1262,bete1262,"Atlantic-Congo, Volta-Congo, Benue-Congo, Bantoid, Southern Bantoid, Bendic, Nuclear Bendic, Bete-Obanliku, Bete-Bendi"
numerals-putu1241-1.csv,Africa320-AtlanticCongo-numerals-putu1241-1.csv,putu1241,putu1241,"Atlantic-Congo, Volta-Congo, Benue-Congo, Bantoid, Southern Bantoid, Bendic, Nuclear Bendic, Utugwang-Irungene-Afrike"
boky1238.csv,Africa321-AtlanticCongo-numerals-boky1238-1.csv,boky1238,boky1238,"Atlantic-Congo, Volta-Congo, Benue-Congo, Bantoid, Southern Bantoid, Bendic, Nuclear Bendic, Bokyi"
deny1238.csv,Africa322-AtlanticCongo-numerals-deny1238-1.csv,deny1238,deny1238,"Atlantic-Congo, Volta-Congo, Benue-Congo, Bantoid, Southern Bantoid, Mamfe, Kendem-Denya, Denya"
keny1279.csv,Africa323-AtlanticCongo-numerals-keny1279-1.csv,keny1279,keny1279,"Atlantic-Congo, Volta-Congo, Benue-Congo, Bantoid, Southern Bantoid, Mamfe, Kenyang"
esim1238.csv,Africa324-AtlanticCongo-numerals-esim1238-1.csv,esim1238,esim1238,"Atlantic-Congo, Volta-Congo, Benue-Congo, Bantoid, Southern Bantoid, Tivoid, Esimbi"
numerals-ipul1238-1.csv,Africa325-AtlanticCongo-numerals-ipul1238-1.csv,ipul1238,ipul1238,"Atlantic-Congo, Volta-Congo, Benue-Congo, Bantoid, Southern Bantoid, Tivoid, Central Tivoid, Central Tivoid B, Ipulo-Olulu"
iyiv1238.csv,Africa326-AtlanticCongo-numerals-iyiv1238-1.csv,iyiv1238,iyiv1238,"Atlantic-Congo, Volta-Congo, Benue-Congo, Bantoid, Southern Bantoid, Tivoid, Central Tivoid, Central Tivoid A, Tiv-Evand, Tiv-Iyive-Otanga, Iyive"
numerals-tivv1240-1.csv,Africa327-AtlanticCongo-numerals-tivv1240-1.csv,tivv1240,tivv1240,"Atlantic-Congo, Volta-Congo, Benue-Congo, Bantoid, Southern Bantoid, Tivoid, Central Tivoid, Central Tivoid A, Tiv-Evand, Tiv-Iyive-Otanga, Tiv"
kukk1239.csv,Africa328-AtlanticCongo-numerals-kukk1239-1.csv,kukk1239,kukk1239,"Atlantic-Congo, Volta-Congo, Benue-Congo, Bantoid, Southern Bantoid, Wide Grassfields, Narrow Grassfields, Ring, Center-West Ring, West Ring, Kuk"
laim1240.csv,Africa329-AtlanticCongo-numerals-laim1240-1.csv,laim1240,laim1240,"Atlantic-Congo, Volta-Congo, Benue-Congo, Bantoid, Southern Bantoid, Wide Grassfields, Narrow Grassfields, Ring, Center-West Ring, West Ring, Laimbue"
numerals-aghe1239-1.csv,Africa330-AtlanticCongo-numerals-aghe1239-1.csv,aghe1239,aghe1239,"Atlantic-Congo, Volta-Congo, Benue-Congo, Bantoid, Southern Bantoid, Wide Grassfields, Narrow Grassfields, Ring, Center-West Ring, West Ring, Aghemic, Aghem-Weh, Aghem"
wehh1238.csv,Africa331-AtlanticCongo-numerals-wehh1238-1.csv,wehh1238,wehh1238,"Atlantic-Congo, Volta-Congo, Benue-Congo, Bantoid, Southern Bantoid, Wide Grassfields, Narrow Grassfields, Ring, Center-West Ring, West Ring, Aghemic, Aghem-Weh, Weh"
isum1240.csv,Africa332-AtlanticCongo-numerals-isum1240-1.csv,isum1240,isum1240,"Atlantic-Congo, Volta-Congo, Benue-Congo, Bantoid, Southern Bantoid, Wide Grassfields, Narrow Grassfields, Ring, Center-West Ring, West Ring, Aghemic, Isu (Menchum Division)"
baba1266.csv,Africa333-AtlanticCongo-numerals-baba1266-1.csv,baba1266,baba1266,"Atlantic-Congo, Volta-Congo, Benue-Congo, Bantoid, Southern Bantoid, Wide Grassfields, Narrow Grassfields, Ring, Center-West Ring, Center Ring, Babanki"
numerals-okuu1243-1.csv,Africa334-AtlanticCongo-numerals-okuu1243-1.csv,okuu1243,okuu1243,"Atlantic-Congo, Volta-Congo, Benue-Congo, Bantoid, Southern Bantoid, Wide Grassfields, Narrow Grassfields, Ring, Center-West Ring, Center Ring, Komic, Oku"
numerals-komc1235-1.csv,Africa335-AtlanticCongo-numerals-komc1235-1.csv,komc1235,komc1235,"Atlantic-Congo, Volta-Congo, Benue-Congo, Bantoid, Southern Bantoid, Wide Grassfields, Narrow Grassfields, Ring, Center-West Ring, Center Ring, Komic, Kom (Cameroon)"
bumm1238.csv,Africa336-AtlanticCongo-numerals-bumm1238-1.csv,bumm1238,bumm1238,"Atlantic-Congo, Volta-Congo, Benue-Congo, Bantoid, Southern Bantoid, Wide Grassfields, Narrow Grassfields, Ring, Center-West Ring, Center Ring, Mmen-Bum, Bum"
numerals-mmen1238-.csv,Africa337-AtlanticCongo-numerals-mmen1238-1.csv,mmen1238,mmen1238,"Atlantic-Congo, Volta-Congo, Benue-Congo, Bantoid, Southern Bantoid, Wide Grassfields, Narrow Grassfields, Ring, Center-West Ring, Center Ring, Mmen-Bum, Mmen"
kung1260.csv,Africa338-AtlanticCongo-numerals-kung1260-1.csv,kung1260,kung1260,"Atlantic-Congo, Volta-Congo, Benue-Congo, Bantoid, Southern Bantoid, Wide Grassfields, Narrow Grassfields, Ring, Center-West Ring, Center Ring, Kung"
lamn1239-1.csv,Africa339-AtlanticCongo-numerals-lamn1239-1.csv,lamn1239,lamn1239,"Atlantic-Congo, Volta-Congo, Benue-Congo, Bantoid, Southern Bantoid, Wide Grassfields, Narrow Grassfields, Ring, Lamnso'"
bamu1256.csv,Africa340-AtlanticCongo-numerals-bamu1256-1.csv,bamu1256,bamu1256,"Atlantic-Congo, Volta-Congo, Benue-Congo, Bantoid, Southern Bantoid, Wide Grassfields, Narrow Grassfields, Ring, South Ring, Bamunka"
wush1238.csv,Africa341-AtlanticCongo-numerals-wush1238-1.csv,wush1238,wush1238,"Atlantic-Congo, Volta-Congo, Benue-Congo, Bantoid, Southern Bantoid, Wide Grassfields, Narrow Grassfields, Ring, South Ring, Wushi"
awin1248.csv,Africa342-AtlanticCongo-numerals-awin1248-1.csv,awin1248,awin1248,"Atlantic-Congo, Volta-Congo, Benue-Congo, Bantoid, Southern Bantoid, Wide Grassfields, Narrow Grassfields, Mbam-Nkam, Southern Mbam-Nkam, Ngembaic, Awing"
bamb1266.csv,Africa343-AtlanticCongo-numerals-bamb1266-1.csv,bamb1266,bamb1266,"Atlantic-Congo, Volta-Congo, Benue-Congo, Bantoid, Southern Bantoid, Wide Grassfields, Narrow Grassfields, Mbam-Nkam, Southern Mbam-Nkam, Ngembaic, Mankonic, Bambili-Bambui"
bafu1246.csv,Africa344-AtlanticCongo-numerals-bafu1246-1.csv,bafu1246,bafu1246,"Atlantic-Congo, Volta-Congo, Benue-Congo, Bantoid, Southern Bantoid, Wide Grassfields, Narrow Grassfields, Mbam-Nkam, Southern Mbam-Nkam, Ngembaic, Mankonic, Bafut"
mend1261.csv,Africa345-AtlanticCongo-numerals-mend1261-1.csv,mend1261,mend1261,"Atlantic-Congo, Volta-Congo, Benue-Congo, Bantoid, Southern Bantoid, Wide Grassfields, Narrow Grassfields, Mbam-Nkam, Southern Mbam-Nkam, Ngembaic, Mankonic, Mendankwe-Nkwen"
numerals-piny1238-1.csv,Africa346-AtlanticCongo-numerals-piny1238-1.csv,piny1238,piny1238,"Atlantic-Congo, Volta-Congo, Benue-Congo, Bantoid, Southern Bantoid, Wide Grassfields, Narrow Grassfields, Mbam-Nkam, Southern Mbam-Nkam, Ngembaic, Pinyin"
baba1264.csv,Africa347-AtlanticCongo-numerals-baba1264-1.csv,baba1264,baba1264,"Atlantic-Congo, Volta-Congo, Benue-Congo, Bantoid, Southern Bantoid, Wide Grassfields, Narrow Grassfields, Mbam-Nkam, Southern Mbam-Nkam, Mbam-Nkam Nun, Baba"
numerals-mung1266-1.csv,Africa348-AtlanticCongo-numerals-mung1266-1.csv,mung1266,mung1266,"Atlantic-Congo, Volta-Congo, Benue-Congo, Bantoid, Southern Bantoid, Wide Grassfields, Narrow Grassfields, Mbam-Nkam, Southern Mbam-Nkam, Mbam-Nkam Nun, Mungaka"
bafa1249.csv,Africa349-AtlanticCongo-numerals-bafa1249-1.csv,bafa1249,bafa1249,"Atlantic-Congo, Volta-Congo, Benue-Congo, Bantoid, Southern Bantoid, Wide Grassfields, Narrow Grassfields, Mbam-Nkam, Southern Mbam-Nkam, Mbam-Nkam Nun, Bafanji"
numerals-bamu1253-1.csv,Africa350-AtlanticCongo-numerals-bamu1253-1.csv,bamu1253,bamu1253,"Atlantic-Congo, Volta-Congo, Benue-Congo, Bantoid, Southern Bantoid, Wide Grassfields, Narrow Grassfields, Mbam-Nkam, Southern Mbam-Nkam, Mbam-Nkam Nun, Bamun"
bang1356.csv,Africa351-AtlanticCongo-numerals-bang1356-1.csv,bang1356,bang1356,"Atlantic-Congo, Volta-Congo, Benue-Congo, Bantoid, Southern Bantoid, Wide Grassfields, Narrow Grassfields, Mbam-Nkam, Southern Mbam-Nkam, Mbam-Nkam Nun, Bangolan"
bamu1254.csv,Africa352-AtlanticCongo-numerals-bamu1254-1.csv,bamu1254,bamu1254,"Atlantic-Congo, Volta-Congo, Benue-Congo, Bantoid, Southern Bantoid, Wide Grassfields, Narrow Grassfields, Mbam-Nkam, Southern Mbam-Nkam, Mbam-Nkam Nun, Nun MCNB, Bamukumbit"
bama1251.csv,Africa353-AtlanticCongo-numerals-bama1251-1.csv,bama1251,bama1251,"Atlantic-Congo, Volta-Congo, Benue-Congo, Bantoid, Southern Bantoid, Wide Grassfields, Narrow Grassfields, Mbam-Nkam, Southern Mbam-Nkam, Mbam-Nkam Nun, Nun MCNB, Bamali"
bamb1265.csv,Africa354-AtlanticCongo-numerals-bamb1265-1.csv,bamb1265,bamb1265,"Atlantic-Congo, Volta-Congo, Benue-Congo, Bantoid, Southern Bantoid, Wide Grassfields, Narrow Grassfields, Mbam-Nkam, Southern Mbam-Nkam, Mbam-Nkam Nun, Bambalang"
numerals-fefe1239-1.csv,Africa355-AtlanticCongo-numerals-fefe1239-1.csv,fefe1239,fefe1239,"Atlantic-Congo, Volta-Congo, Benue-Congo, Bantoid, Southern Bantoid, Wide Grassfields, Narrow Grassfields, Mbam-Nkam, Southern Mbam-Nkam, Bamileke, East Bamileke, Fe'fe'"
ghom1247.csv,Africa356-AtlanticCongo-numerals-ghom1247-1.csv,ghom1247,ghom1247,"Atlantic-Congo, Volta-Congo, Benue-Congo, Bantoid, Southern Bantoid, Wide Grassfields, Narrow Grassfields, Mbam-Nkam, Southern Mbam-Nkam, Bamileke, East Bamileke, Ghomálá'"
medu1238.csv,Africa357-AtlanticCongo-numerals-medu1238-1.csv,medu1238,medu1238,"Atlantic-Congo, Volta-Congo, Benue-Congo, Bantoid, Southern Bantoid, Wide Grassfields, Narrow Grassfields, Mbam-Nkam, Southern Mbam-Nkam, Bamileke, East Bamileke, Medumba"
ndan1241.csv,Africa358-AtlanticCongo-numerals-ndan1241-1.csv,ndan1241,ndan1241,"Atlantic-Congo, Volta-Congo, Benue-Congo, Bantoid, Southern Bantoid, Wide Grassfields, Narrow Grassfields, Mbam-Nkam, Southern Mbam-Nkam, Bamileke, East Bamileke, Nda'nda'"
numerals-ngom1272-1.csv,Africa359-AtlanticCongo-numerals-ngom1272-1.csv,ngom1272,ngom1272,"Atlantic-Congo, Volta-Congo, Benue-Congo, Bantoid, Southern Bantoid, Wide Grassfields, Narrow Grassfields, Mbam-Nkam, Southern Mbam-Nkam, Bamileke, West Bamileke, Ngomba"
meng1264.csv,Africa360-AtlanticCongo-numerals-meng1264-1.csv,meng1264,meng1264,"Atlantic-Congo, Volta-Congo, Benue-Congo, Bantoid, Southern Bantoid, Wide Grassfields, Narrow Grassfields, Mbam-Nkam, Southern Mbam-Nkam, Bamileke, West Bamileke, Mengaka"
ngwe1238.csv,Africa361-AtlanticCongo-numerals-ngwe1238-1.csv,ngwe1238,ngwe1238,"Atlantic-Congo, Volta-Congo, Benue-Congo, Bantoid, Southern Bantoid, Wide Grassfields, Narrow Grassfields, Mbam-Nkam, Southern Mbam-Nkam, Bamileke, West Bamileke, Bamboutos, Ngwe"
ngie1241.csv,Africa362-AtlanticCongo-numerals-ngie1241-1.csv,ngie1241,ngie1241,"Atlantic-Congo, Volta-Congo, Benue-Congo, Bantoid, Southern Bantoid, Wide Grassfields, Narrow Grassfields, Mbam-Nkam, Southern Mbam-Nkam, Bamileke, West Bamileke, Bamboutos, Ngiemboon"
yemb1246.csv,Africa363-AtlanticCongo-numerals-yemb1246-1.csv,yemb1246,yemb1246,"Atlantic-Congo, Volta-Congo, Benue-Congo, Bantoid, Southern Bantoid, Wide Grassfields, Narrow Grassfields, Mbam-Nkam, Southern Mbam-Nkam, Bamileke, West Bamileke, Bamboutos, Yemba"
ngom1271.csv,Africa364-AtlanticCongo-numerals-ngom1271-1.csv,ngom1271,ngom1271,"Atlantic-Congo, Volta-Congo, Benue-Congo, Bantoid, Southern Bantoid, Wide Grassfields, Narrow Grassfields, Mbam-Nkam, Southern Mbam-Nkam, Bamileke, West Bamileke, Ngombale"
mfum1238.csv,Africa365-AtlanticCongo-numerals-mfum1238-1.csv,mfum1238,mfum1238,"Atlantic-Congo, Volta-Congo, Benue-Congo, Bantoid, Southern Bantoid, Wide Grassfields, Narrow Grassfields, Mbam-Nkam, Nkambe, Mfumteic, Central-Southern Mfumte, Southern Mfumte"
kwaj1242.csv,Africa366-AtlanticCongo-numerals-kwaj1242-1.csv,kwaj1242,kwaj1242,"Atlantic-Congo, Volta-Congo, Benue-Congo, Bantoid, Southern Bantoid, Wide Grassfields, Narrow Grassfields, Mbam-Nkam, Nkambe, Mfumteic, Kwaja-Ndaktup"
numerals-yamb1251-1.csv,Africa367-AtlanticCongo-numerals-yamb1251-1.csv,yamb1251,yamb1251,"Atlantic-Congo, Volta-Congo, Benue-Congo, Bantoid, Southern Bantoid, Wide Grassfields, Narrow Grassfields, Mbam-Nkam, Nkambe, Yamba"
limb1268.csv,Africa368-AtlanticCongo-numerals-limb1268-1.csv,limb1268,limb1268,"Atlantic-Congo, Volta-Congo, Benue-Congo, Bantoid, Southern Bantoid, Wide Grassfields, Narrow Grassfields, Mbam-Nkam, Nkambe, Limbum"
mogh1246.csv,Africa369-AtlanticCongo-numerals-mogh1246-1.csv,mogh1246,meta1238,"Atlantic-Congo, Volta-Congo, Benue-Congo, Bantoid, Southern Bantoid, Wide Grassfields, Narrow Grassfields, Momo, Widikum-Tadkon, Meta'"
ngam1267.csv,Africa370-AtlanticCongo-numerals-ngam1267-1.csv,ngam1267,ngam1267,"Atlantic-Congo, Volta-Congo, Benue-Congo, Bantoid, Southern Bantoid, Wide Grassfields, Narrow Grassfields, Momo, Widikum-Tadkon, Ngamambo"
ngwo1241.csv,Africa371-AtlanticCongo-numerals-ngwo1241-1.csv,ngwo1241,ngwo1241,"Atlantic-Congo, Volta-Congo, Benue-Congo, Bantoid, Southern Bantoid, Wide Grassfields, Narrow Grassfields, Momo, Ngwo"
ngie1242.csv,Africa372-AtlanticCongo-numerals-ngie1242-1.csv,ngie1242,ngie1242,"Atlantic-Congo, Volta-Congo, Benue-Congo, Bantoid, Southern Bantoid, Wide Grassfields, Narrow Grassfields, Momo, Ngie-Oshie, Ngie"
mund1327.csv,Africa373-AtlanticCongo-numerals-mund1327-1.csv,mund1327,mund1327,"Atlantic-Congo, Volta-Congo, Benue-Congo, Bantoid, Southern Bantoid, Wide Grassfields, Narrow Grassfields, Momo, Mundani-Njen, Mundani"
ndem1249.csv,Africa374-AtlanticCongo-numerals-ndem1249-1.csv,ndem1249,ndem1249,"Atlantic-Congo, Volta-Congo, Benue-Congo, Bantoid, Southern Bantoid, Wide Grassfields, Narrow Grassfields, Ndemli"
nucl1410.csv,Africa375-AtlanticCongo-numerals-nucl1410-1.csv,nucl1410,befa1241,"Atlantic-Congo, Volta-Congo, Benue-Congo, Bantoid, Southern Bantoid, Wide Grassfields, Menchum"
came1252.csv,Africa376-AtlanticCongo-numerals-came1252-1.csv,came1252,came1252,"Atlantic-Congo, Volta-Congo, Benue-Congo, Bantoid, Northern Bantoid, Mambiloid, Nizaa-Mambila-Vute, Konja-Mambila-Vute, Mambila-Vute, Mambila-Mbongno, Mambila, Eastern Mambila, Donga Mambila"
numerals-twen1242-1.csv,Africa377-AtlanticCongo-numerals-twen1242-1.csv,twen1242,twen1242,"Atlantic-Congo, Volta-Congo, Benue-Congo, Bantoid, Northern Bantoid, Mambiloid, Nizaa-Mambila-Vute, Konja-Mambila-Vute, Mambila-Vute, Mambila-Mbongno, Mambila, Eastern Mambila, Cambap-Langa"
nige1255.csv,Africa378-AtlanticCongo-numerals-nige1255-1.csv,nige1255,nige1255,"Atlantic-Congo, Volta-Congo, Benue-Congo, Bantoid, Northern Bantoid, Mambiloid, Nizaa-Mambila-Vute, Konja-Mambila-Vute, Mambila-Vute, Mambila-Mbongno, Mambila, Western Mambila"
numerals-somy1238-1.csv,Africa379-AtlanticCongo-numerals-somy1238-1.csv,somy1238,somy1238,"Atlantic-Congo, Volta-Congo, Benue-Congo, Bantoid, Northern Bantoid, Mambiloid, Nizaa-Mambila-Vute, Konja-Mambila-Vute, Mambila-Vute, Vutic, Somyev"
numerals-vute1244-1.csv,Africa380-AtlanticCongo-numerals-vute1244-1.csv,vute1244,vute1244,"Atlantic-Congo, Volta-Congo, Benue-Congo, Bantoid, Northern Bantoid, Mambiloid, Nizaa-Mambila-Vute, Konja-Mambila-Vute, Mambila-Vute, Vutic, Vute-Wawa, Vute"
wawa1246.csv,Africa381-AtlanticCongo-numerals-wawa1246-1.csv,wawa1246,wawa1246,"Atlantic-Congo, Volta-Congo, Benue-Congo, Bantoid, Northern Bantoid, Mambiloid, Nizaa-Mambila-Vute, Konja-Mambila-Vute, Mambila-Vute, Vutic, Vute-Wawa, Wawa"
kwan1276.csv,Africa382-AtlanticCongo-numerals-kwan1276-1.csv,kwan1276,kwan1276,"Atlantic-Congo, Volta-Congo, Benue-Congo, Bantoid, Northern Bantoid, Mambiloid, Nizaa-Mambila-Vute, Konja-Mambila-Vute, Konja, Kwanja"
numerals-suga1248-1.csv,Africa383-AtlanticCongo-numerals-suga1248-1.csv,suga1248,suga1248,"Atlantic-Congo, Volta-Congo, Benue-Congo, Bantoid, Northern Bantoid, Mambiloid, Nizaa-Mambila-Vute, Nizaa"
ndoo1241.csv,Africa384-AtlanticCongo-numerals-ndoo1241-1.csv,ndoo1241,ndoo1241,"Atlantic-Congo, Volta-Congo, Benue-Congo, Bantoid, Northern Bantoid, Mambiloid, Ndoola"
numerals-samb1311-1.csv,Africa385-AtlanticCongo-numerals-samb1311-1.csv,samb1311,samb1311,"Atlantic-Congo, Volta-Congo, Benue-Congo, Bantoid, Northern Bantoid, Dakoid, Taram-Dirim-Nnakenyare, Sama Mum"
numerals-tika1246-1.csv,Africa386-AtlanticCongo-numerals-tika1246-1.csv,tika1246,tika1246,"Atlantic-Congo, Volta-Congo, Benue-Congo, Bantoid, Northern Bantoid, Tikar"
abua1244.csv,Africa387-AtlanticCongo-numerals-abua1244-1.csv,abua1244,abua1244,"Atlantic-Congo, Volta-Congo, Benue-Congo, Delta Cross, Central Delta, Abua-Odual, Abua"
odua1238.csv,Africa388-AtlanticCongo-numerals-odua1238-1.csv,odua1238,odua1238,"Atlantic-Congo, Volta-Congo, Benue-Congo, Delta Cross, Central Delta, Abua-Odual, Odual"
abur1244.csv,Africa389-AtlanticCongo-numerals-abur1244-1.csv,abur1244,abur1244,"Atlantic-Congo, Volta-Congo, Benue-Congo, Delta Cross, Central Delta, Unclassified Central Delta, Abureni"
numerals-ogbr1243-1.csv,Africa390-AtlanticCongo-numerals-ogbr1243-1.csv,ogbr1243,ogbr1243,"Atlantic-Congo, Volta-Congo, Benue-Congo, Delta Cross, Central Delta, Ogbronuagum"
numerals-ogbi1239-1.csv,Africa391-AtlanticCongo-numerals-ogbi1239-1.csv,ogbi1239,ogbi1239,"Atlantic-Congo, Volta-Congo, Benue-Congo, Delta Cross, Central Delta, Kugboic, Ogbia"
numerals-anaa1238.csv,Africa392-AtlanticCongo-numerals-anaa1238-1.csv,anaa1238,anaa1238,"Atlantic-Congo, Volta-Congo, Benue-Congo, Delta Cross, Lower Cross, Nuclear Lower Cross, Central Lower Cross, Efikic, Okop Usem, Anaang"
ibib1240.csv,Africa393-AtlanticCongo-numerals-ibib1240-1.csv,ibib1240,ibib1240,"Atlantic-Congo, Volta-Congo, Benue-Congo, Delta Cross, Lower Cross, Nuclear Lower Cross, Central Lower Cross, Efikic, Okop Usem, Efik-Ibibio, Ibibio"
efik1245.csv,Africa394-AtlanticCongo-numerals-efik1245-1.csv,efik1245,efik1245,"Atlantic-Congo, Volta-Congo, Benue-Congo, Delta Cross, Lower Cross, Nuclear Lower Cross, Central Lower Cross, Efikic, Okop Usem, Efik-Ibibio, Efik"
numerals-ukwa1238-1.csv,Africa395-AtlanticCongo-numerals-ukwa1238-1.csv,ukwa1238,ukwa1238,"Atlantic-Congo, Volta-Congo, Benue-Congo, Delta Cross, Lower Cross, Nuclear Lower Cross, Central Lower Cross, Efikic, Ukwa"
efai1241.csv,Africa396-AtlanticCongo-numerals-efai1241-1.csv,efai1241,efai1241,"Atlantic-Congo, Volta-Congo, Benue-Congo, Delta Cross, Lower Cross, Nuclear Lower Cross, Central Lower Cross, Efai"
numerals-usag1244-1.csv,Africa397-AtlanticCongo-numerals-usag1244-1.csv,usag1244,usag1244,"Atlantic-Congo, Volta-Congo, Benue-Congo, Delta Cross, Lower Cross, Nuclear Lower Cross, Usaghade"
ebug1241.csv,Africa398-AtlanticCongo-numerals-ebug1241-1.csv,ebug1241,ebug1241,"Atlantic-Congo, Volta-Congo, Benue-Congo, Delta Cross, Lower Cross, Nuclear Lower Cross, West Lower Cross, Oroic, Ebughu-Oro, Ebughu"
numerals-oroo1241-1.csv,Africa399-AtlanticCongo-numerals-oroo1241-1.csv,oroo1241,oroo1241,"Atlantic-Congo, Volta-Congo, Benue-Congo, Delta Cross, Lower Cross, Nuclear Lower Cross, West Lower Cross, Oroic, Ebughu-Oro, Oro"
numerals-udaa1238-1.csv,Africa400-AtlanticCongo-numerals-udaa1238-1.csv,udaa1238,udaa1238,"Atlantic-Congo, Volta-Congo, Benue-Congo, Delta Cross, Lower Cross, Nuclear Lower Cross, West Lower Cross, Oroic, Enwang-Uda, Uda"
obol1243.csv,Africa401-AtlanticCongo-numerals-obol1243-1.csv,obol1243,obol1243,"Atlantic-Congo, Volta-Congo, Benue-Congo, Delta Cross, Lower Cross, Obolo"
koro1304.csv,Africa402-AtlanticCongo-numerals-koro1304-1.csv,koro1304,koro1304,"Atlantic-Congo, Volta-Congo, Benue-Congo, Delta Cross, Upper Cross, Kiong-Korop, Korop"
agwa1247.csv,Africa403-AtlanticCongo-numerals-agwa1247-1.csv,agwa1247,agwa1247,"Atlantic-Congo, Volta-Congo, Benue-Congo, Delta Cross, Upper Cross, Central Upper Cross, North-South Central Delta Cross, Ubaghara-Kohumono, Kohumonoic, Agwagwune"
kuke1242.csv,Africa404-AtlanticCongo-numerals-kuke1242-1.csv,kuke1242,kuke1242,"Atlantic-Congo, Volta-Congo, Benue-Congo, Delta Cross, Upper Cross, Central Upper Cross, North-South Central Delta Cross, Koring-Kukele, Kukele-Uzekwe, Kukele"
numerals-orin1239-2.csv,Africa405-AtlanticCongo-numerals-orin1239-2.csv,orin1239,orin1239,"Atlantic-Congo, Volta-Congo, Benue-Congo, Delta Cross, Upper Cross, Central Upper Cross, North-South Central Delta Cross, Koring-Kukele, Oring"
cros1244.csv,Africa406-AtlanticCongo-numerals-cros1244-1.csv,cros1244,cros1244,"Atlantic-Congo, Volta-Congo, Benue-Congo, Delta Cross, Upper Cross, Central Upper Cross, East-West Central Delta Cross, Mbembe-Legbo, Cross River Mbembe"
loka1252.csv,Africa407-AtlanticCongo-numerals-loka1252-1.csv,loka1252,loka1252,"Atlantic-Congo, Volta-Congo, Benue-Congo, Delta Cross, Upper Cross, Central Upper Cross, East-West Central Delta Cross, Lokoic, Lokaa"
elem1253.csv,Africa408-AtlanticCongo-numerals-elem1253-1.csv,elem1253,elem1253,"Atlantic-Congo, Volta-Congo, Benue-Congo, Delta Cross, Ogonoid, West Ogonoid, Eleme"
goka1239.csv,Africa409-AtlanticCongo-numerals-goka1239-1.csv,goka1239,goka1239,"Atlantic-Congo, Volta-Congo, Benue-Congo, Delta Cross, Ogonoid, East Ogonoid, Gokana"
khan1278.csv,Africa410-AtlanticCongo-numerals-khan1278-1.csv,khan1278,khan1278,"Atlantic-Congo, Volta-Congo, Benue-Congo, Delta Cross, Ogonoid, East Ogonoid, Tai-Kana, Khana"
ayer1245.csv,Africa411-AtlanticCongo-numerals-ayer1245-1.csv,ayer1245,ayer1245,"Atlantic-Congo, Volta-Congo, Benue-Congo, Defoid, Ayere-Ahan, Ayere"
edec1238.csv,Africa412-AtlanticCongo-numerals-edec1238-1.csv,edec1238,edec1238,"Atlantic-Congo, Volta-Congo, Benue-Congo, Defoid, Yoruboid, Edekiri, Ede, Eastern Ede, Ede Cabe"
numerals-uluk1257-1.csv,Africa413-AtlanticCongo-numerals-uluk1257-1.csv,uluk1257,uluk1257,"Atlantic-Congo, Volta-Congo, Benue-Congo, Defoid, Yoruboid, Edekiri, Ede, Eastern Ede, Southeastern Ede, Nuclear Yoruba, Ulukwumi"
yoru1245.csv,Africa414-AtlanticCongo-numerals-yoru1245-1.csv,yoru1245,yoru1245,"Atlantic-Congo, Volta-Congo, Benue-Congo, Defoid, Yoruboid, Edekiri, Ede, Eastern Ede, Southeastern Ede, Nuclear Yoruba, Lucumi-Yoruba, Yoruba"
edei1244.csv,Africa415-AtlanticCongo-numerals-edei1244-1.csv,edei1244,edei1244,"Atlantic-Congo, Volta-Congo, Benue-Congo, Defoid, Yoruboid, Edekiri, Ede, Western Ede, Southwestern Ede, Ede Idaca"
ifee1241.csv,Africa416-AtlanticCongo-numerals-ifee1241-1.csv,ifee1241,ifee1241,"Atlantic-Congo, Volta-Congo, Benue-Congo, Defoid, Yoruboid, Edekiri, Ede, Western Ede, Southwestern Ede, Ifè"
edei1246.csv,Africa417-AtlanticCongo-numerals-edei1246-1.csv,edei1246,edei1246,"Atlantic-Congo, Volta-Congo, Benue-Congo, Defoid, Yoruboid, Edekiri, Ede, Western Ede, Southwestern Ede, Ede Ica"
numerals-igal1242-1.csv,Africa418-AtlanticCongo-numerals-igal1242-1.csv,igal1242,igal1242,"Atlantic-Congo, Volta-Congo, Benue-Congo, Defoid, Yoruboid, Igala"
numerals-ogee1238-1.csv,Africa419-AtlanticCongo-numerals-ogee1238-1.csv,ogee1238,arig1246,"Atlantic-Congo, Volta-Congo, Benue-Congo, Defoid, Arigidi"
numerals-akpe1248-1.csv,Africa420-AtlanticCongo-numerals-akpe1248-1.csv,akpe1248,akpe1248,"Atlantic-Congo, Volta-Congo, Benue-Congo, Akpes-Edoid, Akpes"
numerals-okpa1238-1.csv,Africa421-AtlanticCongo-numerals-okpa1238-1.csv,okpa1238,okpa1238,"Atlantic-Congo, Volta-Congo, Benue-Congo, Akpes-Edoid, Edoid, Northwestern Edoid, Southern Northwestern Edoid, Okpamheri"
ivbi1241.csv,Africa422-AtlanticCongo-numerals-ivbi1241-1.csv,ivbi1241,ivbi1241,"Atlantic-Congo, Volta-Congo, Benue-Congo, Akpes-Edoid, Edoid, Northwestern Edoid, Igwic, Ikpeshic, Ivbie North-Okpela-Arhe"
numerals-osos1238-1.csv,Africa423-AtlanticCongo-numerals-osos1238-1.csv,osos1238,osos1238,"Atlantic-Congo, Volta-Congo, Benue-Congo, Akpes-Edoid, Edoid, Northwestern Edoid, Igwic, Ososo"
bini1246.csv,Africa424-AtlanticCongo-numerals-bini1246-1.csv,bini1246,bini1246,"Atlantic-Congo, Volta-Congo, Benue-Congo, Akpes-Edoid, Edoid, North-Central Edoid, Central Plains Edoid, Bini"
emai1241.csv,Africa425-AtlanticCongo-numerals-emai1241-1.csv,emai1241,emai1241,"Atlantic-Congo, Volta-Congo, Benue-Congo, Akpes-Edoid, Edoid, North-Central Edoid, Central Plains Edoid, Emaic, Emai-Iuleha-Ora"
esan1238.csv,Africa426-AtlanticCongo-numerals-esan1238-1.csv,esan1238,esan1238,"Atlantic-Congo, Volta-Congo, Benue-Congo, Akpes-Edoid, Edoid, North-Central Edoid, Central Plains Edoid, Esan"
ghot1243.csv,Africa427-AtlanticCongo-numerals-ghot1243-1.csv,ghot1243,ghot1243,"Atlantic-Congo, Volta-Congo, Benue-Congo, Akpes-Edoid, Edoid, North-Central Edoid, Afenmai-Bendel, Ghotuo"
yekh1238.csv,Africa428-AtlanticCongo-numerals-yekh1238-1.csv,yekh1238,yekh1238,"Atlantic-Congo, Volta-Congo, Benue-Congo, Akpes-Edoid, Edoid, North-Central Edoid, Afenmai-Bendel, Uneme-Yekhee, Yekhee"
isok1239.csv,Africa429-AtlanticCongo-numerals-isok1239-1.csv,isok1239,isok1239,"Atlantic-Congo, Volta-Congo, Benue-Congo, Akpes-Edoid, Edoid, Southwestern Edoid, Isoko"
numerals-urho1239-1.csv,Africa430-AtlanticCongo-numerals-urho1239-1.csv,urho1239,urho1239,"Atlantic-Congo, Volta-Congo, Benue-Congo, Akpes-Edoid, Edoid, Southwestern Edoid, Urhobo"
dege1246.csv,Africa431-AtlanticCongo-numerals-dege1246-1.csv,dege1246,dege1246,"Atlantic-Congo, Volta-Congo, Benue-Congo, Akpes-Edoid, Edoid, Delta Edoid, Degema-Engenni, Degema"
enge1239.csv,Africa432-AtlanticCongo-numerals-enge1239-1.csv,enge1239,enge1239,"Atlantic-Congo, Volta-Congo, Benue-Congo, Akpes-Edoid, Edoid, Delta Edoid, Degema-Engenni, Egene"
agat1236.csv,Africa433-AtlanticCongo-numerals-agat1236-1.csv,agat1236,agat1236,"Atlantic-Congo, Volta-Congo, Benue-Congo, Idomoid, Akweya, Etulo-Idoma, Nuclear Idoma, Idoma-Agatu-Okpogu, Agatu"
idom1241.csv,Africa434-AtlanticCongo-numerals-idom1241-1.csv,idom1241,idom1241,"Atlantic-Congo, Volta-Congo, Benue-Congo, Idomoid, Akweya, Etulo-Idoma, Nuclear Idoma, Idoma-Agatu-Okpogu, Idoma"
yala1263.csv,Africa435-AtlanticCongo-numerals-yala1263-1.csv,yala1263,yala1263,"Atlantic-Congo, Volta-Congo, Benue-Congo, Idomoid, Akweya, Etulo-Idoma, Nuclear Idoma, Yala"
numerals-alag1242-1.csv,Africa436-AtlanticCongo-numerals-alag1242-1.csv,alag1242,alag1242,"Atlantic-Congo, Volta-Congo, Benue-Congo, Idomoid, Akweya, Etulo-Idoma, Nuclear Idoma, Alago"
etul1245.csv,Africa437-AtlanticCongo-numerals-etul1245-1.csv,etul1245,etul1245,"Atlantic-Congo, Volta-Congo, Benue-Congo, Idomoid, Akweya, Etulo-Idoma, Etulo"
iged1239.csv,Africa438-AtlanticCongo-numerals-iged1239-1.csv,iged1239,iged1239,"Atlantic-Congo, Volta-Congo, Benue-Congo, Idomoid, Akweya, Igede"
okoe1238.csv,Africa439-AtlanticCongo-numerals-okoe1238-1.csv,okoe1238,okoe1238,"Atlantic-Congo, Volta-Congo, Benue-Congo, Oko-Eni-Osayen"
igut1238.csv,Africa440-AtlanticCongo-numerals-igut1238-1.csv,igut1238,igut1238,"Atlantic-Congo, Volta-Congo, Benue-Congo, Kainji, Central Kainji, Basa-Eastern Kainji, Eastern Kainji, Jos, Northern Jos, North-Central Jos, Iguta"
numerals-gbir1241-1.csv,Africa441-AtlanticCongo-numerals-gbir1241-1.csv,gbir1241,gbir1241,"Atlantic-Congo, Volta-Congo, Benue-Congo, Kainji, Central Kainji, Basa-Eastern Kainji, Eastern Kainji, Jos, Kauru, Gbiri-Niragu"
kura1249.csv,Africa442-AtlanticCongo-numerals-kura1249-1.csv,kura1249,kura1249,"Atlantic-Congo, Volta-Congo, Benue-Congo, Kainji, Central Kainji, Basa-Eastern Kainji, Eastern Kainji, Jos, Kauru, Kurama"
basa1282.csv,Africa443-AtlanticCongo-numerals-basa1282-1.csv,basa1282,basa1282,"Atlantic-Congo, Volta-Congo, Benue-Congo, Kainji, Central Kainji, Basa-Eastern Kainji, Basa, Basa (Nigeria)"
numerals-tsis1238-1.csv,Africa444-AtlanticCongo-numerals-tsis1238-1.csv,tsis1238,tsis1238,"Atlantic-Congo, Volta-Congo, Benue-Congo, Kainji, Central Kainji, Kambari-Cicipu, Kambaric, East Kambaric, Salka-Tsishingini"
numerals-tsik1238-1.csv,Africa445-AtlanticCongo-numerals-tsik1238-1.csv,tsik1238,tsik1238,"Atlantic-Congo, Volta-Congo, Benue-Congo, Kainji, Central Kainji, Kambari-Cicipu, Kambaric, West Kambaric, Tsikimba"
cici1237.csv,Africa446-AtlanticCongo-numerals-cici1237-1.csv,cici1237,cici1237,"Atlantic-Congo, Volta-Congo, Benue-Congo, Kainji, Central Kainji, Kambari-Cicipu, Cicipu"
fung1245.csv,Africa447-AtlanticCongo-numerals-fung1245-1.csv,fung1245,fung1245,"Atlantic-Congo, Volta-Congo, Benue-Congo, Kainji, Central Kainji, Shiroro-Kamuku, Shiroro, Fungwa"
numerals-pong1250-1.csv,Africa448-AtlanticCongo-numerals-pong1250-1.csv,pong1250,pong1250,"Atlantic-Congo, Volta-Congo, Benue-Congo, Kainji, Central Kainji, Shiroro-Kamuku, Shiroro, Pongu"
cind1241.csv,Africa449-AtlanticCongo-numerals-cind1241-1.csv,cind1241,cind1241,"Atlantic-Congo, Volta-Congo, Benue-Congo, Kainji, Central Kainji, Shiroro-Kamuku, Kamuku-Hungwarya, Kamuku, Yara"
numerals-hung1276-1.csv,Africa450-AtlanticCongo-numerals-hung1276-1.csv,hung1276,hung1276,"Atlantic-Congo, Volta-Congo, Benue-Congo, Kainji, Central Kainji, Shiroro-Kamuku, Kamuku-Hungwarya, Hungworo"
clel1238.csv,Africa451-AtlanticCongo-numerals-clel1238-1.csv,clel1238,clel1238,"Atlantic-Congo, Volta-Congo, Benue-Congo, Kainji, Central Kainji, Northwestern Kainji, Clela-Damakawa, C'lela"
kagf1238.csv,Africa452-AtlanticCongo-numerals-kagf1238-1.csv,kagf1238,kagf1238,"Atlantic-Congo, Volta-Congo, Benue-Congo, Kainji, Central Kainji, Northwestern Kainji, Dukaic, Main-Gwamhi, Ut-Main"
huns1239.csv,Africa453-AtlanticCongo-numerals-huns1239-1.csv,huns1239,huns1239,"Atlantic-Congo, Volta-Congo, Benue-Congo, Kainji, Central Kainji, Northwestern Kainji, Dukaic, Hun-Saare"
numerals-resh1242-1.csv,Africa454-AtlanticCongo-numerals-resh1242-1.csv,resh1242,resh1242,"Atlantic-Congo, Volta-Congo, Benue-Congo, Kainji, Kainji Lake, Reshe"
numerals-nupe1254-1.csv,Africa455-AtlanticCongo-numerals-nupe1254-1.csv,nupe1254,nupe1254,"Atlantic-Congo, Volta-Congo, Benue-Congo, Ebira-Nupoid, Macro-Nupoid, Nupoid, Nupe-Nupe-Tako"
kaka1264.csv,Africa456-AtlanticCongo-numerals-kaka1264-1.csv,kaka1264,kaka1264,"Atlantic-Congo, Volta-Congo, Benue-Congo, Ebira-Nupoid, Macro-Nupoid, Nupoid, Dibo-Kupa, Kakanda"
gbar1246.csv,Africa457-AtlanticCongo-numerals-gbar1246-1.csv,gbar1246,gbar1246,"Atlantic-Congo, Volta-Congo, Benue-Congo, Ebira-Nupoid, Macro-Nupoid, Gbagyi-Gbari, Gbari"
ebir1243.csv,Africa458-AtlanticCongo-numerals-ebir1243-1.csv,ebir1243,ebir1243,"Atlantic-Congo, Volta-Congo, Benue-Congo, Ebira-Nupoid, Ebira"
como1258.csv,Africa459-AtlanticCongo-numerals-como1258-1.csv,como1258,como1258,"Atlantic-Congo, Volta-Congo, Benue-Congo, Jukunoid, Central Jukunoid, Jukun-Mbembe-Wurbo, Wurbo-Wannu, Wurbo, Como Karim"
numerals-tigo1236-1.csv,Africa460-AtlanticCongo-numerals-tigo1236-1.csv,tigo1236,tigo1236,"Atlantic-Congo, Volta-Congo, Benue-Congo, Jukunoid, Central Jukunoid, Jukun-Mbembe-Wurbo, Tigon Mbembe"
hone1235.csv,Africa461-AtlanticCongo-numerals-hone1235-1.csv,hone1235,hone1235,"Atlantic-Congo, Volta-Congo, Benue-Congo, Jukunoid, Central Jukunoid, Jukun-Mbembe-Wurbo, Jukun, Kororofa, Kona, Hõne"
jiba1237.csv,Africa462-AtlanticCongo-numerals-jiba1237-1.csv,jiba1237,jiba1237,"Atlantic-Congo, Volta-Congo, Benue-Congo, Jukunoid, Central Jukunoid, Jukun-Mbembe-Wurbo, Jukun, Kororofa, Kona, Jiba"
numerals-wapa1235-1.csv,Africa463-AtlanticCongo-numerals-wapa1235-1.csv,wapa1235,wapa1235,"Atlantic-Congo, Volta-Congo, Benue-Congo, Jukunoid, Central Jukunoid, Jukun-Mbembe-Wurbo, Jukun, Kororofa, Wapan"
jibu1239.csv,Africa464-AtlanticCongo-numerals-jibu1239-1.csv,jibu1239,jibu1239,"Atlantic-Congo, Volta-Congo, Benue-Congo, Jukunoid, Central Jukunoid, Jukun-Mbembe-Wurbo, Jukun, Jibu-Wase, Jibuic, Jibu"
numerals-waph1238-1.csv,Africa465-AtlanticCongo-numerals-waph1238-1.csv,waph1238,waph1238,"Atlantic-Congo, Volta-Congo, Benue-Congo, Jukunoid, Central Jukunoid, Jukun-Mbembe-Wurbo, Jukun, Jibu-Wase, Wãpha"
kute1248.csv,Africa466-AtlanticCongo-numerals-kute1248-1.csv,kute1248,kute1248,"Atlantic-Congo, Volta-Congo, Benue-Congo, Jukunoid, Kutep"
numerals-ukaa1243-1.csv,Africa467-AtlanticCongo-numerals-ukaa1243-1.csv,ukaa1243,ukaa1243,"Atlantic-Congo, Volta-Congo, Benue-Congo, Ukaan"
ekpe1253.csv,Africa468-AtlanticCongo-numerals-ekpe1253-1.csv,ekpe1253,ekpe1253,"Atlantic-Congo, Volta-Congo, Benue-Congo, Igboid, Ekpeye"
ikwe1242.csv,Africa469-AtlanticCongo-numerals-ikwe1242-1.csv,ikwe1242,ikwe1242,"Atlantic-Congo, Volta-Congo, Benue-Congo, Igboid, Nuclear Igboid, Ikwere"
izie1238.csv,Africa470-AtlanticCongo-numerals-izie1238-1.csv,izie1238,izie1238,"Atlantic-Congo, Volta-Congo, Benue-Congo, Igboid, Nuclear Igboid, Central-Northern Igbo, Izi-Ezaa-Ikwo-Mgbo"
nucl1417.csv,Africa471-AtlanticCongo-numerals-nucl1417-1.csv,nucl1417,nucl1417,"Atlantic-Congo, Volta-Congo, Benue-Congo, Igboid, Nuclear Igboid, Central-Northern Igbo, Igbo"
kapy1238.csv,Africa472-AtlanticCongo-numerals-kapy1238-1.csv,kapy1238,kapy1238,"Atlantic-Congo, Volta-Congo, Benue-Congo, Benue-Congo Plateau, Yukubenic, Kapya"
numerals-yuku1243-1.csv,Africa473-AtlanticCongo-numerals-yuku1243-1.csv,yuku1243,yuku1243,"Atlantic-Congo, Volta-Congo, Benue-Congo, Benue-Congo Plateau, Yukubenic, Yukuben"
akum1238.csv,Africa474-AtlanticCongo-numerals-akum1238-1.csv,akum1238,akum1238,"Atlantic-Congo, Volta-Congo, Benue-Congo, Benue-Congo Plateau, Yukubenic, Akum-Beezen, Akum"
beez1238.csv,Africa475-AtlanticCongo-numerals-beez1238-1.csv,beez1238,beez1238,"Atlantic-Congo, Volta-Congo, Benue-Congo, Benue-Congo Plateau, Yukubenic, Akum-Beezen, Beezen-Baazem, Beezen"
numerals-bete1261-1.csv,Africa476-AtlanticCongo-numerals-bete1261-1.csv,bete1261,bete1261,"Atlantic-Congo, Volta-Congo, Benue-Congo, Benue-Congo Plateau, Yukubenic, Bete-Lufu, Bete (Yukubenic)"
lufu1237.csv,Africa477-AtlanticCongo-numerals-lufu1237-1.csv,lufu1237,lufu1237,"Atlantic-Congo, Volta-Congo, Benue-Congo, Benue-Congo Plateau, Yukubenic, Bete-Lufu, Lufu"
eten1239.csv,Africa478-AtlanticCongo-numerals-eten1239-1.csv,eten1239,eten1239,"Atlantic-Congo, Volta-Congo, Benue-Congo, Benue-Congo Plateau, Beromic, Iten-Cara-Berom, Eten"
bero1242.csv,Africa479-AtlanticCongo-numerals-bero1242-1.csv,bero1242,bero1242,"Atlantic-Congo, Volta-Congo, Benue-Congo, Benue-Congo Plateau, Beromic, Iten-Cara-Berom, Cara-Berom, Berom"
fyam1238.csv,Africa480-AtlanticCongo-numerals-fyam1238-1.csv,fyam1238,fyam1238,"Atlantic-Congo, Volta-Congo, Benue-Congo, Benue-Congo Plateau, Southeastern Benue-Congo Plateau, Horom-Fyem, Fyam"
numerals-eloy1241-1.csv,Africa481-AtlanticCongo-numerals-eloy1241-1.csv,eloy1241,eloy1241,"Atlantic-Congo, Volta-Congo, Benue-Congo, Benue-Congo Plateau, Ajiri"
yesk1239.csv,Africa482-AtlanticCongo-numerals-yesk1239-1.csv,yesk1239,yesk1239,"Atlantic-Congo, Volta-Congo, Benue-Congo, Benue-Congo Plateau, West-Central Benue-Congo Plateau, Northwestern Benue-Congo Plateau, Koroic, Nyankpa"
hyam1245.csv,Africa483-AtlanticCongo-numerals-hyam1245-1.csv,hyam1245,hyam1245,"Atlantic-Congo, Volta-Congo, Benue-Congo, Benue-Congo Plateau, West-Central Benue-Congo Plateau, Northwestern Benue-Congo Plateau, Hyamic, Hyam"
izer1241.csv,Africa484-AtlanticCongo-numerals-izer1241-1.csv,izer1241,izer1241,"Atlantic-Congo, Volta-Congo, Benue-Congo, Benue-Congo Plateau, West-Central Benue-Congo Plateau, Zaric, Nuclear Zaric, Izeric, Izere"
jjuu1238.csv,Africa485-AtlanticCongo-numerals-jjuu1238-1.csv,jjuu1238,jjuu1238,"Atlantic-Congo, Volta-Congo, Benue-Congo, Benue-Congo Plateau, West-Central Benue-Congo Plateau, Zaric, Nuclear Zaric, Katabic, Jju"
numerals-tyap1238-1.csv,Africa486-AtlanticCongo-numerals-tyap1238-1.csv,tyap1238,tyap1238,"Atlantic-Congo, Volta-Congo, Benue-Congo, Benue-Congo Plateau, West-Central Benue-Congo Plateau, Zaric, Nuclear Zaric, Katabic, Tyap"
irig1241.csv,Africa487-AtlanticCongo-numerals-irig1241-1.csv,irig1241,irig1241,"Atlantic-Congo, Volta-Congo, Benue-Congo, Benue-Congo Plateau, West-Central Benue-Congo Plateau, Zaric, Irigwe"
ayuu1242.csv,Africa488-AtlanticCongo-numerals-ayuu1242-1.csv,ayuu1242,ayuu1242,"Atlantic-Congo, Volta-Congo, Benue-Congo, Benue-Congo Plateau, Ninzic, Ayu"
buuu1244.csv,Africa489-AtlanticCongo-numerals-buuu1244-1.csv,buuu1244,buuu1244,"Atlantic-Congo, Volta-Congo, Benue-Congo, Benue-Congo Plateau, Ninzic, Bu"
mada1282.csv,Africa490-AtlanticCongo-numerals-mada1282-1.csv,mada1282,mada1282,"Atlantic-Congo, Volta-Congo, Benue-Congo, Benue-Congo Plateau, Ninzic, Rukubic, Mada-Ninzam, Mada (Nigeria)"
ninz1246.csv,Africa491-AtlanticCongo-numerals-ninz1246-1.csv,ninz1246,ninz1246,"Atlantic-Congo, Volta-Congo, Benue-Congo, Benue-Congo Plateau, Ninzic, Rukubic, Mada-Ninzam, Ninzo"
chee1238.csv,Africa492-AtlanticCongo-numerals-chee1238-1.csv,chee1238,chee1238,"Atlantic-Congo, Volta-Congo, Benue-Congo, Benue-Congo Plateau, Ninzic, Rukubic, Che"
eggo1239.csv,Africa493-AtlanticCongo-numerals-eggo1239-1.csv,eggo1239,eggo1239,"Atlantic-Congo, Volta-Congo, Benue-Congo, Benue-Congo Plateau, Jilic-Eggonic, Eggon-Ake, Eggon"
liji1238.csv,Africa494-AtlanticCongo-numerals-liji1238-1.csv,liji1238,liji1238,"Atlantic-Congo, Volta-Congo, Benue-Congo, Benue-Congo Plateau, Jilic-Eggonic, Jilic, Lijili"
alum1246.csv,Africa495-AtlanticCongo-numerals-alum1246-1.csv,alum1246,alum1246,"Atlantic-Congo, Volta-Congo, Benue-Congo, Benue-Congo Plateau, Alumic, Alumu-Akpondu, Arum"
numerals-taro1263-1.csv,Africa496-AtlanticCongo-numerals-taro1263-1.csv,taro1263,taro1263,"Atlantic-Congo, Volta-Congo, Benue-Congo, Benue-Congo Plateau, Tarokoid, Yangkam-Tarok-Pe, Tarok-Pe, Tarok"
ikul1238.csv,Africa497-AtlanticCongo-numerals-ikul1238-1.csv,ikul1238,ikul1238,"Atlantic-Congo, Volta-Congo, Benue-Congo, Benue-Congo Plateau, Northern Benue-Congo Plateau, Nuclear Northern Benue-Congo Plateau, Ikulu"
abee1242.csv,Africa498-AtlanticCongo-numerals-abee1242-1.csv,abee1242,abee1242,"Atlantic-Congo, Volta-Congo, Kwa Volta-Congo, Nyo, Agneby, Abé"
numerals-adio1239-1.csv,Africa499-AtlanticCongo-numerals-adio1239-1.csv,adio1239,adio1239,"Atlantic-Congo, Volta-Congo, Kwa Volta-Congo, Nyo, Agneby, Adioukrou"
abid1235.csv,Africa500-AtlanticCongo-numerals-abid1235-1.csv,abid1235,abid1235,"Atlantic-Congo, Volta-Congo, Kwa Volta-Congo, Nyo, Agneby, Abidji"
numerals-abro1238-1.csv,Africa501-AtlanticCongo-numerals-abro1238-1.csv,abro1238,abro1238,"Atlantic-Congo, Volta-Congo, Kwa Volta-Congo, Nyo, Potou-Tano, Tano, Central Tano, Akanic, Abron"
numerals-akan1250-1.csv,Africa502-AtlanticCongo-numerals-akan1250-1.csv,akan1250,akan1250,"Atlantic-Congo, Volta-Congo, Kwa Volta-Congo, Nyo, Potou-Tano, Tano, Central Tano, Akanic, Akan"
numerals-ahan1243-1.csv,Africa503-AtlanticCongo-numerals-ahan1243-1.csv,ahan1243,ahan1243,"Atlantic-Congo, Volta-Congo, Kwa Volta-Congo, Nyo, Potou-Tano, Tano, Central Tano, Bia, Southern Bia, Ahanta"
jwir1241.csv,Africa504-AtlanticCongo-numerals-jwir1241-1.csv,jwir1241,jwir1241,"Atlantic-Congo, Volta-Congo, Kwa Volta-Congo, Nyo, Potou-Tano, Tano, Central Tano, Bia, Southern Bia, Jwira-Nzima, Jwira-Pepesa"
numerals-nzim1238-1.csv,Africa505-AtlanticCongo-numerals-nzim1238-1.csv,nzim1238,nzim1238,"Atlantic-Congo, Volta-Congo, Kwa Volta-Congo, Nyo, Potou-Tano, Tano, Central Tano, Bia, Southern Bia, Jwira-Nzima, Nzima"
numerals-anuf1239-1.csv,Africa506-AtlanticCongo-numerals-anuf1239-1.csv,anuf1239,anuf1239,"Atlantic-Congo, Volta-Congo, Kwa Volta-Congo, Nyo, Potou-Tano, Tano, Central Tano, Bia, Northern Bia, Anufo"
numerals-anyi1245-1.csv,Africa507-AtlanticCongo-numerals-anyi1245-1.csv,anyi1245,anyi1245,"Atlantic-Congo, Volta-Congo, Kwa Volta-Congo, Nyo, Potou-Tano, Tano, Central Tano, Bia, Northern Bia, Anyinic, Anyin"
numerals-baou1238-1.csv,Africa508-AtlanticCongo-numerals-baou1238-1.csv,baou1238,baou1238,"Atlantic-Congo, Volta-Congo, Kwa Volta-Congo, Nyo, Potou-Tano, Tano, Central Tano, Bia, Northern Bia, Baoulé"
sehw1238.csv,Africa509-AtlanticCongo-numerals-sehw1238-1.csv,sehw1238,sehw1238,"Atlantic-Congo, Volta-Congo, Kwa Volta-Congo, Nyo, Potou-Tano, Tano, Central Tano, Bia, Northern Bia, Sehwi"
numerals-awut1241-1.csv,Africa510-AtlanticCongo-numerals-awut1241-1.csv,awut1241,awut1241,"Atlantic-Congo, Volta-Congo, Kwa Volta-Congo, Nyo, Potou-Tano, Tano, Guang, South Guang, Awutu"
cher1271.csv,Africa511-AtlanticCongo-numerals-cher1271-1.csv,cher1271,cher1271,"Atlantic-Congo, Volta-Congo, Kwa Volta-Congo, Nyo, Potou-Tano, Tano, Guang, South Guang, Hill South Guang, Gua-Cherepon, Cherepon"
guaa1238.csv,Africa512-AtlanticCongo-numerals-guaa1238-1.csv,guaa1238,guaa1238,"Atlantic-Congo, Volta-Congo, Kwa Volta-Congo, Nyo, Potou-Tano, Tano, Guang, South Guang, Hill South Guang, Gua-Cherepon, Gua"
numerals-lart1238-1.csv,Africa513-AtlanticCongo-numerals-lart1238-1.csv,lart1238,lart1238,"Atlantic-Congo, Volta-Congo, Kwa Volta-Congo, Nyo, Potou-Tano, Tano, Guang, South Guang, Hill South Guang, Larteh"
chum1261.csv,Africa514-AtlanticCongo-numerals-chum1261-1.csv,chum1261,chum1261,"Atlantic-Congo, Volta-Congo, Kwa Volta-Congo, Nyo, Potou-Tano, Tano, Guang, North Guang, Oti North Guang, River Oti North Guang, Chumbuli, Chumburung"
numerals-kpla1238-1.csv,Africa515-AtlanticCongo-numerals-kpla1238-1.csv,kpla1238,kpla1238,"Atlantic-Congo, Volta-Congo, Kwa Volta-Congo, Nyo, Potou-Tano, Tano, Guang, North Guang, Oti North Guang, River Oti North Guang, Kplang"
numerals-dwan1238-1.csv,Africa516-AtlanticCongo-numerals-dwan1238-1.csv,dwan1238,dwan1238,"Atlantic-Congo, Volta-Congo, Kwa Volta-Congo, Nyo, Potou-Tano, Tano, Guang, North Guang, Oti North Guang, River Oti North Guang, Nchumbulu-Dwang, Dwang"
krac1238.csv,Africa517-AtlanticCongo-numerals-krac1238-1.csv,krac1238,krac1238,"Atlantic-Congo, Volta-Congo, Kwa Volta-Congo, Nyo, Potou-Tano, Tano, Guang, North Guang, Oti North Guang, River Oti North Guang, Krache"
food1238.csv,Africa518-AtlanticCongo-numerals-food1238-1.csv,food1238,food1238,"Atlantic-Congo, Volta-Congo, Kwa Volta-Congo, Nyo, Potou-Tano, Tano, Guang, North Guang, Oti North Guang, Mountain Oti North Guang, Gikyode-Ginyanga, Gikyode-Foodo, Foodo"
numerals-giny1241-1.csv,Africa519-AtlanticCongo-numerals-giny1241-1.csv,giny1241,giny1241,"Atlantic-Congo, Volta-Congo, Kwa Volta-Congo, Nyo, Potou-Tano, Tano, Guang, North Guang, Oti North Guang, Mountain Oti North Guang, Gikyode-Ginyanga, Ginyanga"
numerals-nawu1242-1.csv,Africa520-AtlanticCongo-numerals-nawu1242-1.csv,nawu1242,nawu1242,"Atlantic-Congo, Volta-Congo, Kwa Volta-Congo, Nyo, Potou-Tano, Tano, Guang, North Guang, Oti North Guang, Mountain Oti North Guang, Nawuri"
domp1238.csv,Africa521-AtlanticCongo-numerals-domp1238-1.csv,domp1238,domp1238,"Atlantic-Congo, Volta-Congo, Kwa Volta-Congo, Nyo, Potou-Tano, Tano, Guang, North Guang, Gonja-Dompo, Dompo"
numerals-gonj1241-1.csv,Africa522-AtlanticCongo-numerals-gonj1241-1.csv,gonj1241,gonj1241,"Atlantic-Congo, Volta-Congo, Kwa Volta-Congo, Nyo, Potou-Tano, Tano, Guang, North Guang, Gonja-Dompo, Gonja"
numerals-nkon1248-1.csv,Africa523-AtlanticCongo-numerals-nkon1248-1.csv,nkon1248,nkon1248,"Atlantic-Congo, Volta-Congo, Kwa Volta-Congo, Nyo, Potou-Tano, Tano, Guang, North Guang, Nkonya-Nkami, Nkonya"
numerals-abur1243-1.csv,Africa524-AtlanticCongo-numerals-abur1243-1.csv,abur1243,abur1243,"Atlantic-Congo, Volta-Congo, Kwa Volta-Congo, Nyo, Potou-Tano, Tano, Western Tano, Abure"
numerals-beti1248-1.csv,Africa525-AtlanticCongo-numerals-beti1248-1.csv,beti1248,beti1248,"Atlantic-Congo, Volta-Congo, Kwa Volta-Congo, Nyo, Potou-Tano, Tano, Western Tano, Beti (Côte d'Ivoire)"
atti1239.csv,Africa526-AtlanticCongo-numerals-atti1239-1.csv,atti1239,atti1239,"Atlantic-Congo, Volta-Congo, Kwa Volta-Congo, Nyo, Attié"
numerals-alla1248-1.csv,Africa527-AtlanticCongo-numerals-alla1248-1.csv,alla1248,alla1248,"Atlantic-Congo, Volta-Congo, Kwa Volta-Congo, Nyo, Avikam-Alladian, Alladian"
numerals-avik1243-1.csv,Africa528-AtlanticCongo-numerals-avik1243-1.csv,avik1243,avik1243,"Atlantic-Congo, Volta-Congo, Kwa Volta-Congo, Nyo, Avikam-Alladian, Avikam"
numerals-adan1247-1.csv,Africa529-AtlanticCongo-numerals-adan1247-1.csv,adan1247,adan1247,"Atlantic-Congo, Volta-Congo, Kwa Volta-Congo, Ga-Dangme, Adangme"
gaaa1244.csv,Africa530-AtlanticCongo-numerals-gaaa1244-1.csv,gaaa1244,gaaa1244,"Atlantic-Congo, Volta-Congo, Kwa Volta-Congo, Ga-Dangme, Ga"
numerals-akeb1238-1.csv,Africa531-AtlanticCongo-numerals-akeb1238-1.csv,akeb1238,akeb1238,"Atlantic-Congo, Volta-Congo, Kwa Volta-Congo, Ka-Togo, Kebu-Animere, Akebu"
numerals-anim1239-1.csv,Africa532-AtlanticCongo-numerals-anim1239-1.csv,anim1239,anim1239,"Atlantic-Congo, Volta-Congo, Kwa Volta-Congo, Ka-Togo, Kebu-Animere, Animere"
igoo1238.csv,Africa533-AtlanticCongo-numerals-igoo1238-1.csv,igoo1238,igoo1238,"Atlantic-Congo, Volta-Congo, Kwa Volta-Congo, Ka-Togo, Kposo-Ahlo-Bowili, Igo"
numerals-tuwu1238-1.csv,Africa534-AtlanticCongo-numerals-tuwu1238-1.csv,tuwu1238,tuwu1238,"Atlantic-Congo, Volta-Congo, Kwa Volta-Congo, Ka-Togo, Kposo-Ahlo-Bowili, Tuwuli"
numerals-ikpo1238-1.csv,Africa535-AtlanticCongo-numerals-ikpo1238-1.csv,ikpo1238,ikpo1238,"Atlantic-Congo, Volta-Congo, Kwa Volta-Congo, Ka-Togo, Kposo-Ahlo-Bowili, Ikposo"
numerals-avat1244-1.csv,Africa536-AtlanticCongo-numerals-avat1244-1.csv,avat1244,avat1244,"Atlantic-Congo, Volta-Congo, Kwa Volta-Congo, Ka-Togo, Avatime-Nyangbo, Avatime"
numerals-nyan1302-1.csv,Africa537-AtlanticCongo-numerals-nyan1302-1.csv,nyan1302,nyan1302,"Atlantic-Congo, Volta-Congo, Kwa Volta-Congo, Ka-Togo, Avatime-Nyangbo, Nyangbo-Tafi, Nyangbo"
numerals-tafi1243-1.csv,Africa538-AtlanticCongo-numerals-tafi1243-1.csv,tafi1243,tafi1243,"Atlantic-Congo, Volta-Congo, Kwa Volta-Congo, Ka-Togo, Avatime-Nyangbo, Nyangbo-Tafi, Tafi"
adel1244.csv,Africa539-AtlanticCongo-numerals-adel1244-1.csv,adel1244,adel1244,"Atlantic-Congo, Volta-Congo, Kwa Volta-Congo, Na-Togo, Basila-Adele, Adele"
numerals-anii1245-1.csv,Africa540-AtlanticCongo-numerals-anii1245-1.csv,anii1245,anii1245,"Atlantic-Congo, Volta-Congo, Kwa Volta-Congo, Na-Togo, Basila-Adele, Anii"
numerals-lele1264-1.csv,Africa541-AtlanticCongo-numerals-lele1264-1.csv,lele1264,lele1264,"Atlantic-Congo, Volta-Congo, Kwa Volta-Congo, Na-Togo, Lelemic, Lelemi-Akpafu, Lelemi"
numerals-siwu1238-1.csv,Africa542-AtlanticCongo-numerals-siwu1238-1.csv,siwu1238,siwu1238,"Atlantic-Congo, Volta-Congo, Kwa Volta-Congo, Na-Togo, Lelemic, Lelemi-Akpafu, Siwu"
numerals-sekp1241-1.csv,Africa543-AtlanticCongo-numerals-sekp1241-1.csv,sekp1241,sekp1241,"Atlantic-Congo, Volta-Congo, Kwa Volta-Congo, Na-Togo, Lelemic, Likpe-Santrokofi, Sekpele"
numerals-sele1249-1.csv,Africa544-AtlanticCongo-numerals-sele1249-1.csv,sele1249,sele1249,"Atlantic-Congo, Volta-Congo, Kwa Volta-Congo, Na-Togo, Lelemic, Likpe-Santrokofi, Selee"
numerals-logb1245-1-2.csv,Africa545-AtlanticCongo-numerals-logb1245-1.csv,logb1245,logb1245,"Atlantic-Congo, Volta-Congo, Kwa Volta-Congo, Na-Togo, Ikpana"
numerals-adan1248-1.csv,Africa546-AtlanticCongo-numerals-adan1248-1.csv,adan1248,adan1248,"Atlantic-Congo, Volta-Congo, Kwa Volta-Congo, Gbe, Western Gbe, Eweic, Adangbe"
numerals-ewee1241-1.csv,Africa547-AtlanticCongo-numerals-ewee1241-1.csv,ewee1241,ewee1241,"Atlantic-Congo, Volta-Congo, Kwa Volta-Congo, Gbe, Western Gbe, Eweic, Ewe"
numerals-genn1243-1.csv,Africa548-AtlanticCongo-numerals-genn1243-1.csv,genn1243,genn1243,"Atlantic-Congo, Volta-Congo, Kwa Volta-Congo, Gbe, Western Gbe, Gen"
numerals-waci1239-1.csv,Africa549-AtlanticCongo-numerals-waci1239-1.csv,waci1239,waci1239,"Atlantic-Congo, Volta-Congo, Kwa Volta-Congo, Gbe, Western Gbe, Kpesi-Waci, Waci Gbe"
numerals-ajab1235-2.csv,Africa550-AtlanticCongo-numerals-ajab1235-1.csv,ajab1235,ajab1235,"Atlantic-Congo, Volta-Congo, Kwa Volta-Congo, Gbe, Aja (Benin)"
numerals-maxi1236-1.csv,Africa551-AtlanticCongo-numerals-maxi1236-1.csv,maxi1236,maxi1236,"Atlantic-Congo, Volta-Congo, Kwa Volta-Congo, Gbe, Eastern Gbe, Fongbeic, Maxi Gbe"
fonn1241.csv,Africa552-AtlanticCongo-numerals-fonn1241-1.csv,fonn1241,fonn1241,"Atlantic-Congo, Volta-Congo, Kwa Volta-Congo, Gbe, Eastern Gbe, Fongbeic, Fon"
numerals-gunn1250-1.csv,Africa553-AtlanticCongo-numerals-gunn1250-1.csv,gunn1250,gunn1250,"Atlantic-Congo, Volta-Congo, Kwa Volta-Congo, Gbe, Eastern Gbe, Fongbeic, Gun"
saxw1241.csv,Africa554-AtlanticCongo-numerals-saxw1241-1.csv,saxw1241,saxw1241,"Atlantic-Congo, Volta-Congo, Kwa Volta-Congo, Gbe, Eastern Gbe, Western Phla-Phera, Saxwe Gbe"
numerals-kota1272-1.csv,Africa555-AtlanticCongo-numerals-kota1272-1.csv,kota1272,kota1272,"Atlantic-Congo, Volta-Congo, Kwa Volta-Congo, Gbe, Eastern Gbe, Western Phla-Phera, Kotafon Gbe"
numerals-xwel1235-1.csv,Africa556-AtlanticCongo-numerals-xwel1235-1.csv,xwel1235,xwel1235,"Atlantic-Congo, Volta-Congo, Kwa Volta-Congo, Gbe, Eastern Gbe, Western Phla-Phera, Xwela Gbe"
numerals-west2456-1.csv,Africa557-AtlanticCongo-numerals-west2456-1.csv,west2456,west2456,"Atlantic-Congo, Volta-Congo, Kwa Volta-Congo, Gbe, Eastern Gbe, Western Phla-Phera, Western Xwla Gbe"
nort2770.csv,Africa558-AtlanticCongo-numerals-nort2770-1.csv,nort2770,nort2770,"Atlantic-Congo, Volta-Congo, Unclassified Volta-Congo, Adamawa Fali, North Fali"
fali1264.csv,Africa559-AtlanticCongo-numerals-fali1264-1.csv,fali1264,sout2782,"Atlantic-Congo, Volta-Congo, Unclassified Volta-Congo, Adamawa Fali, South Fali"
miyo1238.csv,Africa560-AtlanticCongo-numerals-miyo1238-1.csv,miyo1238,miyo1238,"Atlantic-Congo, Volta-Congo, North Volta-Congo, Unclassified North Volta-Congo, Miyobe"
numerals-akas1242.csv,Africa561-AtlanticCongo-numerals-akas1242-1.csv,akas1242,akas1242,"Atlantic-Congo, Volta-Congo, North Volta-Congo, Gur, Central Gur, Northern Central Gur, Bwamu-Oti-Volta, Oti-Volta, Nuclear Oti-Volta, Gurma-Yom-Oti-Volta Occidental, Gurma-Yom-Naudem, Gurma, Gurma A, Akaselem"
ntch1242.csv,Africa562-AtlanticCongo-numerals-ntch1242-1.csv,ntch1242,ntch1242,"Atlantic-Congo, Volta-Congo, North Volta-Congo, Gur, Central Gur, Northern Central Gur, Bwamu-Oti-Volta, Oti-Volta, Nuclear Oti-Volta, Gurma-Yom-Oti-Volta Occidental, Gurma-Yom-Naudem, Gurma, Gurma A, Ntcham"
bimo1239.csv,Africa563-AtlanticCongo-numerals-bimo1239-1.csv,bimo1239,bimo1239,"Atlantic-Congo, Volta-Congo, North Volta-Congo, Gur, Central Gur, Northern Central Gur, Bwamu-Oti-Volta, Oti-Volta, Nuclear Oti-Volta, Gurma-Yom-Oti-Volta Occidental, Gurma-Yom-Naudem, Gurma, Gurma B, Gourmantche-Moba, Moba-Bimoba, Bimoba"
moba1244.csv,Africa564-AtlanticCongo-numerals-moba1244-1.csv,moba1244,moba1244,"Atlantic-Congo, Volta-Congo, North Volta-Congo, Gur, Central Gur, Northern Central Gur, Bwamu-Oti-Volta, Oti-Volta, Nuclear Oti-Volta, Gurma-Yom-Oti-Volta Occidental, Gurma-Yom-Naudem, Gurma, Gurma B, Gourmantche-Moba, Moba-Bimoba, Moba"
numerals-gour1243-1.csv,Africa565-AtlanticCongo-numerals-gour1243-1.csv,gour1243,gour1243,"Atlantic-Congo, Volta-Congo, North Volta-Congo, Gur, Central Gur, Northern Central Gur, Bwamu-Oti-Volta, Oti-Volta, Nuclear Oti-Volta, Gurma-Yom-Oti-Volta Occidental, Gurma-Yom-Naudem, Gurma, Gurma B, Gourmantche-Moba, Gourmanchéma"
konk1269.csv,Africa566-AtlanticCongo-numerals-konk1269-1.csv,konk1269,konk1269,"Atlantic-Congo, Volta-Congo, North Volta-Congo, Gur, Central Gur, Northern Central Gur, Bwamu-Oti-Volta, Oti-Volta, Nuclear Oti-Volta, Gurma-Yom-Oti-Volta Occidental, Gurma-Yom-Naudem, Gurma, Gurma B, Konkomba-Gangam, Konkomba"
numerals-ngan1299-1.csv,Africa567-AtlanticCongo-numerals-ngan1299-1.csv,ngan1299,ngan1299,"Atlantic-Congo, Volta-Congo, North Volta-Congo, Gur, Central Gur, Northern Central Gur, Bwamu-Oti-Volta, Oti-Volta, Nuclear Oti-Volta, Gurma-Yom-Oti-Volta Occidental, Gurma-Yom-Naudem, Gurma, Gurma B, Konkomba-Gangam, Ngangam"
nawd1238.csv,Africa568-AtlanticCongo-numerals-nawd1238-1.csv,nawd1238,nawd1238,"Atlantic-Congo, Volta-Congo, North Volta-Congo, Gur, Central Gur, Northern Central Gur, Bwamu-Oti-Volta, Oti-Volta, Nuclear Oti-Volta, Gurma-Yom-Oti-Volta Occidental, Gurma-Yom-Naudem, Yom-Nawdm, Nawdm"
numerals-yomm1242-1.csv,Africa569-AtlanticCongo-numerals-yomm1242-1.csv,yomm1242,yomm1242,"Atlantic-Congo, Volta-Congo, North Volta-Congo, Gur, Central Gur, Northern Central Gur, Bwamu-Oti-Volta, Oti-Volta, Nuclear Oti-Volta, Gurma-Yom-Oti-Volta Occidental, Gurma-Yom-Naudem, Yom-Nawdm, Yom"
numerals-wali1263-1.csv,Africa570-AtlanticCongo-numerals-wali1263-1.csv,wali1263,wali1263,"Atlantic-Congo, Volta-Congo, North Volta-Congo, Gur, Central Gur, Northern Central Gur, Bwamu-Oti-Volta, Oti-Volta, Nuclear Oti-Volta, Gurma-Yom-Oti-Volta Occidental, Oti-Volta Occidental, Nuclear Oti-Volta Occidental, Northwest Oti-Volta, Safaliba-Dagaare, Dagaaric, Central-South Dagaric, South Dagaric, Wali (Ghana)"
numerals-sout2789-1.csv,Africa571-AtlanticCongo-numerals-sout2789-1.csv,sout2789,sout2789,"Atlantic-Congo, Volta-Congo, North Volta-Congo, Gur, Central Gur, Northern Central Gur, Bwamu-Oti-Volta, Oti-Volta, Nuclear Oti-Volta, Gurma-Yom-Oti-Volta Occidental, Oti-Volta Occidental, Nuclear Oti-Volta Occidental, Northwest Oti-Volta, Safaliba-Dagaare, Dagaaric, Central-South Dagaric, Central Dagaare"
malb1235.csv,Africa572-AtlanticCongo-numerals-malb1235-1.csv,malb1235,malb1235,"Atlantic-Congo, Volta-Congo, North Volta-Congo, Gur, Central Gur, Northern Central Gur, Bwamu-Oti-Volta, Oti-Volta, Nuclear Oti-Volta, Gurma-Yom-Oti-Volta Occidental, Oti-Volta Occidental, Nuclear Oti-Volta Occidental, Northwest Oti-Volta, Safaliba-Dagaare, Dagaaric, North-West Dagaric, Birifor, Malba Birifor"
numerals-sout2790-1.csv,Africa573-AtlanticCongo-numerals-sout2790-1.csv,sout2790,sout2790,"Atlantic-Congo, Volta-Congo, North Volta-Congo, Gur, Central Gur, Northern Central Gur, Bwamu-Oti-Volta, Oti-Volta, Nuclear Oti-Volta, Gurma-Yom-Oti-Volta Occidental, Oti-Volta Occidental, Nuclear Oti-Volta Occidental, Northwest Oti-Volta, Safaliba-Dagaare, Dagaaric, North-West Dagaric, Birifor, Southern Birifor"
nort2780.csv,Africa574-AtlanticCongo-numerals-nort2780-1.csv,nort2780,nort2780,"Atlantic-Congo, Volta-Congo, North Volta-Congo, Gur, Central Gur, Northern Central Gur, Bwamu-Oti-Volta, Oti-Volta, Nuclear Oti-Volta, Gurma-Yom-Oti-Volta Occidental, Oti-Volta Occidental, Nuclear Oti-Volta Occidental, Northwest Oti-Volta, Safaliba-Dagaare, Dagaaric, North-West Dagaric, Northern Dagara"
numerals-safa1243-1.csv,Africa575-AtlanticCongo-numerals-safa1243-1.csv,safa1243,safa1243,"Atlantic-Congo, Volta-Congo, North Volta-Congo, Gur, Central Gur, Northern Central Gur, Bwamu-Oti-Volta, Oti-Volta, Nuclear Oti-Volta, Gurma-Yom-Oti-Volta Occidental, Oti-Volta Occidental, Nuclear Oti-Volta Occidental, Northwest Oti-Volta, Safaliba-Dagaare, Safaliba"
fare1241.csv,Africa576-AtlanticCongo-numerals-fare1241-1.csv,fare1241,fare1241,"Atlantic-Congo, Volta-Congo, North Volta-Congo, Gur, Central Gur, Northern Central Gur, Bwamu-Oti-Volta, Oti-Volta, Nuclear Oti-Volta, Gurma-Yom-Oti-Volta Occidental, Oti-Volta Occidental, Nuclear Oti-Volta Occidental, Northwest Oti-Volta, Mossi-Farefare, Farefareic, Farefare"
kant1249.csv,Africa577-AtlanticCongo-numerals-kant1249-1.csv,kant1249,kant1249,"Atlantic-Congo, Volta-Congo, North Volta-Congo, Gur, Central Gur, Northern Central Gur, Bwamu-Oti-Volta, Oti-Volta, Nuclear Oti-Volta, Gurma-Yom-Oti-Volta Occidental, Oti-Volta Occidental, Nuclear Oti-Volta Occidental, Northwest Oti-Volta, Mossi-Farefare, Mossic, Kantosi"
moss1236.csv,Africa578-AtlanticCongo-numerals-moss1236-1.csv,moss1236,moss1236,"Atlantic-Congo, Volta-Congo, North Volta-Congo, Gur, Central Gur, Northern Central Gur, Bwamu-Oti-Volta, Oti-Volta, Nuclear Oti-Volta, Gurma-Yom-Oti-Volta Occidental, Oti-Volta Occidental, Nuclear Oti-Volta Occidental, Northwest Oti-Volta, Mossi-Farefare, Mossic, Mossi"
dagb1246.csv,Africa579-AtlanticCongo-numerals-dagb1246-1.csv,dagb1246,dagb1246,"Atlantic-Congo, Volta-Congo, North Volta-Congo, Gur, Central Gur, Northern Central Gur, Bwamu-Oti-Volta, Oti-Volta, Nuclear Oti-Volta, Gurma-Yom-Oti-Volta Occidental, Oti-Volta Occidental, Nuclear Oti-Volta Occidental, Southeast Western Oti-Volta, Mampruli-Dagbani, Dagbani"
mamp1244.csv,Africa580-AtlanticCongo-numerals-mamp1244-1.csv,mamp1244,mamp1244,"Atlantic-Congo, Volta-Congo, North Volta-Congo, Gur, Central Gur, Northern Central Gur, Bwamu-Oti-Volta, Oti-Volta, Nuclear Oti-Volta, Gurma-Yom-Oti-Volta Occidental, Oti-Volta Occidental, Nuclear Oti-Volta Occidental, Southeast Western Oti-Volta, Mampruli-Dagbani, Mampruli"
hang1258.csv,Africa581-AtlanticCongo-numerals-hang1258-1.csv,hang1258,hang1258,"Atlantic-Congo, Volta-Congo, North Volta-Congo, Gur, Central Gur, Northern Central Gur, Bwamu-Oti-Volta, Oti-Volta, Nuclear Oti-Volta, Gurma-Yom-Oti-Volta Occidental, Oti-Volta Occidental, Nuclear Oti-Volta Occidental, Southeast Western Oti-Volta, Kamara-Hanga, Hanga"
kama1357.csv,Africa582-AtlanticCongo-numerals-kama1357-1.csv,kama1357,kama1357,"Atlantic-Congo, Volta-Congo, North Volta-Congo, Gur, Central Gur, Northern Central Gur, Bwamu-Oti-Volta, Oti-Volta, Nuclear Oti-Volta, Gurma-Yom-Oti-Volta Occidental, Oti-Volta Occidental, Nuclear Oti-Volta Occidental, Southeast Western Oti-Volta, Kamara-Hanga, Kamara"
kusa1250.csv,Africa583-AtlanticCongo-numerals-kusa1250-1.csv,kusa1250,kusa1250,"Atlantic-Congo, Volta-Congo, North Volta-Congo, Gur, Central Gur, Northern Central Gur, Bwamu-Oti-Volta, Oti-Volta, Nuclear Oti-Volta, Gurma-Yom-Oti-Volta Occidental, Oti-Volta Occidental, Nuclear Oti-Volta Occidental, Southeast Western Oti-Volta, Kusaal"
notr1240.csv,Africa584-AtlanticCongo-numerals-notr1240-1.csv,notr1240,notr1240,"Atlantic-Congo, Volta-Congo, North Volta-Congo, Gur, Central Gur, Northern Central Gur, Bwamu-Oti-Volta, Oti-Volta, Nuclear Oti-Volta, Gurma-Yom-Oti-Volta Occidental, Oti-Volta Occidental, Notre"
bial1238.csv,Africa585-AtlanticCongo-numerals-bial1238-1.csv,bial1238,bial1238,"Atlantic-Congo, Volta-Congo, North Volta-Congo, Gur, Central Gur, Northern Central Gur, Bwamu-Oti-Volta, Oti-Volta, Nuclear Oti-Volta, Oti-Volta Oriental, Biali"
dita1238.csv,Africa586-AtlanticCongo-numerals-dita1238-1.csv,dita1238,dita1238,"Atlantic-Congo, Volta-Congo, North Volta-Congo, Gur, Central Gur, Northern Central Gur, Bwamu-Oti-Volta, Oti-Volta, Nuclear Oti-Volta, Oti-Volta Oriental, Waama-Tayari-Ditammari, Tayari-Ditammari, Ditammaric, Ditammari"
mbel1240.csv,Africa587-AtlanticCongo-numerals-mbel1240-1.csv,mbel1240,mbel1240,"Atlantic-Congo, Volta-Congo, North Volta-Congo, Gur, Central Gur, Northern Central Gur, Bwamu-Oti-Volta, Oti-Volta, Nuclear Oti-Volta, Oti-Volta Oriental, Waama-Tayari-Ditammari, Tayari-Ditammari, Ditammaric, Mbelime"
nate1242.csv,Africa588-AtlanticCongo-numerals-nate1242-1.csv,nate1242,nate1242,"Atlantic-Congo, Volta-Congo, North Volta-Congo, Gur, Central Gur, Northern Central Gur, Bwamu-Oti-Volta, Oti-Volta, Nuclear Oti-Volta, Oti-Volta Oriental, Waama-Tayari-Ditammari, Tayari-Ditammari, Nateni"
numerals-waam1244-1.csv,Africa589-AtlanticCongo-numerals-waam1244-1.csv,waam1244,waam1244,"Atlantic-Congo, Volta-Congo, North Volta-Congo, Gur, Central Gur, Northern Central Gur, Bwamu-Oti-Volta, Oti-Volta, Nuclear Oti-Volta, Oti-Volta Oriental, Waama-Tayari-Ditammari, Waama"
buli1254.csv,Africa590-AtlanticCongo-numerals-buli1254-1.csv,buli1254,buli1254,"Atlantic-Congo, Volta-Congo, North Volta-Congo, Gur, Central Gur, Northern Central Gur, Bwamu-Oti-Volta, Oti-Volta, Buli-Koma, Buli (Ghana)"
konn1242.csv,Africa591-AtlanticCongo-numerals-konn1242-1.csv,konn1242,konn1242,"Atlantic-Congo, Volta-Congo, North Volta-Congo, Gur, Central Gur, Northern Central Gur, Bwamu-Oti-Volta, Oti-Volta, Buli-Koma, Konni"
buam1238.csv,Africa592-AtlanticCongo-numerals-buam1238-1.csv,buam1238,buam1238,"Atlantic-Congo, Volta-Congo, North Volta-Congo, Gur, Central Gur, Northern Central Gur, Bwamu-Oti-Volta, Bwamu, Nuclear Bwamu, Buamu"
cwib1235.csv,Africa593-AtlanticCongo-numerals-cwib1235-1.csv,cwib1235,cwib1235,"Atlantic-Congo, Volta-Congo, North Volta-Congo, Gur, Central Gur, Northern Central Gur, Bwamu-Oti-Volta, Bwamu, Nuclear Bwamu, Cwi Bwamu"
laal1241.csv,Africa594-AtlanticCongo-numerals-laal1241-1.csv,laal1241,laal1241,"Atlantic-Congo, Volta-Congo, North Volta-Congo, Gur, Central Gur, Northern Central Gur, Bwamu-Oti-Volta, Bwamu, Nuclear Bwamu, Láá Láá Bwamu"
koro1298.csv,Africa595-AtlanticCongo-numerals-koro1298-1.csv,koro1298,koro1298,"Atlantic-Congo, Volta-Congo, North Volta-Congo, Gur, Central Gur, Northern Central Gur, Koromfé"
baat1238.csv,Africa596-AtlanticCongo-numerals-baat1238-2.csv,baat1238,baat1238,"Atlantic-Congo, Volta-Congo, North Volta-Congo, Gur, Central Gur, Southern Central Gur, Baatonum"
dyan1251.csv,Africa597-AtlanticCongo-numerals-dyan1251-1.csv,dyan1251,dyan1251,"Atlantic-Congo, Volta-Congo, North Volta-Congo, Gur, Central Gur, Southern Central Gur, Lobiri-Jaane, Dyan"
lobi1245.csv,Africa598-AtlanticCongo-numerals-lobi1245-1.csv,lobi1245,lobi1245,"Atlantic-Congo, Volta-Congo, North Volta-Congo, Gur, Central Gur, Southern Central Gur, Lobiri-Jaane, Lobi"
bago1245.csv,Africa599-AtlanticCongo-numerals-bago1245-1.csv,bago1245,bago1245,"Atlantic-Congo, Volta-Congo, North Volta-Congo, Gur, Central Gur, Southern Central Gur, Grusi, East-West Grusi, Eastern Grusi, Tem-Chala, Bago-Delo-Cala, Bago-Kusuntu"
chal1269.csv,Africa600-AtlanticCongo-numerals-chal1269-1.csv,chal1269,chal1269,"Atlantic-Congo, Volta-Congo, North Volta-Congo, Gur, Central Gur, Southern Central Gur, Grusi, East-West Grusi, Eastern Grusi, Tem-Chala, Bago-Delo-Cala, Delo-Cala, Chala"
delo1240.csv,Africa601-AtlanticCongo-numerals-delo1240-1.csv,delo1240,delo1240,"Atlantic-Congo, Volta-Congo, North Volta-Congo, Gur, Central Gur, Southern Central Gur, Grusi, East-West Grusi, Eastern Grusi, Tem-Chala, Bago-Delo-Cala, Delo-Cala, Delo"
numerals-temm1241-1.csv,Africa602-AtlanticCongo-numerals-temm1241-1.csv,temm1241,temm1241,"Atlantic-Congo, Volta-Congo, North Volta-Congo, Gur, Central Gur, Southern Central Gur, Grusi, East-West Grusi, Eastern Grusi, Tem-Chala, Tem"
kabi1261.csv,Africa603-AtlanticCongo-numerals-kabi1261-1.csv,kabi1261,kabi1261,"Atlantic-Congo, Volta-Congo, North Volta-Congo, Gur, Central Gur, Southern Central Gur, Grusi, East-West Grusi, Eastern Grusi, Kabiyeic, Kabiyé"
numerals-lukp1238-1.csv,Africa604-AtlanticCongo-numerals-lukp1238-1.csv,lukp1238,lukp1238,"Atlantic-Congo, Volta-Congo, North Volta-Congo, Gur, Central Gur, Southern Central Gur, Grusi, East-West Grusi, Eastern Grusi, Kabiyeic, Lukpa"
lama1275.csv,Africa605-AtlanticCongo-numerals-lama1275-1.csv,lama1275,lama1275,"Atlantic-Congo, Volta-Congo, North Volta-Congo, Gur, Central Gur, Southern Central Gur, Grusi, East-West Grusi, Eastern Grusi, Kabiyeic, Lama (Togo)"
chak1271.csv,Africa606-AtlanticCongo-numerals-chak1271-1.csv,chak1271,chak1271,"Atlantic-Congo, Volta-Congo, North Volta-Congo, Gur, Central Gur, Southern Central Gur, Grusi, East-West Grusi, Western Grusi, Sisaala-Chakali, Chakalic, Chakali-Tamprusi-Vagala, Chakali-Tamprusi, Chakali"
numerals-tamp1252-1.csv,Africa607-AtlanticCongo-numerals-tamp1252-1.csv,tamp1252,tamp1252,"Atlantic-Congo, Volta-Congo, North Volta-Congo, Gur, Central Gur, Southern Central Gur, Grusi, East-West Grusi, Western Grusi, Sisaala-Chakali, Chakalic, Chakali-Tamprusi-Vagala, Chakali-Tamprusi, Tampulma"
numerals-vagl1239-1.csv,Africa608-AtlanticCongo-numerals-vagl1239-1.csv,vagl1239,vagl1239,"Atlantic-Congo, Volta-Congo, North Volta-Congo, Gur, Central Gur, Southern Central Gur, Grusi, East-West Grusi, Western Grusi, Sisaala-Chakali, Chakalic, Chakali-Tamprusi-Vagala, Vagla"
degg1238.csv,Africa609-AtlanticCongo-numerals-degg1238-1.csv,degg1238,degg1238,"Atlantic-Congo, Volta-Congo, North Volta-Congo, Gur, Central Gur, Southern Central Gur, Grusi, East-West Grusi, Western Grusi, Sisaala-Chakali, Chakalic, Deg"
numerals-paas1238-1.csv,Africa610-AtlanticCongo-numerals-paas1238-1.csv,paas1238,paas1238,"Atlantic-Congo, Volta-Congo, North Volta-Congo, Gur, Central Gur, Southern Central Gur, Grusi, East-West Grusi, Western Grusi, Sisaala-Chakali, Sisaala, Paasaal"
numerals-tumu1242-1.csv,Africa611-AtlanticCongo-numerals-tumu1242-1.csv,tumu1242,tumu1242,"Atlantic-Congo, Volta-Congo, North Volta-Congo, Gur, Central Gur, Southern Central Gur, Grusi, East-West Grusi, Western Grusi, Sisaala-Chakali, Sisaala, Tumulung Sisaala"
numerals-siss1242-1.csv,Africa612-AtlanticCongo-numerals-siss1242-1.csv,siss1242,siss1242,"Atlantic-Congo, Volta-Congo, North Volta-Congo, Gur, Central Gur, Southern Central Gur, Grusi, East-West Grusi, Western Grusi, Sisaala-Chakali, Sisaala, Northwestern Sisaala, Sissala of Burkina Faso"
west2465.csv,Africa613-AtlanticCongo-numerals-west2465-1.csv,west2465,west2465,"Atlantic-Congo, Volta-Congo, North Volta-Congo, Gur, Central Gur, Southern Central Gur, Grusi, East-West Grusi, Western Grusi, Sisaala-Chakali, Sisaala, Northwestern Sisaala, Western Sisaala"
numerals-phui1238-1.csv,Africa614-AtlanticCongo-numerals-phui1238-1.csv,phui1238,phui1238,"Atlantic-Congo, Volta-Congo, North Volta-Congo, Gur, Central Gur, Southern Central Gur, Grusi, East-West Grusi, Western Grusi, Phuie"
numerals-winy1241-1.csv,Africa615-AtlanticCongo-numerals-winy1241-1.csv,winy1241,winy1241,"Atlantic-Congo, Volta-Congo, North Volta-Congo, Gur, Central Gur, Southern Central Gur, Grusi, East-West Grusi, Western Grusi, Winyé"
kase1253.csv,Africa616-AtlanticCongo-numerals-kase1253-1.csv,kase1253,kase1253,"Atlantic-Congo, Volta-Congo, North Volta-Congo, Gur, Central Gur, Southern Central Gur, Grusi, Northern Grusi, Nuna-Kasem, Kasem"
nort2784.csv,Africa617-AtlanticCongo-numerals-nort2784-1.csv,nort2784,nort2784,"Atlantic-Congo, Volta-Congo, North Volta-Congo, Gur, Central Gur, Southern Central Gur, Grusi, Northern Grusi, Nuna-Kasem, Nuni, Northern Nuni"
numerals-sout2795-1.csv,Africa618-AtlanticCongo-numerals-sout2795-1.csv,sout2795,sout2795,"Atlantic-Congo, Volta-Congo, North Volta-Congo, Gur, Central Gur, Southern Central Gur, Grusi, Northern Grusi, Nuna-Kasem, Nuni, Southern Nuni"
lyel1241.csv,Africa619-AtlanticCongo-numerals-lyel1241-1.csv,lyel1241,lyel1241,"Atlantic-Congo, Volta-Congo, North Volta-Congo, Gur, Central Gur, Southern Central Gur, Grusi, Northern Grusi, Lyélé"
numerals-pana1295-1.csv,Africa620-AtlanticCongo-numerals-pana1295-1.csv,pana1295,pana1295,"Atlantic-Congo, Volta-Congo, North Volta-Congo, Gur, Central Gur, Southern Central Gur, Grusi, Northern Grusi, Pana (Burkina Faso)"
dogo1295.csv,Africa621-AtlanticCongo-numerals-dogo1295-1.csv,dogo1295,dogo1295,"Atlantic-Congo, Volta-Congo, North Volta-Congo, Gur, Central Gur, Southern Central Gur, Kaansa-Dogose, Dogose-Khisa, Dogosé"
khis1238.csv,Africa622-AtlanticCongo-numerals-khis1238-1.csv,khis1238,khis1238,"Atlantic-Congo, Volta-Congo, North Volta-Congo, Gur, Central Gur, Southern Central Gur, Kaansa-Dogose, Dogose-Khisa, Khisa"
kaan1246.csv,Africa623-AtlanticCongo-numerals-kaan1246-1.csv,kaan1246,kaan1246,"Atlantic-Congo, Volta-Congo, North Volta-Congo, Gur, Central Gur, Southern Central Gur, Kaansa-Dogose, Kaansa"
cerm1238.csv,Africa624-AtlanticCongo-numerals-cerm1238-1.csv,cerm1238,cerm1238,"Atlantic-Congo, Volta-Congo, North Volta-Congo, Gur, Central Gur, Southern Central Gur, Kirma-Tyurama, Cerma"
numerals-turk1306-1.csv,Africa625-AtlanticCongo-numerals-turk1306-1.csv,turk1306,turk1306,"Atlantic-Congo, Volta-Congo, North Volta-Congo, Gur, Central Gur, Southern Central Gur, Kirma-Tyurama, Turka"
awak1250.csv,Africa626-AtlanticCongo-numerals-awak1250-1.csv,awak1250,awak1250,"Atlantic-Congo, Volta-Congo, North Volta-Congo, Gur, Central Gur, Tula-Longuda, Tula-Waja, Tulaic, Tula-Ma-Yebu, Awak-Kamo, Awak"
bang1348.csv,Africa627-AtlanticCongo-numerals-bang1348-2.csv,bang1348,bang1348,"Atlantic-Congo, Volta-Congo, North Volta-Congo, Gur, Central Gur, Tula-Longuda, Tula-Waja, Tulaic, Tula-Ma-Yebu, Nuclear Tulaic, Bangwinji"
dadi1249.csv,Africa628-AtlanticCongo-numerals-dadi1249-1.csv,dadi1249,dadi1249,"Atlantic-Congo, Volta-Congo, North Volta-Congo, Gur, Central Gur, Tula-Longuda, Tula-Waja, Tulaic, Tula-Ma-Yebu, Nuclear Tulaic, Dadiya"
numerals-tula1252-1.csv,Africa629-AtlanticCongo-numerals-tula1252-1.csv,tula1252,tula1252,"Atlantic-Congo, Volta-Congo, North Volta-Congo, Gur, Central Gur, Tula-Longuda, Tula-Waja, Tulaic, Tula-Ma-Yebu, Nuclear Tulaic, Tula"
diji1241.csv,Africa630-AtlanticCongo-numerals-diji1241-1.csv,diji1241,diji1241,"Atlantic-Congo, Volta-Congo, North Volta-Congo, Gur, Central Gur, Tula-Longuda, Tula-Waja, Tulaic, Dijim-Bwilim"
numerals-waja1259-1.csv,Africa631-AtlanticCongo-numerals-waja1259-1.csv,waja1259,waja1259,"Atlantic-Congo, Volta-Congo, North Volta-Congo, Gur, Central Gur, Tula-Longuda, Tula-Waja, Waja"
long1389.csv,Africa632-AtlanticCongo-numerals-long1389-1.csv,long1389,long1389,"Atlantic-Congo, Volta-Congo, North Volta-Congo, Gur, Central Gur, Tula-Longuda, Longuda"
numerals-tief1242-2.csv,Africa633-AtlanticCongo-numerals-tief1242-2.csv,tief1242,tief1242,"Atlantic-Congo, Volta-Congo, North Volta-Congo, Gur, Tiefoic, Tiefo-Daramandugu"
nort2787.csv,Africa634-AtlanticCongo-numerals-nort2787-1.csv,nort2787,nort2787,"Atlantic-Congo, Volta-Congo, North Volta-Congo, Gur, Tusia, Northern Toussian"
numerals-sout2797-1.csv,Africa635-AtlanticCongo-numerals-sout2797-1.csv,sout2797,sout2797,"Atlantic-Congo, Volta-Congo, North Volta-Congo, Gur, Tusia, Southern Toussian"
numerals-viem1243-1.csv,Africa636-AtlanticCongo-numerals-viem1243-1.csv,viem1243,viem1243,"Atlantic-Congo, Volta-Congo, North Volta-Congo, Gur, Viemo"
bond1246.csv,Africa637-AtlanticCongo-numerals-bond1246-2.csv,bond1246,bond1246,"Atlantic-Congo, Volta-Congo, North Volta-Congo, Gur, Kulango-Lorom, Kulango, Bondoukou Kulango"
boun1243.csv,Africa638-AtlanticCongo-numerals-boun1243-1.csv,boun1243,boun1243,"Atlantic-Congo, Volta-Congo, North Volta-Congo, Gur, Kulango-Lorom, Kulango, Bouna Kulango"
numerals-teen1242-1.csv,Africa639-AtlanticCongo-numerals-teen1242-1.csv,teen1242,teen1242,"Atlantic-Congo, Volta-Congo, North Volta-Congo, Gur, Kulango-Lorom, Teenic, Téén"
wara1292.csv,Africa640-AtlanticCongo-numerals-wara1292-1.csv,wara1292,wara1292,"Atlantic-Congo, Volta-Congo, North Volta-Congo, Gur, Samu, Samue"
ngba1285.csv,Africa641-AtlanticCongo-numerals-ngba1285-1.csv,ngba1285,ngba1285,"Atlantic-Congo, Volta-Congo, North Volta-Congo, Gbaya-Manza-Ngbaka, Gbaya Oriental, Gbanu-Manza-Ngbaka, Manza-Ngbaka, Ngbaka Minagende"
gban1260.csv,Africa642-AtlanticCongo-numerals-gban1260-1.csv,gban1260,gban1260,"Atlantic-Congo, Volta-Congo, North Volta-Congo, Gbaya-Manza-Ngbaka, Gbaya Oriental, Gbanu-Manza-Ngbaka, Gbanu"
gbay1281.csv,Africa643-AtlanticCongo-numerals-gbay1281-1.csv,gbay1281,gbay1281,"Atlantic-Congo, Volta-Congo, North Volta-Congo, Gbaya-Manza-Ngbaka, Gbaya Oriental, Mbodomo-Bofi, Gbaya-Mbodomo"
numerals-sout2785-1.csv,Africa644-AtlanticCongo-numerals-sout2785-1.csv,sout2785,sout2785,"Atlantic-Congo, Volta-Congo, North Volta-Congo, Gbaya-Manza-Ngbaka, Gbaya Meridional-Occidental, Gbaya Meridional, Southwest Gbaya"
nort2775.csv,Africa645-AtlanticCongo-numerals-nort2775-1.csv,nort2775,nort2775,"Atlantic-Congo, Volta-Congo, North Volta-Congo, Gbaya-Manza-Ngbaka, Gbaya Meridional-Occidental, Northwest Gbaya"
boko1261.csv,Africa646-AtlanticCongo-numerals-boko1261-1.csv,boko1261,boko1261,"Atlantic-Congo, Volta-Congo, North Volta-Congo, Gbaya-Manza-Ngbaka, Gbaya Meridional-Occidental, Bokoto-Gbeya, Bokoto"
gbay1287.csv,Africa647-AtlanticCongo-numerals-gbay1287-1.csv,gbay1287,gbay1287,"Atlantic-Congo, Volta-Congo, North Volta-Congo, Gbaya-Manza-Ngbaka, Gbaya Meridional-Occidental, Bokoto-Gbeya, Gbeya, Gbeya-Suma, Gbaya-Bossangoa"
kamm1249.csv,Africa648-AtlanticCongo-numerals-kamm1249-1.csv,kamm1249,kamm1249,"Atlantic-Congo, Volta-Congo, North Volta-Congo, Kam"
besm1235.csv,Africa649-AtlanticCongo-numerals-besm1235-1.csv,besm1235,besm1235,"Atlantic-Congo, Volta-Congo, North Volta-Congo, Bua-Kim-Day, Kim-Besme-Goundo, Besme"
kimm1246.csv,Africa650-AtlanticCongo-numerals-kimm1246-1.csv,kimm1246,kimm1246,"Atlantic-Congo, Volta-Congo, North Volta-Congo, Bua-Kim-Day, Kim-Besme-Goundo, Kim"
zang1249.csv,Africa651-AtlanticCongo-numerals-zang1249-1.csv,zang1249,zang1249,"Atlantic-Congo, Volta-Congo, North Volta-Congo, Bua-Kim-Day, Adamawa Bua, Inland Bua, Goulaic, Zan-Kulaalic, Zan Gula"
niel1243.csv,Africa652-AtlanticCongo-numerals-niel1243-1.csv,niel1243,niel1243,"Atlantic-Congo, Volta-Congo, North Volta-Congo, Bua-Kim-Day, Adamawa Bua, Riverine Bua, Bua-Lua, Niellim"
numerals-tuni1251-1.csv,Africa653-AtlanticCongo-numerals-tuni1251-1.csv,tuni1251,tuni1251,"Atlantic-Congo, Volta-Congo, North Volta-Congo, Bua-Kim-Day, Adamawa Bua, Riverine Bua, Tunia"
dayy1236.csv,Africa654-AtlanticCongo-numerals-dayy1236-1.csv,dayy1236,dayy1236,"Atlantic-Congo, Volta-Congo, North Volta-Congo, Bua-Kim-Day, Day"
kaan1247.csv,Africa655-AtlanticCongo-numerals-kaan1247-1.csv,kaan1247,kaan1247,"Atlantic-Congo, Volta-Congo, North Volta-Congo, Cameroun-Ubangian, Bena-Mboi, Kaan"
bura1271.csv,Africa656-AtlanticCongo-numerals-bura1271-1.csv,bura1271,bura1271,"Atlantic-Congo, Volta-Congo, North Volta-Congo, Cameroun-Ubangian, Bikwin-Jen, Northern Bikwin-Jen, Burak-Loo, Burak"
dzaa1238.csv,Africa657-AtlanticCongo-numerals-dzaa1238-1.csv,dzaa1238,dzaa1238,"Atlantic-Congo, Volta-Congo, North Volta-Congo, Cameroun-Ubangian, Bikwin-Jen, Southern Bikwin-Jen, Jen, Doso-Dza, Dza"
kwaa1262.csv,Africa658-AtlanticCongo-numerals-kwaa1262-1.csv,kwaa1262,kwaa1262,"Atlantic-Congo, Volta-Congo, North Volta-Congo, Cameroun-Ubangian, Baa"
bela1255.csv,Africa659-AtlanticCongo-numerals-bela1255-1.csv,bela1255,bela1255,"Atlantic-Congo, Volta-Congo, North Volta-Congo, Cameroun-Ubangian, Ubangi, Ubangi Ka, Sereic, Sere-Indri, Ndogoic, Bai-Viri, Belanda Viri"
ndog1248.csv,Africa660-AtlanticCongo-numerals-ndog1248-1.csv,ndog1248,ndog1248,"Atlantic-Congo, Volta-Congo, North Volta-Congo, Cameroun-Ubangian, Ubangi, Ubangi Ka, Sereic, Sere-Indri, Ndogoic, Ndogo"
baka1272.csv,Africa661-AtlanticCongo-numerals-baka1272-1.csv,baka1272,baka1272,"Atlantic-Congo, Volta-Congo, North Volta-Congo, Cameroun-Ubangian, Ubangi, Ubangi Ka, Mundu-Baka, Western Mundu-Baka, Baka-Gundi, Baka complex, Baka (Cameroon)"
lima1246.csv,Africa662-AtlanticCongo-numerals-lima1246-1.csv,lima1246,lima1246,"Atlantic-Congo, Volta-Congo, North Volta-Congo, Cameroun-Ubangian, Ubangi, Ubangi Ka, Mundu-Baka, Western Mundu-Baka, Baka-Gundi, Limassa"
gban1258.csv,Africa663-AtlanticCongo-numerals-gban1258-1.csv,gban1258,gban1258,"Atlantic-Congo, Volta-Congo, North Volta-Congo, Cameroun-Ubangian, Ubangi, Ubangi Ka, Mundu-Baka, Western Mundu-Baka, River Western Mundu-Baka, Gbanziri-Boraka"
ngba1284.csv,Africa664-AtlanticCongo-numerals-ngba1284-1.csv,ngba1284,ngba1284,"Atlantic-Congo, Volta-Congo, North Volta-Congo, Cameroun-Ubangian, Ubangi, Ubangi Ka, Mundu-Baka, Western Mundu-Baka, River Western Mundu-Baka, Bwaka, Ngbaka Ma'bo"
monz1249.csv,Africa665-AtlanticCongo-numerals-monz1249-1.csv,monz1249,monz1249,"Atlantic-Congo, Volta-Congo, North Volta-Congo, Cameroun-Ubangian, Ubangi, Ubangi Ka, Mundu-Baka, Western Mundu-Baka, River Western Mundu-Baka, Monzomboic, Monzombo"
numerals-mayo1261-1.csv,Africa666-AtlanticCongo-numerals-mayo1261-1.csv,mayo1261,mayo1261,"Atlantic-Congo, Volta-Congo, North Volta-Congo, Cameroun-Ubangian, Ubangi, Ubangi Ka, Mundu-Baka, Eastern Mundu-Baka, Mayogo-Bangba, Mayogo"
mund1326.csv,Africa667-AtlanticCongo-numerals-mund1326-1.csv,mund1326,mund1326,"Atlantic-Congo, Volta-Congo, North Volta-Congo, Cameroun-Ubangian, Ubangi, Ubangi Ka, Mundu-Baka, Eastern Mundu-Baka, Mündü"
dong1290.csv,Africa668-AtlanticCongo-numerals-dong1290-1.csv,dong1290,dong1290,"Atlantic-Congo, Volta-Congo, North Volta-Congo, Cameroun-Ubangian, Ubangi, Ubangi Ka, Mbaic, Ndunga-Mba-Dongo, Dongo"
mbaa1245.csv,Africa669-AtlanticCongo-numerals-mbaa1245-1.csv,mbaa1245,mbaa1245,"Atlantic-Congo, Volta-Congo, North Volta-Congo, Cameroun-Ubangian, Ubangi, Ubangi Ka, Mbaic, Ndunga-Mba-Dongo, Ndunga-Mba, Mba"
band1344.csv,Africa670-AtlanticCongo-numerals-band1344-1.csv,band1344,band1344,"Atlantic-Congo, Volta-Congo, North Volta-Congo, Cameroun-Ubangian, Ubangi, Ubangi Ka, Bandaic, Nuclear Bandaic, Central Bandaic, Core Central Bandaic, Lindaic, Banda-Bambari"
mono1270.csv,Africa671-AtlanticCongo-numerals-mono1270-1.csv,mono1270,mono1270,"Atlantic-Congo, Volta-Congo, North Volta-Congo, Cameroun-Ubangian, Ubangi, Ubangi Ka, Bandaic, Nuclear Bandaic, Central Bandaic, Core Central Bandaic, Mono (Democratic Republic of Congo)"
lang1318.csv,Africa672-AtlanticCongo-numerals-lang1318-1.csv,lang1318,lang1318,"Atlantic-Congo, Volta-Congo, North Volta-Congo, Cameroun-Ubangian, Ubangi, Ubangi Ka, Bandaic, Nuclear Bandaic, Southwest Bandaic, Ngbugu-Langbasi, Langbashe"
numerals-sout2787-2.csv,Africa673-AtlanticCongo-numerals-sout2787-2.csv,sout2787,sout2787,"Atlantic-Congo, Volta-Congo, North Volta-Congo, Cameroun-Ubangian, Ubangi, Ubangi Ka, Bandaic, Nuclear Bandaic, Southwest Bandaic, Ngbugu-Langbasi, South Central Banda"
mban1263.csv,Africa674-AtlanticCongo-numerals-mban1263-1.csv,mban1263,mban1263,"Atlantic-Congo, Volta-Congo, North Volta-Congo, Cameroun-Ubangian, Ubangi, Ubangi Ka, Bandaic, Nuclear Bandaic, Southwest Bandaic, Central North West Bandaic, Mbandja"
west2458.csv,Africa675-AtlanticCongo-numerals-west2458-1.csv,west2458,west2458,"Atlantic-Congo, Volta-Congo, North Volta-Congo, Cameroun-Ubangian, Ubangi, Ubangi Ka, Bandaic, Nuclear Bandaic, Southwest Bandaic, Central North West Bandaic, West Central Banda"
nzak1247.csv,Africa676-AtlanticCongo-numerals-nzak1247-1.csv,nzak1247,nzak1247,"Atlantic-Congo, Volta-Congo, North Volta-Congo, Cameroun-Ubangian, Ubangi, Zandic, Zande-Nzakara, Nzakara"
zand1248.csv,Africa677-AtlanticCongo-numerals-zand1248-1.csv,zand1248,zand1248,"Atlantic-Congo, Volta-Congo, North Volta-Congo, Cameroun-Ubangian, Ubangi, Zandic, Zande-Nzakara, Zande"
numerals-yako1252-1.csv,Africa678-AtlanticCongo-numerals-yako1252-1.csv,yako1252,yako1252,"Atlantic-Congo, Volta-Congo, North Volta-Congo, Cameroun-Ubangian, Ubangi, Ngbandi-Mongoba-Kazibati, Ngbandic, Nuclear Ngbandic, Yakoma"
nort2774.csv,Africa679-AtlanticCongo-numerals-nort2774-1.csv,nort2774,nort2774,"Atlantic-Congo, Volta-Congo, North Volta-Congo, Cameroun-Ubangian, Ubangi, Ngbandi-Mongoba-Kazibati, Ngbandic, Nuclear Ngbandic, Northern Ngbandi"
numerals-sout2784-1.csv,Africa680-AtlanticCongo-numerals-sout2784-1.csv,sout2784,sout2784,"Atlantic-Congo, Volta-Congo, North Volta-Congo, Cameroun-Ubangian, Ubangi, Ngbandi-Mongoba-Kazibati, Ngbandic, Nuclear Ngbandic, Southern Ngbandi"
numerals-mamb1294-1.csv,Africa681-AtlanticCongo-numerals-mamb1294-1.csv,mamb1294,mamb1294,"Atlantic-Congo, Volta-Congo, North Volta-Congo, Cameroun-Ubangian, Mbumic, Northern Mbum, Tupuri-Mundang-Mambai, Mambai"
mund1325.csv,Africa682-AtlanticCongo-numerals-mund1325-1.csv,mund1325,mund1325,"Atlantic-Congo, Volta-Congo, North Volta-Congo, Cameroun-Ubangian, Mbumic, Northern Mbum, Tupuri-Mundang-Mambai, Mundangic, Mundang"
numerals-tupu1244-1.csv,Africa683-AtlanticCongo-numerals-tupu1244-1.csv,tupu1244,tupu1244,"Atlantic-Congo, Volta-Congo, North Volta-Congo, Cameroun-Ubangian, Mbumic, Northern Mbum, Tupuri-Mundang-Mambai, Tupuri"
kara1478.csv,Africa684-AtlanticCongo-numerals-kara1478-1.csv,kara1478,kara1478,"Atlantic-Congo, Volta-Congo, North Volta-Congo, Cameroun-Ubangian, Mbumic, Central Mbum, Karangic, Karang"
numerals-pana1293-1.csv,Africa685-AtlanticCongo-numerals-pana1293-1.csv,pana1293,pana1293,"Atlantic-Congo, Volta-Congo, North Volta-Congo, Cameroun-Ubangian, Mbumic, Central Mbum, Karangic, Kare-Pana, Pana (Central African Republic)"
nzak1246.csv,Africa686-AtlanticCongo-numerals-nzak1246-1.csv,nzak1246,nzak1246,"Atlantic-Congo, Volta-Congo, North Volta-Congo, Cameroun-Ubangian, Mbumic, Central Mbum, Karangic, Nzakambay"
kuoo1238.csv,Africa687-AtlanticCongo-numerals-kuoo1238-1.csv,kuoo1238,kuoo1238,"Atlantic-Congo, Volta-Congo, North Volta-Congo, Cameroun-Ubangian, Mbumic, Central Mbum, Kuo"
numerals-mbum1254-1.csv,Africa688-AtlanticCongo-numerals-mbum1254-1.csv,mbum1254,mbum1254,"Atlantic-Congo, Volta-Congo, North Volta-Congo, Cameroun-Ubangian, Mbumic, Mbum"
numerals-bali1245-1.csv,Africa689-AtlanticCongo-numerals-bali1245-1.csv,bali1245,bali1245,"Atlantic-Congo, Volta-Congo, North Volta-Congo, Cameroun-Ubangian, Central Adamawa, Mumuye-Yandang, Yandangic, Bali-Kpasam, Bali (Nigeria)"
kpas1242.csv,Africa690-AtlanticCongo-numerals-kpas1242-1.csv,kpas1242,kpas1242,"Atlantic-Congo, Volta-Congo, North Volta-Congo, Cameroun-Ubangian, Central Adamawa, Mumuye-Yandang, Yandangic, Bali-Kpasam, Kpasam"
yend1241.csv,Africa691-AtlanticCongo-numerals-yend1241-1.csv,yend1241,yend1241,"Atlantic-Congo, Volta-Congo, North Volta-Congo, Cameroun-Ubangian, Central Adamawa, Mumuye-Yandang, Yandangic, Waka-Yendang-Teme, Waka-Yandang, Yendang"
nucl1240.csv,Africa692-AtlanticCongo-numerals-nucl1240-1.csv,nucl1240,nucl1240,"Atlantic-Congo, Volta-Congo, North Volta-Congo, Cameroun-Ubangian, Central Adamawa, Mumuye-Yandang, Mumuyic, Mumuye"
diii1241.csv,Africa693-AtlanticCongo-numerals-diii1241-1.csv,diii1241,diii1241,"Atlantic-Congo, Volta-Congo, North Volta-Congo, Cameroun-Ubangian, Central Adamawa, Samba-Duru, Southern Samba-Duru, Diic, Dii"
numerals-duup1238-1.csv,Africa694-AtlanticCongo-numerals-duup1238-1.csv,duup1238,duup1238,"Atlantic-Congo, Volta-Congo, North Volta-Congo, Cameroun-Ubangian, Central Adamawa, Samba-Duru, Southern Samba-Duru, Diic, Duupa"
dugu1248.csv,Africa695-AtlanticCongo-numerals-dugu1248-1.csv,dugu1248,dugu1248,"Atlantic-Congo, Volta-Congo, North Volta-Congo, Cameroun-Ubangian, Central Adamawa, Samba-Duru, Southern Samba-Duru, Diic, Dugun"
numerals-peer1241-1.csv,Africa696-AtlanticCongo-numerals-peer1241-1.csv,peer1241,peer1241,"Atlantic-Congo, Volta-Congo, North Volta-Congo, Cameroun-Ubangian, Central Adamawa, Samba-Duru, Southern Samba-Duru, Peere"
kolb1240.csv,Africa697-AtlanticCongo-numerals-kolb1240-1.csv,kolb1240,kolb1240,"Atlantic-Congo, Volta-Congo, North Volta-Congo, Cameroun-Ubangian, Central Adamawa, Samba-Duru, Southern Samba-Duru, Sambaic, Kolbila"
numerals-samb1305-1.csv,Africa698-AtlanticCongo-numerals-samb1305-1.csv,samb1305,samb1305,"Atlantic-Congo, Volta-Congo, North Volta-Congo, Cameroun-Ubangian, Central Adamawa, Samba-Duru, Southern Samba-Duru, Sambaic, Samba-Leko-Perema-Mumbake, Samba Leko"
long1387.csv,Africa699-AtlanticCongo-numerals-long1387-1.csv,long1387,long1387,"Atlantic-Congo, Volta-Congo, North Volta-Congo, Cameroun-Ubangian, Central Adamawa, Samba-Duru, Southern Samba-Duru, Longto"
doya1240.csv,Africa700-AtlanticCongo-numerals-doya1240-1.csv,doya1240,doya1240,"Atlantic-Congo, Volta-Congo, North Volta-Congo, Cameroun-Ubangian, Central Adamawa, Samba-Duru, Northern Samba-Duru, Doyayo"
gimm1241.csv,Africa701-AtlanticCongo-numerals-gimm1241-2.csv,gimm1241,gimm1241,"Atlantic-Congo, Volta-Congo, North Volta-Congo, Cameroun-Ubangian, Central Adamawa, Samba-Duru, Northern Samba-Duru, Vere-Gimme, Koma Alantika, Gimme"
koma1266.csv,Africa702-AtlanticCongo-numerals-koma1266-1.csv,koma1266,koma1266,"Atlantic-Congo, Volta-Congo, North Volta-Congo, Cameroun-Ubangian, Central Adamawa, Samba-Duru, Northern Samba-Duru, Vere-Gimme, Vere, Koma Ndera"
momj1237.csv,Africa703-AtlanticCongo-numerals-momj1237-1.csv,momj1237,momj1237,"Atlantic-Congo, Volta-Congo, North Volta-Congo, Cameroun-Ubangian, Central Adamawa, Samba-Duru, Northern Samba-Duru, Vere-Gimme, Vere, Mom Jango"
ceba1235.csv,Africa704-AtlanticCongo-numerals-ceba1235-1.csv,ceba1235,ceba1235,"Atlantic-Congo, Volta-Congo, North Volta-Congo, Senufo, Senari"
nyar1245.csv,Africa705-AtlanticCongo-numerals-nyar1245-1.csv,nyar1245,nyar1245,"Atlantic-Congo, Volta-Congo, North Volta-Congo, Senufo, South Senufo, Nyarafolo Senoufo"
numerals-pala1342-1.csv,Africa706-AtlanticCongo-numerals-pala1342-1.csv,pala1342,pala1342,"Atlantic-Congo, Volta-Congo, North Volta-Congo, Senufo, South Senufo, Palaka Senoufo"
djim1235.csv,Africa707-AtlanticCongo-numerals-djim1235-1.csv,djim1235,djim1235,"Atlantic-Congo, Volta-Congo, North Volta-Congo, Senufo, South Senufo, Tagbana-Jimini, Djimini Senoufo"
numerals-tagw1240-1.csv,Africa708-AtlanticCongo-numerals-tagw1240-1.csv,tagw1240,tagw1240,"Atlantic-Congo, Volta-Congo, North Volta-Congo, Senufo, South Senufo, Tagbana-Jimini, Tagwana Senoufo"
nafa1258.csv,Africa709-AtlanticCongo-numerals-nafa1258-1.csv,nafa1258,nafa1258,"Atlantic-Congo, Volta-Congo, North Volta-Congo, Senufo, South Senufo, Nafanan"
numerals-mama1271-1.csv,Africa710-AtlanticCongo-numerals-mama1271-1.csv,mama1271,mama1271,"Atlantic-Congo, Volta-Congo, North Volta-Congo, Senufo, North Senufo, Mamara Senoufo"
numerals-sici1249-1_edited.csv,Africa711-AtlanticCongo-numerals-sici1249-1.csv,sici1249,sici1249,"Atlantic-Congo, Volta-Congo, North Volta-Congo, Senufo, North Senufo, Supyiric, Sìcìté Sénoufo"
numerals-shem1239-1.csv,Africa712-AtlanticCongo-numerals-shem1239-1.csv,shem1239,supy1237,"Atlantic-Congo, Volta-Congo, North Volta-Congo, Senufo, North Senufo, Supyiric, Supyire Senoufo"
east2398.csv,Africa713-AtlanticCongo-numerals-east2398-2.csv,east2398,east2398,"Atlantic-Congo, Volta-Congo, North Volta-Congo, Senufo, Karaboro, Eastern Karaboro"
west2466.csv,Africa714-AtlanticCongo-numerals-west2466-1.csv,west2466,west2466,"Atlantic-Congo, Volta-Congo, North Volta-Congo, Senufo, Karaboro, Western Karaboro"
leha1242.csv,Africa715-AtlanticCongo-numerals-leha1242-1.csv,leha1242,leha1242,"Atlantic-Congo, Cangin, Saafi-Noon-Lehar, Noon-Lehar, Lehar"
noon1242.csv,Africa716-AtlanticCongo-numerals-noon1242-1.csv,noon1242,noon1242,"Atlantic-Congo, Cangin, Saafi-Noon-Lehar, Noon-Lehar, Noon"
numerals-saaf1238-1.csv,Africa717-AtlanticCongo-numerals-saaf1238-1.csv,saaf1238,saaf1238,"Atlantic-Congo, Cangin, Saafi-Noon-Lehar, Saafi-Saafi"
numerals-ndut1239-1.csv,Africa718-AtlanticCongo-numerals-ndut1239-1.csv,ndut1239,ndut1239,"Atlantic-Congo, Cangin, Palor-Ndut, Ndut"
numerals-palo1243-1.csv,Africa719-AtlanticCongo-numerals-palo1243-1.csv,palo1243,palo1243,"Atlantic-Congo, Cangin, Palor-Ndut, Palor"
numerals-adam1253-1.csv,Africa720-AtlanticCongo-numerals-adam1253-1.csv,adam1253,adam1253,"Atlantic-Congo, North-Central Atlantic, Fula-Sereer, Fula, Eastern Fula, Adamawa-Bagirmi Fulfulde, Adamawa Fulfulde"
cent2018.csv,Africa721-AtlanticCongo-numerals-cent2018-1.csv,cent2018,cent2018,"Atlantic-Congo, North-Central Atlantic, Fula-Sereer, Fula, Eastern Fula, Central-Eastern Niger Fulfulde"
numerals-maas1239-1.csv,Africa722-AtlanticCongo-numerals-maas1239-1.csv,maas1239,maas1239,"Atlantic-Congo, North-Central Atlantic, Fula-Sereer, Fula, Maasina Fulfulde"
numerals-pula1262-1.csv,Africa723-AtlanticCongo-numerals-pula1262-1.csv,pula1262,pula1262,"Atlantic-Congo, North-Central Atlantic, Fula-Sereer, Fula, Pular"
numerals-pula1263-1.csv,Africa724-AtlanticCongo-numerals-pula1263-1.csv,pula1263,pula1263,"Atlantic-Congo, North-Central Atlantic, Fula-Sereer, Fula, Pulaar"
numerals-west2454-1.csv,Africa725-AtlanticCongo-numerals-west2454-1.csv,west2454,west2454,"Atlantic-Congo, North-Central Atlantic, Fula-Sereer, Fula, Western Niger Fulfulde"
numerals-sere1260-1.csv,Africa726-AtlanticCongo-numerals-sere1260-1.csv,sere1260,sere1260,"Atlantic-Congo, North-Central Atlantic, Fula-Sereer, Sereer"
mbul1258.csv,Africa727-AtlanticCongo-numerals-mbul1258-1.csv,mbul1258,mbul1258,"Atlantic-Congo, North-Central Atlantic, Naluic, Mbulungish"
nalu1240.csv,Africa728-AtlanticCongo-numerals-nalu1240-1.csv,nalu1240,nalu1240,"Atlantic-Congo, North-Central Atlantic, Naluic, Nalu"
bayo1255.csv,Africa729-AtlanticCongo-numerals-bayo1255-1.csv,bayo1255,bayo1255,"Atlantic-Congo, North-Central Atlantic, Central Atlantic, Bak, Joola-Manjaku, Jola, Bayot, Kugere-Kuxinge"
karo1294.csv,Africa730-AtlanticCongo-numerals-karo1294-1.csv,karo1294,karo1294,"Atlantic-Congo, North-Central Atlantic, Central Atlantic, Bak, Joola-Manjaku, Jola, FH-Jola, PF-Jola, Kwatay-Karon-Mlomp, Karon-Mlomp, Karon"
kuwa1246.csv,Africa731-AtlanticCongo-numerals-kuwa1246-1.csv,kuwa1246,kuwa1246,"Atlantic-Congo, North-Central Atlantic, Central Atlantic, Bak, Joola-Manjaku, Jola, FH-Jola, PF-Jola, Kwatay-Karon-Mlomp, Kuwaataay"
jola1262.csv,Africa732-AtlanticCongo-numerals-jola1262-1.csv,jola1262,jola1262,"Atlantic-Congo, North-Central Atlantic, Central Atlantic, Bak, Joola-Manjaku, Jola, FH-Jola, Jola-Esulalu"
band1340.csv,Africa733-AtlanticCongo-numerals-band1340-1.csv,band1340,band1340,"Atlantic-Congo, North-Central Atlantic, Central Atlantic, Bak, Joola-Manjaku, Jola, Gusilay-Bandial, Bandial"
gusi1246.csv,Africa734-AtlanticCongo-numerals-gusi1246-1.csv,gusi1246,gusi1246,"Atlantic-Congo, North-Central Atlantic, Central Atlantic, Bak, Joola-Manjaku, Jola, Gusilay-Bandial, Gusilay"
jola1263.csv,Africa735-AtlanticCongo-numerals-jola1263-1.csv,jola1263,jola1263,"Atlantic-Congo, North-Central Atlantic, Central Atlantic, Bak, Joola-Manjaku, Jola, Jola-Fonyi"
numerals-pape1239-1.csv,Africa736-AtlanticCongo-numerals-pape1239-1.csv,pape1239,pape1239,"Atlantic-Congo, North-Central Atlantic, Central Atlantic, Bak, Joola-Manjaku, Manjaku-Mankanya-Pepel, Cur-Bok-Cotier, Papel"
mank1251.csv,Africa737-AtlanticCongo-numerals-mank1251-1.csv,mank1251,mank1251,"Atlantic-Congo, North-Central Atlantic, Central Atlantic, Bak, Joola-Manjaku, Manjaku-Mankanya-Pepel, Mankanya"
bala1301.csv,Africa738-AtlanticCongo-numerals-bala1301-1.csv,bala1301,bala1301,"Atlantic-Congo, North-Central Atlantic, Central Atlantic, Bak, Balanta, Balanta-Kentohe"
numerals-bala1302-1.csv,Africa739-AtlanticCongo-numerals-bala1302-1.csv,bala1302,bala1302,"Atlantic-Congo, North-Central Atlantic, Central Atlantic, Bak, Balanta, Balanta-Ganja"
numerals-bidy1244-1.csv,Africa740-AtlanticCongo-numerals-bidy1244-1.csv,bidy1244,bidy1244,"Atlantic-Congo, North-Central Atlantic, Central Atlantic, Bijogo, Kanyaki-Kagbaaga-Kajoko Bidyogo"
bady1239.csv,Africa741-AtlanticCongo-numerals-bady1239-1.csv,bady1239,bady1239,"Atlantic-Congo, North-Central Atlantic, Jaad, Jaad-Badyara"
biaf1240.csv,Africa742-AtlanticCongo-numerals-biaf1240-1.csv,biaf1240,biaf1240,"Atlantic-Congo, North-Central Atlantic, Jaad, Biafada"
numerals-bain1261-1.csv,Africa743-AtlanticCongo-numerals-bain1261-1.csv,bain1261,bain1261,"Atlantic-Congo, North-Central Atlantic, Wolof-BKK, Nyun, Bainounk, Bainouk-Gunyaamolo-Gutobor"
numerals-kasa1248-1.csv,Africa744-AtlanticCongo-numerals-kasa1248-1.csv,kasa1248,kasa1248,"Atlantic-Congo, North-Central Atlantic, Wolof-BKK, Nyun, Buy, Kasanga"
numerals-kobi1241-1.csv,Africa745-AtlanticCongo-numerals-kobi1241-1.csv,kobi1241,kobi1241,"Atlantic-Congo, North-Central Atlantic, Wolof-BKK, Nyun, Buy, Kobiana"
numerals-nucl1347-1.csv,Africa746-AtlanticCongo-numerals-nucl1347-1.csv,nucl1347,nucl1347,"Atlantic-Congo, North-Central Atlantic, Wolof-BKK, Wolofic, Wolof"
numerals-bass1258-1.csv,Africa747-AtlanticCongo-numerals-bass1258-1.csv,bass1258,bass1258,"Atlantic-Congo, North-Central Atlantic, Tenda, Bassari-Bedik-Bapen, Bassari-Tanda"
numerals-bedi1235-1.csv,Africa748-AtlanticCongo-numerals-bedi1235-1.csv,bedi1235,bedi1235,"Atlantic-Congo, North-Central Atlantic, Tenda, Bassari-Bedik-Bapen, Bedik-Bapen, Bedik"
numerals-wame1240-1.csv,Africa749-AtlanticCongo-numerals-wame1240-1.csv,wame1240,wame1240,"Atlantic-Congo, North-Central Atlantic, Tenda, Wamey"
baga1270.csv,Africa750-AtlanticCongo-numerals-baga1270-1.csv,baga1270,baga1270,"Atlantic-Congo, Mel, Northern Mel, Baga Manduri"
baga1272.csv,Africa751-AtlanticCongo-numerals-baga1272-1.csv,baga1272,baga1272,"Atlantic-Congo, Mel, Northern Mel, Baga Sitemu"
land1256.csv,Africa752-AtlanticCongo-numerals-land1256-1.csv,land1256,land1256,"Atlantic-Congo, Mel, Northern Mel, Landoma"
numerals-timn1235.csv,Africa753-AtlanticCongo-numerals-timn1235-1.csv,timn1235,timn1235,"Atlantic-Congo, Mel, Northern Mel, Timne"
krim1238.csv,Africa754-AtlanticCongo-numerals-krim1238-1.csv,krim1238,bomk1234,"Atlantic-Congo, Mel, Southern Mel, Bullom, Northern Bullom, Bom-Kim"
bull1247.csv,Africa755-AtlanticCongo-numerals-bull1247-1.csv,bull1247,bull1247,"Atlantic-Congo, Mel, Southern Mel, Bullom, Northern Bullom, Bullom So"
sher1258.csv,Africa756-AtlanticCongo-numerals-sher1258-1.csv,sher1258,sher1258,"Atlantic-Congo, Mel, Southern Mel, Bullom, Sherbro"
sout2778.csv,Africa757-AtlanticCongo-numerals-sout2778-1.csv,sout2778,sout2778,"Atlantic-Congo, Mel, Southern Mel, Kissi, Southern Kisi"
mans1259.csv,Africa758-AtlanticCongo-numerals-mans1259-1.csv,mans1259,mans1259,"Atlantic-Congo, Mansoanka"
east2387.csv,Africa759-AtlanticCongo-numerals-east2387-1.csv,east2387,east2387,"Atlantic-Congo, Limba, East Limba"
west2450.csv,Africa760-AtlanticCongo-numerals-west2450-1.csv,west2450,west2450,"Atlantic-Congo, Limba, West-Central Limba"
gola1255.csv,Africa761-AtlanticCongo-numerals-gola1255-1.csv,gola1255,gola1255,"Atlantic-Congo, Gola"
numerals-bakw1243-1.csv,Africa762-Kru-numerals-bakw1243-1.csv,bakw1243,bakw1243,"Kru, Eastern Kru, Bakwe-Wane, Bakwé"
numerals-wane1242-1.csv,Africa763-Kru-numerals-wane1242-1.csv,wane1242,wane1242,"Kru, Eastern Kru, Bakwe-Wane, Wané"
numerals-dalo1238-1.csv,Africa764-Kru-numerals-dalo1238-1.csv,dalo1238,dalo1238,"Kru, Eastern Kru, Beteic, Western Bete, Daloa Bété"
numerals-godi1239-1.csv,Africa765-Kru-numerals-godi1239-1.csv,godi1239,godi1239,"Kru, Eastern Kru, Beteic, Western Bete, Godié"
numerals-soub1242-1.csv,Africa766-Kru-numerals-soub1242-1.csv,soub1242,guib1246,"Kru, Eastern Kru, Beteic, Western Bete, Guiberoua Béte"
numerals-gagn1235-1.csv,Africa767-Kru-numerals-gagn1235-1.csv,gagn1235,gagn1235,"Kru, Eastern Kru, Beteic, Eastern Bete, Gagnoa Bété"
numerals-kouy1238-1.csv,Africa768-Kru-numerals-kouy1238-1.csv,kouy1238,kouy1238,"Kru, Eastern Kru, Beteic, Eastern Bete, Kouya"
numerals-lako1244-1.csv,Africa769-Kru-numerals-lako1244-1.csv,lako1244,lako1244,"Kru, Eastern Kru, Neyo-Dida, Dida, Guebie-Lakota Dida, Lakota Dida"
numerals-yoco1235-1.csv,Africa770-Kru-numerals-yoco1235-1.csv,yoco1235,yoco1235,"Kru, Eastern Kru, Neyo-Dida, Dida, Yocoboué Dida"
numerals-neyo1238-1.csv,Africa771-Kru-numerals-neyo1238-1.csv,neyo1238,neyo1238,"Kru, Eastern Kru, Neyo-Dida, Neyo"
numerals-kodi1246-1.csv,Africa772-Kru-numerals-kodi1246-1.csv,kodi1246,kodi1246,"Kru, Eastern Kru, Unclassified Eastern Kru, Kodia"
numerals-barc1235-1.csv,Africa773-Kru-numerals-barc1235-1.csv,barc1235,barc1235,"Kru, Greater Western Kru, Western Kru, Grebo-Aizi, Grebo, Liberian Grebo, North-Central Liberian Grebo, Barclayville-Gboloo-Central Liberian Grebo, Barclayville Grebo"
numerals-cent2041-1.csv,Africa774-Kru-numerals-cent2041-1.csv,cent2041,cent2041,"Kru, Greater Western Kru, Western Kru, Grebo-Aizi, Grebo, Liberian Grebo, North-Central Liberian Grebo, Barclayville-Gboloo-Central Liberian Grebo, Gboloo-Central Grebo, Central Grebo"
numerals-nort2810-1.csv,Africa775-Kru-numerals-nort2810-1.csv,nort2810,nort2810,"Kru, Greater Western Kru, Western Kru, Grebo-Aizi, Grebo, Liberian Grebo, North-Central Liberian Grebo, Northern Grebo"
numerals-tepo1239-1.csv,Africa776-Kru-numerals-tepo1239-1.csv,tepo1239,tepo1239,"Kru, Greater Western Kru, Western Kru, Grebo-Aizi, Grebo, Ivorian Grebo, Tepo-Plapo, Tepo Krumen"
numerals-pyek1235-1.csv,Africa777-Kru-numerals-pyek1235-1.csv,pyek1235,pyek1235,"Kru, Greater Western Kru, Western Kru, Grebo-Aizi, Grebo, Ivorian Grebo, Pye Krumen"
numerals-glio1241-1.csv,Africa778-Kru-numerals-glio1241-1.csv,glio1241,glio1241,"Kru, Greater Western Kru, Western Kru, Grebo-Aizi, Grebo, Ivorian Grebo, Glio-Oubi"
numerals-tiag1235-1.csv,Africa779-Kru-numerals-tiag1235-1.csv,tiag1235,tiag1235,"Kru, Greater Western Kru, Western Kru, Grebo-Aizi, Aizi, Tiagbamrin Aizi"
numerals-dewo1238-1.csv,Africa780-Kru-numerals-dewo1238-1.csv,dewo1238,dewo1238,"Kru, Greater Western Kru, Western Kru, Wee-Bassa-Klao, Bassa-Klao, Bassaic, Dewoin"
numerals-gbii1242-1.csv,Africa781-Kru-numerals-gbii1242-1.csv,gbii1242,gbii1242,"Kru, Greater Western Kru, Western Kru, Wee-Bassa-Klao, Bassa-Klao, Bassaic, Bassa-Gbee, Gbii"
numerals-nucl1418-1.csv,Africa782-Kru-numerals-nucl1418-1.csv,nucl1418,nucl1418,"Kru, Greater Western Kru, Western Kru, Wee-Bassa-Klao, Bassa-Klao, Bassaic, Bassa-Gbee, Bassa"
numerals-klao1243-1.csv,Africa783-Kru-numerals-klao1243-1.csv,klao1243,klao1243,"Kru, Greater Western Kru, Western Kru, Wee-Bassa-Klao, Bassa-Klao, Klao-Tajuasohn, Klao"
numerals-taju1238-1.csv,Africa784-Kru-numerals-taju1238-1.csv,taju1238,taju1238,"Kru, Greater Western Kru, Western Kru, Wee-Bassa-Klao, Bassa-Klao, Klao-Tajuasohn, Tajuasohn"
numerals-sapo1251-1.csv,Africa785-Kru-numerals-sapo1251-1.csv,sapo1251,sapo1251,"Kru, Greater Western Kru, Western Kru, Wee-Bassa-Klao, Wee, Nuclear Wee, Guere-Krahn, Sapo"
numerals-west2488-1.csv,Africa786-Kru-numerals-west2488-1.csv,west2488,west2488,"Kru, Greater Western Kru, Western Kru, Wee-Bassa-Klao, Wee, Nuclear Wee, Guere-Krahn, Western Krahn"
numerals-weno1238-1.csv,Africa787-Kru-numerals-weno1238-1.csv,weno1238,weno1238,"Kru, Greater Western Kru, Western Kru, Wee-Bassa-Klao, Wee, Nuclear Wee, Guere-Krahn, Wobe-Wè Northern"
numerals-nyab1255-1.csv,Africa788-Kru-numerals-nyab1255-1.csv,nyab1255,nyab1255,"Kru, Greater Western Kru, Western Kru, Wee-Bassa-Klao, Wee, Nuclear Wee, Nyabwa"
numerals-kuwa1247-1.csv,Africa789-Kru-numerals-kuwa1247-1.csv,kuwa1247,kuwa1247,"Kru, Greater Western Kru, Kuwaa"
numerals-siam1242-1.csv,Africa790-isolate-Siamou-numerals-siam1242-1.csv,siam1242,siam1242,[isolate]: Siamou
numerals-ampa1238-1.csv,Africa791-Dogon-numerals-ampa1238-1.csv,ampa1238,ampa1238,"Dogon, West Dogon, Penangic, Ampari Dogon"
numerals-momb1254-1.csv,Africa792-Dogon-numerals-momb1254-1.csv,momb1254,momb1254,"Dogon, West Dogon, Penangic, Mombo Dogon"
numerals-yand1257-1.csv,Africa793-Dogon-numerals-yand1257-1.csv,yand1257,yand1257,"Dogon, North Plateau Dogon, Yanda-Bondum-Tebul, Yanda-Ana, Yanda Dom Dogon"
numerals-bond1248-1.csv,Africa794-Dogon-numerals-bond1248-1.csv,bond1248,bond1248,"Dogon, North Plateau Dogon, Yanda-Bondum-Tebul, Najamba-Kindige"
numerals-dogu1235-1.csv,Africa795-Dogon-numerals-dogu1235-1.csv,dogu1235,dogu1235,"Dogon, North Plateau Dogon, Dogul Dom Dogon"
numerals-jams1239-1.csv,Africa796-Dogon-numerals-jams1239-1.csv,jams1239,jams1239,"Dogon, Plains Dogon, Jamsay Dogon"
numerals-togo1254-1.csv,Africa797-Dogon-numerals-togo1254-1.csv,togo1254,tene1248,"Dogon, Plains Dogon, Western Plains Dogon, Tengou-Togo Dogon"
numerals-donn1239-1.csv,Africa798-Dogon-numerals-donn1239-1.csv,donn1239,donn1239,"Dogon, Escarpment Dogon, Donno So Dogon"
numerals-toro1252-1.csv,Africa799-Dogon-numerals-toro1252-1.csv,toro1252,toro1252,"Dogon, Escarpment Dogon, Toro So Dogon"
numerals-bank1259-1.csv,Africa800-Dogon-numerals-bank1259-1.csv,bank1259,bank1259,"Dogon, Nangan Dogon, Bankan Tey Dogon"
numerals-nang1261-1.csv,Africa801-Dogon-numerals-nang1261-1.csv,nang1261,nang1261,"Dogon, Nangan Dogon, Nanga"
numerals-bent1238-1.csv,Africa802-Dogon-numerals-bent1238-1.csv,bent1238,bent1238,"Dogon, Nangan Dogon, Ben Tey Dogon"
numerals-sand1273-1.csv,Africa803-isolate-Sandawe-numerals-sand1273-1.csv,sand1273,sand1273,[isolate]: Sandawe
numerals-hadz1240-1.csv,Africa804-isolate-Hadza-numerals-hadz1240-1.csv,hadz1240,hadz1240,[isolate]: Hadza
numerals-afit1238-1.csv,Africa805-Nyimang-numerals-afit1238-1.csv,afit1238,afit1238,"Nyimang, Afitti"
numerals-amas1236-1.csv,Africa806-Nyimang-numerals-amas1236-1.csv,amas1236,amas1236,"Nyimang, Ama (Sudan)"
numerals-bamb1269-1.csv,Africa807-Mande-numerals-bamb1269-1.csv,bamb1269,bamb1269,"Mande, Western Mande, Manding-Kpelle, Central Mande, Manding-Jogo, Manding-Vai, Manding-Mokole, Manding, East Manding, Bambara"
numerals-bolo1266-1.csv,Africa808-Mande-numerals-bolo1266-1.csv,bolo1266,bolo1266,"Mande, Western Mande, Manding-Kpelle, Central Mande, Manding-Jogo, Manding-Vai, Manding-Mokole, Manding, East Manding, Bolon"
numerals-maho1249-1.csv,Africa809-Mande-numerals-maho1249-1.csv,maho1249,maho1249,"Mande, Western Mande, Manding-Kpelle, Central Mande, Manding-Jogo, Manding-Vai, Manding-Mokole, Manding, East Manding, Maninka-Mori, Mahou"
numerals-dyul1238-1.csv,Africa810-Mande-numerals-dyul1238-1.csv,dyul1238,dyul1238,"Mande, Western Mande, Manding-Kpelle, Central Mande, Manding-Jogo, Manding-Vai, Manding-Mokole, Manding, East Manding, Dyula"
numerals-mark1256-1.csv,Africa811-Mande-numerals-mark1256-1.csv,mark1256,mark1256,"Mande, Western Mande, Manding-Kpelle, Central Mande, Manding-Jogo, Manding-Vai, Manding-Mokole, Manding, East Manding, Marka"
numerals-sank1253-1.csv,Africa812-Mande-numerals-sank1253-1.csv,sank1253,sank1253,"Mande, Western Mande, Manding-Kpelle, Central Mande, Manding-Jogo, Manding-Vai, Manding-Mokole, Manding, East Manding, Manenkan, Sankaran Maninka"
numerals-xaas1235-1.csv,Africa813-Mande-numerals-xaas1235-1.csv,xaas1235,xaas1235,"Mande, Western Mande, Manding-Kpelle, Central Mande, Manding-Jogo, Manding-Vai, Manding-Mokole, Manding, West Manding, Xasonka, Xaasongaxango"
numerals-mand1436-1.csv,Africa814-Mande-numerals-mand1436-1.csv,mand1436,mand1436,"Mande, Western Mande, Manding-Kpelle, Central Mande, Manding-Jogo, Manding-Vai, Manding-Mokole, Manding, West Manding, Mandinka"
numerals-kaka1265-1.csv,Africa815-Mande-numerals-kaka1265-1.csv,kaka1265,kaka1265,"Mande, Western Mande, Manding-Kpelle, Central Mande, Manding-Jogo, Manding-Vai, Manding-Mokole, Nuclear Mokole, Mixiforic, Kakabe"
numerals-kura1250-1.csv,Africa816-Mande-numerals-kura1250-1.csv,kura1250,kura1250,"Mande, Western Mande, Manding-Kpelle, Central Mande, Manding-Jogo, Manding-Vai, Manding-Mokole, Nuclear Mokole, Kuranko"
numerals-lele1266-1.csv,Africa817-Mande-numerals-lele1266-1.csv,lele1266,lele1266,"Mande, Western Mande, Manding-Kpelle, Central Mande, Manding-Jogo, Manding-Vai, Manding-Mokole, Nuclear Mokole, Lele (Guinea)"
numerals-kono1268-1.csv,Africa818-Mande-numerals-kono1268-1.csv,kono1268,kono1268,"Mande, Western Mande, Manding-Kpelle, Central Mande, Manding-Jogo, Manding-Vai, Vai-Kono, Kono (Sierra Leone)"
numerals-vaii1241-1.csv,Africa819-Mande-numerals-vaii1241-1.csv,vaii1241,vaii1241,"Mande, Western Mande, Manding-Kpelle, Central Mande, Manding-Jogo, Manding-Vai, Vai-Kono, Vai"
numerals-jalk1242-1.csv,Africa820-Mande-numerals-jalk1242-1.csv,jalk1242,jalk1242,"Mande, Western Mande, Manding-Kpelle, Central Mande, Manding-Jogo, Jogo-Jeri, Jeri, Jalkunan"
numerals-ligb1244-1.csv,Africa821-Mande-numerals-ligb1244-1.csv,ligb1244,ligb1244,"Mande, Western Mande, Manding-Kpelle, Central Mande, Manding-Jogo, Jogo-Jeri, Jogo, Ligbi"
numerals-susu1250-1.csv,Africa822-Mande-numerals-susu1250-1.csv,susu1250,susu1250,"Mande, Western Mande, Manding-Kpelle, Central Mande, Susu-Yalunka, Susu"
numerals-yalu1240-1.csv,Africa823-Mande-numerals-yalu1240-1.csv,yalu1240,yalu1240,"Mande, Western Mande, Manding-Kpelle, Central Mande, Susu-Yalunka, Yalunka"
numerals-band1352-1.csv,Africa824-Mande-numerals-band1352-1.csv,band1352,band1352,"Mande, Western Mande, Manding-Kpelle, Southwest Mande, Mende-Loma, Mende-Bandi, Bandi-Zialo, Bandi"
numerals-zial1235-1.csv,Africa825-Mande-numerals-zial1235-1.csv,zial1235,zial1235,"Mande, Western Mande, Manding-Kpelle, Southwest Mande, Mende-Loma, Mende-Bandi, Bandi-Zialo, Zialo"
numerals-loko1255-1.csv,Africa826-Mande-numerals-loko1255-1.csv,loko1255,loko1255,"Mande, Western Mande, Manding-Kpelle, Southwest Mande, Mende-Loma, Mende-Bandi, Mende-Loko, Loko"
numerals-mend1266-1.csv,Africa827-Mande-numerals-mend1266-1.csv,mend1266,mend1266,"Mande, Western Mande, Manding-Kpelle, Southwest Mande, Mende-Loma, Mende-Bandi, Mende-Loko, Mende (Sierra Leone)"
numerals-loma1260-1.csv,Africa828-Mande-numerals-loma1260-1.csv,loma1260,loma1260,"Mande, Western Mande, Manding-Kpelle, Southwest Mande, Mende-Loma, Loma, Loma (Liberia)"
numerals-guin1254-1.csv,Africa829-Mande-numerals-guin1254-1.csv,guin1254,guin1254,"Mande, Western Mande, Manding-Kpelle, Southwest Mande, Kpelle, Guinea Kpelle"
numerals-libe1247-1.csv,Africa830-Mande-numerals-libe1247-1.csv,libe1247,libe1247,"Mande, Western Mande, Manding-Kpelle, Southwest Mande, Kpelle, Liberia Kpelle"
numerals-duun1242-1.csv,Africa831-Mande-numerals-duun1242-1.csv,duun1242,duun1242,"Mande, Western Mande, Northwestern Mande, Duun-Bobo, Duun-Jo, Duun-Seenku, Duun, Duungooma"
numerals-dzuu1241-1.csv,Africa832-Mande-numerals-dzuu1241-1.csv,dzuu1241,dzuu1241,"Mande, Western Mande, Northwestern Mande, Duun-Bobo, Duun-Jo, Duun-Seenku, Duun, Samogogouanic, Dzùùngoo"
numerals-kpee1234-1.csv,Africa833-Mande-numerals-kpee1234-1.csv,kpee1234,kpee1234,"Mande, Western Mande, Northwestern Mande, Duun-Bobo, Duun-Jo, Duun-Seenku, Duun, Samogogouanic, Kpeego"
numerals-seek1238-1.csv,Africa834-Mande-numerals-seek1238-1.csv,seek1238,seek1238,"Mande, Western Mande, Northwestern Mande, Duun-Bobo, Duun-Jo, Duun-Seenku, Seeku"
numerals-jowu1238-1.csv,Africa835-Mande-numerals-jowu1238-1.csv,jowu1238,jowu1238,"Mande, Western Mande, Northwestern Mande, Duun-Bobo, Duun-Jo, Jowulu"
numerals-nort2819-1.csv,Africa836-Mande-numerals-nort2819-1.csv,nort2819,nort2819,"Mande, Western Mande, Northwestern Mande, Duun-Bobo, Bobo, Northern Bobo Madaré"
numerals-sout2840-1.csv,Africa837-Mande-numerals-sout2840-1.csv,sout2840,sout2840,"Mande, Western Mande, Northwestern Mande, Duun-Bobo, Bobo, Southern Bobo Madaré"
numerals-hain1253-1.csv,Africa838-Mande-numerals-hain1253-1.csv,hain1253,hain1253,"Mande, Western Mande, Northwestern Mande, Soninke-Bozo, Bozo, Hainyaxo Bozo"
numerals-jena1242-1.csv,Africa839-Mande-numerals-jena1242-1.csv,jena1242,jena1242,"Mande, Western Mande, Northwestern Mande, Soninke-Bozo, Bozo, Nuclear Bozo, Jenaama Bozo"
numerals-tiem1235-1.csv,Africa840-Mande-numerals-tiem1235-1.csv,tiem1235,tiem1235,"Mande, Western Mande, Northwestern Mande, Soninke-Bozo, Bozo, Nuclear Bozo, Ti-Bozo, Tiemacèwè Bozo"
numerals-tiey1235-1.csv,Africa841-Mande-numerals-tiey1235-1.csv,tiey1235,tiey1235,"Mande, Western Mande, Northwestern Mande, Soninke-Bozo, Bozo, Nuclear Bozo, Ti-Bozo, Tiéyaxo Bozo"
numerals-soni1259-1.csv,Africa842-Mande-numerals-soni1259-1.csv,soni1259,soni1259,"Mande, Western Mande, Northwestern Mande, Soninke-Bozo, Soninkean, Soninke"
numerals-beng1286-1.csv,Africa843-Mande-numerals-beng1286-1.csv,beng1286,beng1286,"Mande, Eastern Mande, Southeastern Mande, Nwa-Ben, Ben-Gban, Bengic, Beng"
numerals-gagu1242-1.csv,Africa844-Mande-numerals-gagu1242-1.csv,gagu1242,gagu1242,"Mande, Eastern Mande, Southeastern Mande, Nwa-Ben, Ben-Gban, Gban"
numerals-mwan1250-1.csv,Africa845-Mande-numerals-mwan1250-1.csv,mwan1250,mwan1250,"Mande, Eastern Mande, Southeastern Mande, Nwa-Ben, Wan-Mwan, Mwan"
numerals-wann1242-1.csv,Africa846-Mande-numerals-wann1242-1.csv,wann1242,wann1242,"Mande, Eastern Mande, Southeastern Mande, Nwa-Ben, Wan-Mwan, Wan"
numerals-dann1241-1.csv,Africa847-Mande-numerals-dann1241-1.csv,dann1241,dann1241,"Mande, Eastern Mande, Southeastern Mande, Mano-Dan, Guro-Dan, Dan-Toura, Dan"
numerals-tour1242-1.csv,Africa848-Mande-numerals-tour1242-1.csv,tour1242,tour1242,"Mande, Eastern Mande, Southeastern Mande, Mano-Dan, Guro-Dan, Dan-Toura, Toura-Goo, Toura (Côte d'Ivoire)"
numerals-guro1248-1.csv,Africa849-Mande-numerals-guro1248-1.csv,guro1248,guro1248,"Mande, Eastern Mande, Southeastern Mande, Mano-Dan, Guro-Dan, Guro-Yaoure, Guro"
numerals-yaou1238-1.csv,Africa850-Mande-numerals-yaou1238-1.csv,yaou1238,yaou1238,"Mande, Eastern Mande, Southeastern Mande, Mano-Dan, Guro-Dan, Guro-Yaoure, Yaouré"
numerals-mann1248-1.csv,Africa851-Mande-numerals-mann1248-1.csv,mann1248,mann1248,"Mande, Eastern Mande, Southeastern Mande, Mano-Dan, Mann"
numerals-biss1248-1.csv,Africa852-Mande-numerals-biss1248-1.csv,biss1248,biss1248,"Mande, Eastern Mande, Bisa-Busa, Bissa"
numerals-boko1266-1.csv,Africa853-Mande-numerals-boko1266-1.csv,boko1266,boko1266,"Mande, Eastern Mande, Bisa-Busa, Samo-Busa, Busan, Boko-Busa, Boko (Benin)"
numerals-boko1267-1.csv,Africa854-Mande-numerals-boko1267-1.csv,boko1267,boko1267,"Mande, Eastern Mande, Bisa-Busa, Samo-Busa, Busan, Boko-Busa, Bokobaru"
numerals-busa1253.csv,Africa855-Mande-numerals-busa1253-1.csv,busa1253,busa1253,"Mande, Eastern Mande, Bisa-Busa, Samo-Busa, Busan, Boko-Busa, Busa"
numerals-kyen1242-1.csv,Africa856-Mande-numerals-kyen1242-1.csv,kyen1242,kyen1242,"Mande, Eastern Mande, Bisa-Busa, Samo-Busa, Busan, Kyenga-Shanga, Kyenga"
numerals-shan1282-1.csv,Africa857-Mande-numerals-shan1282-1.csv,shan1282,shan1282,"Mande, Eastern Mande, Bisa-Busa, Samo-Busa, Busan, Kyenga-Shanga, Shanga"
numerals-maty1235-1.csv,Africa858-Mande-numerals-maty1235-1.csv,maty1235,maty1235,"Mande, Eastern Mande, Bisa-Busa, Samo-Busa, Mande Samo, Matya Samo"
numerals-sout2844-1.csv,Africa859-Mande-numerals-sout2844-1.csv,sout2844,sout2844,"Mande, Eastern Mande, Bisa-Busa, Samo-Busa, Mande Samo, Southern Samo"
numerals-maya1281-1.csv,Africa860-Mande-numerals-maya1281-1.csv,maya1281,maya1281,"Mande, Eastern Mande, Bisa-Busa, Samo-Busa, Mande Samo, Maya Samo"
gaan1243.csv,Africa861-AfroAsiatic-numerals-gaan1243-1.csv,gaan1243,gaan1243,"Afro-Asiatic, Chadic, Biu-Mandara, South Biu-Mandara, Teraic, Eastern Tera, Ga'anda"
gava1241.csv,Africa862-AfroAsiatic-numerals-gava1241-1.csv,gava1241,gava1241,"Afro-Asiatic, Chadic, Biu-Mandara, South Biu-Mandara, Dabaic, Buwal-Gavar, Gavar"
gala1264.csv,Africa863-AfroAsiatic-numerals-gala1264-1.csv,gala1264,gala1264,"Afro-Asiatic, Chadic, West Chadic, West Chadic A, West Chadic A.2-3, West Chadic A.2, Boleic, Nuclear Boleic, Galambu-Bele, Galambu"
gabr1253.csv,Africa864-AfroAsiatic-numerals-gabr1253-1.csv,gabr1253,gabr1253,"Afro-Asiatic, Chadic, East Chadic, East Chadic A, East Chadic A.2, East Chadic A.2 2, Gabri-Kimre, Gabri"
garr1259.csv,Africa865-AfroAsiatic-numerals-garr1259-1.csv,garr1259,garr1259,"Afro-Asiatic, Cushitic, East Cushitic, Lowland East Cushitic, Southern Lowland East Cushitic, Mainstream Lowland East Cushitic, Omo-Tana, Eastern Omo-Tana, Karre-Boni, Garre"
acol1236.csv,Africa866-Nilotic-numerals-acol1236-1.csv,acol1236,acol1236,"Nilotic, Western Nilotic, Lwoo, Southern Lwoo, Acoli"
kuma1275.csv,Africa867-Nilotic-numerals-kuma1275-1.csv,kuma1275,kuma1275,"Nilotic, Western Nilotic, Lwoo, Southern Lwoo, Lango-Kumam, Kumam"
lang1324.csv,Africa868-Nilotic-numerals-lang1324-1.csv,lang1324,lang1324,"Nilotic, Western Nilotic, Lwoo, Southern Lwoo, Lango-Kumam, Lango (Uganda)"
adho1243.csv,Africa869-Nilotic-numerals-adho1243-1.csv,adho1243,adho1243,"Nilotic, Western Nilotic, Lwoo, Southern Lwoo, Adhola-Alur-Luo, Adhola-Luo, Adhola"
luok1236.csv,Africa870-Nilotic-numerals-luok1236-1.csv,luok1236,luok1236,"Nilotic, Western Nilotic, Lwoo, Southern Lwoo, Adhola-Alur-Luo, Adhola-Luo, Luo (Kenya and Tanzania)"
alur1250.csv,Africa871-Nilotic-numerals-alur1250-1.csv,alur1250,alur1250,"Nilotic, Western Nilotic, Lwoo, Southern Lwoo, Adhola-Alur-Luo, Alur"
anua1242.csv,Africa872-Nilotic-numerals-anua1242-1.csv,anua1242,anua1242,"Nilotic, Western Nilotic, Lwoo, Northern Lwoo, Anuak"
pari1256.csv,Africa873-Nilotic-numerals-pari1256-1.csv,pari1256,pari1256,"Nilotic, Western Nilotic, Lwoo, Northern Lwoo, Päri"
bela1256.csv,Africa874-Nilotic-numerals-bela1256-1.csv,bela1256,bela1256,"Nilotic, Western Nilotic, Lwoo, Northern Lwoo, Belanda Bor"
luwo1239.csv,Africa875-Nilotic-numerals-luwo1239-1.csv,luwo1239,luwo1239,"Nilotic, Western Nilotic, Lwoo, Northern Lwoo, Luwo-Thuri, Luwo"
thur1255.csv,Africa876-Nilotic-numerals-thur1255-1.csv,thur1255,thur1255,"Nilotic, Western Nilotic, Lwoo, Northern Lwoo, Luwo-Thuri, Thuri"
shil1265.csv,Africa877-Nilotic-numerals-shil1265-1.csv,shil1265,shil1265,"Nilotic, Western Nilotic, Lwoo, Northern Lwoo, Shilluk"
maba1273.csv,Africa878-Nilotic-numerals-maba1273-1.csv,maba1273,maba1273,"Nilotic, Western Nilotic, Burun, Southern Burun, Mabaan"
buru1301.csv,Africa879-Nilotic-numerals-buru1301-1.csv,buru1301,buru1301,"Nilotic, Western Nilotic, Burun, Northern Burun"
nort2815.csv,Africa880-Nilotic-numerals-nort2815-1.csv,nort2815,nort2815,"Nilotic, Western Nilotic, Dinka-Nuer, Dinka, Northeastern Dinka"
sout2833.csv,Africa881-Nilotic-numerals-sout2833-1.csv,sout2833,sout2833,"Nilotic, Western Nilotic, Dinka-Nuer, Dinka, South Central Dinka"
nuer1246.csv,Africa882-Nilotic-numerals-nuer1246-1.csv,nuer1246,nuer1246,"Nilotic, Western Nilotic, Dinka-Nuer, Nuer-Reel, Nuer"
reel1238.csv,Africa883-Nilotic-numerals-reel1238-1.csv,reel1238,reel1238,"Nilotic, Western Nilotic, Dinka-Nuer, Nuer-Reel, Reel"
dato1239.csv,Africa884-Nilotic-numerals-dato1239-1.csv,dato1239,dato1239,"Nilotic, Southern Nilotic, Tatoga-Omotik, Gemein Datooga, North-Central Datooga, Barabayiiga-Gisamjanga"
keiy1238.csv,Africa885-Nilotic-numerals-keiy1238-1.csv,keiy1238,keiy1238,"Nilotic, Southern Nilotic, Kalenjin, Central Kalenjin, Plateau Central Kalenjin, Western Plateau Central Kalenjin, Keiyo"
tuge1241.csv,Africa886-Nilotic-numerals-tuge1241-1.csv,tuge1241,tuge1241,"Nilotic, Southern Nilotic, Kalenjin, Central Kalenjin, Plateau Central Kalenjin, Tugen"
okie1245.csv,Africa887-Nilotic-numerals-okie1245-1.csv,okie1245,okie1245,"Nilotic, Southern Nilotic, Kalenjin, Okiek-Akie, Okiek"
kups1238.csv,Africa888-Nilotic-numerals-kups1238-1.csv,kups1238,kups1238,"Nilotic, Southern Nilotic, Kalenjin, Elgon-Mau Kalenjin, Kupsabiny"
numerals-koon1246-1.csv,Africa889-Nilotic-numerals-koon1246-1.csv,koon1246,saba1262,"Nilotic, Southern Nilotic, Kalenjin, Elgon-Mau Kalenjin, Sabaot"
mark1255.csv,Africa890-Nilotic-numerals-mark1255-1.csv,mark1255,mark1255,"Nilotic, Southern Nilotic, Kalenjin, Northern Kalenjin, Markweeta"
poko1263.csv,Africa891-Nilotic-numerals-poko1263-1.csv,poko1263,poko1263,"Nilotic, Southern Nilotic, Kalenjin, Northern Kalenjin, Pökoot"
bari1284.csv,Africa892-Nilotic-numerals-bari1284-1.csv,bari1284,bari1284,"Nilotic, Eastern Nilotic, Barian, Nuclear Barian, Bari"
lopi1242.csv,Africa893-Nilotic-numerals-lopi1242-1.csv,lopi1242,lopi1242,"Nilotic, Eastern Nilotic, Teso-Lotuxo-Maa, Lotuxo-Maa, Lotuxo, Lopit-Dongotono, Lopit"
otuh1238.csv,Africa894-Nilotic-numerals-otuh1238-1.csv,otuh1238,otuh1238,"Nilotic, Eastern Nilotic, Teso-Lotuxo-Maa, Lotuxo-Maa, Lotuxo, Lotuko-Lokoya, Otuho"
numerals-masa1300-1.csv,Africa895-Nilotic-numerals-masa1300-1.csv,masa1300,masa1300,"Nilotic, Eastern Nilotic, Teso-Lotuxo-Maa, Lotuxo-Maa, Ongamo-Maa, Nuclear Maa, Masai"
samb1315.csv,Africa896-Nilotic-numerals-samb1315-1.csv,samb1315,samb1315,"Nilotic, Eastern Nilotic, Teso-Lotuxo-Maa, Lotuxo-Maa, Ongamo-Maa, Nuclear Maa, Samburu"
kara1483.csv,Africa897-Nilotic-numerals-kara1483-2.csv,kara1483,kara1483,"Nilotic, Eastern Nilotic, Teso-Lotuxo-Maa, Teso-Turkana, Turkanic, Karamojong"
nyan1315.csv,Africa898-Nilotic-numerals-nyan1315-1.csv,nyan1315,nyan1315,"Nilotic, Eastern Nilotic, Teso-Lotuxo-Maa, Teso-Turkana, Turkanic, Nyangatom"
turk1308.csv,Africa899-Nilotic-numerals-turk1308-1.csv,turk1308,turk1308,"Nilotic, Eastern Nilotic, Teso-Lotuxo-Maa, Teso-Turkana, Turkanic, Turkana"
topo1242.csv,Africa900-Nilotic-numerals-topo1242-1.csv,topo1242,topo1242,"Nilotic, Eastern Nilotic, Teso-Lotuxo-Maa, Teso-Turkana, Turkanic, Toposa"
teso1249.csv,Africa901-Nilotic-numerals-teso1249-1.csv,teso1249,teso1249,"Nilotic, Eastern Nilotic, Teso-Lotuxo-Maa, Teso-Turkana, Teso"
logo1259.csv,Africa902-CentralSudanic-numerals-logo1259-1.csv,logo1259,logo1259,"Central Sudanic, Moru-Madi, Central Moru-Madi, Avokayic, Logo"
keli1248.csv,Africa903-CentralSudanic-numerals-keli1248-1.csv,keli1248,keli1248,"Central Sudanic, Moru-Madi, Central Moru-Madi, Avokayic, Kalikoic, Keliko"
omii1238.csv,Africa904-CentralSudanic-numerals-omii1238-1.csv,omii1238,omii1238,"Central Sudanic, Moru-Madi, Central Moru-Madi, Avokayic, Kalikoic, Omi"
avok1242.csv,Africa905-CentralSudanic-numerals-avok1242-1.csv,avok1242,avok1242,"Central Sudanic, Moru-Madi, Central Moru-Madi, Avokayic, Avokaya"
lugb1240.csv,Africa906-CentralSudanic-numerals-lugb1240-1.csv,lugb1240,lugb1240,"Central Sudanic, Moru-Madi, Central Moru-Madi, Lugbaric, Lugbara"
madi1260.csv,Africa907-CentralSudanic-numerals-madi1260-1.csv,madi1260,madi1260,"Central Sudanic, Moru-Madi, Southern Moru-Madi, Ma'di"
sout2828.csv,Africa908-CentralSudanic-numerals-sout2828-1.csv,sout2828,sout2828,"Central Sudanic, Moru-Madi, Southern Moru-Madi, Southern Ma'di"
olub1238.csv,Africa909-CentralSudanic-numerals-olub1238-1.csv,olub1238,olub1238,"Central Sudanic, Moru-Madi, Southern Moru-Madi, Olu'bo"
moru1253.csv,Africa910-CentralSudanic-numerals-moru1253-1.csv,moru1253,moru1253,"Central Sudanic, Moru-Madi, Moru"
numerals-lend1245-1.csv,Africa911-CentralSudanic-numerals-lend1245-1.csv,lend1245,lend1245,"Central Sudanic, Lenduic, Bale, Lendu"
ngit1239.csv,Africa912-CentralSudanic-numerals-ngit1239-1.csv,ngit1239,ngit1239,"Central Sudanic, Lenduic, Ngiti"
numerals-bagi1246-1.csv,Africa913-CentralSudanic-numerals-bagi1246-1.csv,bagi1246,bagi1246,"Central Sudanic, Sara-Bongo-Bagirmi, SBB Occidental, Nuclear SBB Occidental, Saraic, Bagirmic, Bagirmi"
keng1240.csv,Africa914-CentralSudanic-numerals-keng1240-1.csv,keng1240,keng1240,"Central Sudanic, Sara-Bongo-Bagirmi, SBB Occidental, Nuclear SBB Occidental, Saraic, Bagirmic, Kenga"
naba1253.csv,Africa915-CentralSudanic-numerals-naba1253-1.csv,naba1253,naba1253,"Central Sudanic, Sara-Bongo-Bagirmi, SBB Occidental, Nuclear SBB Occidental, Saraic, Bagirmic, Morom-Jaya-Naba, Naba-Berakou, Naba"
jaya1242.csv,Africa916-CentralSudanic-numerals-jaya1242-1.csv,jaya1242,jaya1242,"Central Sudanic, Sara-Bongo-Bagirmi, SBB Occidental, Nuclear SBB Occidental, Saraic, Bagirmic, Morom-Jaya-Naba, Jaya"
bedj1245.csv,Africa917-CentralSudanic-numerals-bedj1245-1.csv,bedj1245,bedj1245,"Central Sudanic, Sara-Bongo-Bagirmi, SBB Occidental, Nuclear SBB Occidental, Saraic, Sara Central, Sara Central Logone-Chari, Bediondo, Nangnda"
mang1398.csv,Africa918-CentralSudanic-numerals-mang1398-1.csv,mang1398,mang1398,"Central Sudanic, Sara-Bongo-Bagirmi, SBB Occidental, Nuclear SBB Occidental, Saraic, Sara Central, Sara Central Logone-Chari, Bediondo, Mango"
mbay1241.csv,Africa919-CentralSudanic-numerals-mbay1241-1.csv,mbay1241,mbay1241,"Central Sudanic, Sara-Bongo-Bagirmi, SBB Occidental, Nuclear SBB Occidental, Saraic, Sara Central, Sara Central Logone-Chari, Sido, Mbay"
ngam1269.csv,Africa920-CentralSudanic-numerals-ngam1269-1.csv,ngam1269,ngam1269,"Central Sudanic, Sara-Bongo-Bagirmi, SBB Occidental, Nuclear SBB Occidental, Saraic, Sara Central, Sara Central Logone-Chari, Sido, Ngam"
gula1268.csv,Africa921-CentralSudanic-numerals-gula1268-1.csv,gula1268,gula1268,"Central Sudanic, Sara-Bongo-Bagirmi, SBB Occidental, Nuclear SBB Occidental, Saraic, Sara Central, Sara Central Chari, Gulay"
sarr1246.csv,Africa922-CentralSudanic-numerals-sarr1246-1.csv,sarr1246,sarr1246,"Central Sudanic, Sara-Bongo-Bagirmi, SBB Occidental, Nuclear SBB Occidental, Saraic, Sara Central, Sara Central Chari, Sar"
kaba1281.csv,Africa923-CentralSudanic-numerals-kaba1281-1.csv,kaba1281,kaba1281,"Central Sudanic, Sara-Bongo-Bagirmi, SBB Occidental, Nuclear SBB Occidental, Saraic, Sara Central, Sara Central Logone, Gore, Kaba"
ngam1268.csv,Africa924-CentralSudanic-numerals-ngam1268-1.csv,ngam1268,ngam1268,"Central Sudanic, Sara-Bongo-Bagirmi, SBB Occidental, Nuclear SBB Occidental, Saraic, Sara Central, Sara Central Logone, Ngambay"
furu1242.csv,Africa925-CentralSudanic-numerals-furu1242-1.csv,furu1242,furu1242,"Central Sudanic, Sara-Bongo-Bagirmi, SBB Occidental, Nuclear SBB Occidental, Saraic, Sara Peripherique, Barh Keita, Furu"
sara1321.csv,Africa926-CentralSudanic-numerals-sara1321-1.csv,sara1321,sara1321,"Central Sudanic, Sara-Bongo-Bagirmi, SBB Occidental, Nuclear SBB Occidental, Saraic, Sara Peripherique, Barh Keita, Sara-Kaba, Sara Kaba Náà"
sara1322.csv,Africa927-CentralSudanic-numerals-sara1322-1.csv,sara1322,sara1322,"Central Sudanic, Sara-Bongo-Bagirmi, SBB Occidental, Nuclear SBB Occidental, Saraic, Sara Peripherique, Barh Keita, Sara-Kaba, Sara Kaba Deme"
kara1482.csv,Africa928-CentralSudanic-numerals-kara1482-1.csv,kara1482,kara1482,"Central Sudanic, Sara-Bongo-Bagirmi, SBB Occidental, Nuclear SBB Occidental, Fer-Gula, Kara (Central African Republic)"
luto1241.csv,Africa929-CentralSudanic-numerals-luto1241-1.csv,luto1241,luto1241,"Central Sudanic, Sara-Bongo-Bagirmi, SBB Occidental, Nuclear SBB Occidental, Nduga-Luto, Lutos"
vale1250.csv,Africa930-CentralSudanic-numerals-vale1250-1.csv,vale1250,vale1250,"Central Sudanic, Sara-Bongo-Bagirmi, SBB Occidental, Nuclear SBB Occidental, Nduga-Luto, Vale"
yulu1243.csv,Africa931-CentralSudanic-numerals-yulu1243-1.csv,yulu1243,yulu1243,"Central Sudanic, Sara-Bongo-Bagirmi, SBB Occidental, Yulu-Binga"
numerals-baka1274-1.csv,Africa932-CentralSudanic-numerals-baka1274-1.csv,baka1274,baka1274,"Central Sudanic, Sara-Bongo-Bagirmi, Baka-Beli, Baka (South Sudan)"
jurm1239.csv,Africa933-CentralSudanic-numerals-jurm1239-1.csv,jurm1239,jurm1239,"Central Sudanic, Sara-Bongo-Bagirmi, Baka-Beli, Morokodo-Beli, Lori, Jur Modo"
bong1285.csv,Africa934-CentralSudanic-numerals-bong1285-1.csv,bong1285,bong1285,"Central Sudanic, Sara-Bongo-Bagirmi, Bongo"
numerals-siny1243-1.csv,Africa935-CentralSudanic-numerals-siny1243-1.csv,siny1243,siny1243,"Central Sudanic, Sara-Bongo-Bagirmi, Sinyar"
efee1239.csv,Africa936-CentralSudanic-numerals-efee1239-1.csv,efee1239,efee1239,"Central Sudanic, Membi-Mangbutu-Efe, Mangbutu-Efe, Baleseic, Nuclear Baleseic, Efe"
mvub1239.csv,Africa937-CentralSudanic-numerals-mvub1239-1.csv,mvub1239,mvub1239,"Central Sudanic, Membi-Mangbutu-Efe, Mangbutu-Efe, Baleseic, Nuclear Baleseic, Mvuba"
ndoo1242.csv,Africa938-CentralSudanic-numerals-ndoo1242-1.csv,ndoo1242,ndoo1242,"Central Sudanic, Membi-Mangbutu-Efe, Ndo"
numerals-bert1248-1.csv,Africa939-isolate-Berta-numerals-bert1248-1.csv,bert1248,bert1248,[isolate]: Berta
numerals-kada1282.csv,Africa940-Nubian-numerals-kada1282-1.csv,kada1282,kada1282,"Nubian, Central Nubian, Kordofan Nubian, Eastern Kordofan Nubian, Kadaru"
numerals-ghul1238.csv,Africa941-Nubian-numerals-ghul1238-1.csv,ghul1238,ghul1238,"Nubian, Central Nubian, Kordofan Nubian, Eastern Kordofan Nubian, Uncunwee"
numerals-dill1242.csv,Africa942-Nubian-numerals-dill1242-1.csv,dill1242,dill1242,"Nubian, Central Nubian, Kordofan Nubian, Western Kordofan Nubian, Dilling"
numerals-mido1240-1.csv,Africa943-Nubian-numerals-mido1240-1.csv,mido1240,mido1240,"Nubian, Midob"
numerals-dong1288.csv,Africa944-Nubian-numerals-dong1288-1.csv,dong1288,kenu1236,"Nubian, Nile Nubian, Kenuzi-Dongola"
