"","Glosser","Languages","Glosses","G.per.L"
"1","RB",2210,50284,22.7529411764706
"2","NK",960,30441,31.709375
"3","EAT",857,32737,38.1995332555426
"4","KM",718,36900,51.3927576601671
"5","EK",52,2106,40.5
