"","Glosser","Languages","Glosses","G.per.L"
"1","RB",2278,52734,23.1492537313433
"2","NK",960,30441,31.709375
"3","EAT",857,32762,38.2287047841307
"4","KM",737,37800,51.2890094979647
"5","EK",52,2106,40.5
