"","Glosser","Languages","Glosses","G.per.L"
"1","RB",2278,52733,23.1488147497805
"2","NK",960,30441,31.709375
"3","EAT",857,32762,38.2287047841307
"4","KM",737,37797,51.2849389416554
"5","EK",52,2106,40.5
