"","Glosser","Languages","Glosses","G.per.L"
"1","RB",2210,50281,22.7515837104072
"2","NK",960,30437,31.7052083333333
"3","KM",718,36900,51.3927576601671
"4","EAT",352,12798,36.3579545454545
"5","EK",52,2107,40.5192307692308
