"","Glosser","Languages","Glosses","G.per.L"
"1","RB",2278,52734,23.1492537313433
"2","NK",1154,37663,32.6369150779896
"3","EAT",831,32808,39.4801444043321
"4","KM",736,37737,51.273097826087
"5","EK",52,2107,40.5192307692308
