File,Glottocode,Language-level_Glottocode,Use_in_analyses
AA001-numerals-jahh1242-1_edited.csv,jahh1242,jahh1242,YES
AA002-numerals-chew1245-1.csv,chew1245,chew1245,YES
AA003-numerals-kens1248-1.csv,kens1248,kens1248,YES
AA004-numerals-kint1239-1.csv,kint1239,kint1239,YES
AA005-numerals-tong1308-1_edited.csv,tong1308,tong1308,YES
AA006-numerals-bate1262-1.csv,bate1262,bate1262,YES
AA007-numerals-mint1239-1_edited.csv,mint1239,mint1239,YES
AA008-numerals-jeha1242-1-edited.csv,jeha1242,jeha1242,YES
AA009-numerals-minr1238-1-edited.csv,minr1238,minr1238,YES
AA010-numerals-lano1248-1.csv,lano1248,lano1248,YES
AA011-numerals-sabu1253-1.csv,sabu1253,sabu1253,YES
AA012-numerals-semn1250-1.csv,semn1250,semn1250,YES
AA013-numerals-temi1246-1.csv,temi1246,temi1246,YES
AA014-numerals-sema1266-1.csv,sema1266,sema1266,YES
AA015-numerals-besi1244-1.csv,besi1244,besi1244,YES
AA016-numerals-sema1265-1.csv,sema1265,sema1265,YES
AA017-numerals-seme1247-1.csv,seme1247,seme1247,YES
AA018-numerals-temo1243-1.csv,temo1243,temo1243,YES
AA019-numerals-cuaa1241-1.csv,cuaa1241,cuaa1241,YES
AA020-numerals-hree1244-1-edited.csv,hree1244,hree1244,YES
AA021-numerals-reng1252-1_edited.csv,reng1252,reng1252,YES
AA022-numerals-seda1262-1.csv,seda1262,seda1262,YES
AA023-numerals-todr1244-1.csv,todr1244,todr1244,YES
AA024-numerals-hala1252-1.csv,hala1252,hala1252,YES
AA025-numerals-kaco1239-1.csv,kaco1239,kaco1239,YES
AA026-numerals-alak1253-1.csv,alak1253,alak1253,YES
AA027-numerals-lave1249-1.csv,lave1249,lave1249,YES
AA028-numerals-lave1248-1.csv,lave1248,lave1248,YES
AA029-numerals-nyah1249-1.csv,nyah1249,nyah1249,YES
AA030-numerals-oyyy1238-1.csv,oyyy1238,oyyy1238,YES
AA031-numerals-sapu1248-1_edited.csv,sapu1248,sapu1248,YES
AA032-numerals-koho1244-1.csv,koho1244,koho1244,YES
AA033-numerals-chra1242-1.csv,chra1242,chra1242,YES
AA034-numerals-east2333-1.csv,east2333,east2333,YES
AA035-numerals-cent1992-1.csv,cent1992,cent1992,YES
AA036-numerals-bulo1242-1.csv,bulo1242,bulo1242,YES
AA037-numerals-bahn1262-1.csv,bahn1262,bahn1262,YES
AA038-numerals-tamp1251-1.csv,tamp1251,tamp1251,YES
AA039-numerals-tali1257-1.csv,tali1257,tali1257,YES
AA040-numerals-trie1243-1.csv,trie1243,trie1243,YES
AA041-numerals-east1236-1.csv,east1236,east1236,YES
AA042-numerals-west2398-1.csv,west2398,west2398,YES
AA043-numerals-paco1243-1.csv,paco1243,paco1243,YES
AA044-numerals-ngeq1245-1.csv,ngeq1245,ngeq1245,YES
AA045-numerals-lowe1395-1.csv,lowe1395,lowe1395,YES
AA046-numerals-ongg1239-2.csv,ongg1239,ongg1239,YES
AA047-numerals-uppe1406-1.csv,uppe1406,uppe1406,YES
AA048-numerals-east2332-1.csv,east2332,east2332,YES
AA049-numerals-nort3270-1.csv,nort3270,nort3270,YES
AA050-numerals-sout3251-1.csv,sout3251,sout3251,YES
AA051-numerals-sooo1254-1.csv,sooo1254,sooo1254,YES
AA052-numerals-west2397-1.csv,west2397,west2397,YES
AA053-numerals-kuyy1240-1.csv,kuyy1240,kuyy1240,YES
AA054-numerals-khas1269-1.csv,khas1269,khas1269,YES
AA055-numerals-pnar1238-1.csv,pnar1238,pnar1238,YES
AA056-numerals-mega1243-1-edited.csv,mega1243,mega1243,YES
AA057-numerals-lyng1241-1.csv,lyng1241,lyng1241,YES
AA058-numerals-warj1242-1.csv,warj1242,warj1242,YES
AA059-numerals-dana1252-1.csv,dana1252,dana1252,YES
AA060-numerals-huuu1240-1.csv,huuu1240,huuu1240,YES
AA061-numerals-manm1238-1.csv,manm1238,manm1238,YES
AA062-numerals-tail1246-1.csv,tail1246,tail1246,YES
AA063-numerals-uuuu1243-1_edited.csv,uuuu1243,uuuu1243,YES
AA064-numerals-bitt1240-1.csv,bitt1240,bitt1240,YES
AA065-numerals-khan1274-1.csv,khan1274,khan1274,YES
AA066-numerals-lame1256-1.csv,lame1256,lame1256,YES
AA067-numerals-blan1242-1.csv,blan1242,blan1242,YES
AA068-numerals-samt1238-1.csv,samt1238,samt1238,YES
AA069-numerals-east2330-1.csv,east2330,east2330,YES
AA070-numerals-west2396-1.csv,west2396,west2396,YES
AA071-numerals-para1301-3-edited.csv,para1301,para1301,YES
AA072-numerals-nucl1290-2.csv,nucl1290,nucl1290,YES
AA073-numerals-ruch1235-2.csv,ruch1235,ruch1235,YES
AA074-numerals-rian1261-1.csv,rian1261,rian1261,YES
AA075-numerals-yinc1238-1.csv,yinc1238,yinc1238,YES
AA076-numerals-cent1989-1.csv,cent1989,cent1989,YES
AA077-numerals-nort2684-1.csv,nort2684,nort2684,YES
AA078-numerals-khmu1256-3.csv,khmu1256,khmu1256,YES
AA079-numerals-puoc1238-1.csv,puoc1238,puoc1238,YES
AA080-numerals-oduu1239-1-edited.csv,oduu1239,oduu1239,YES
AA081-numerals-phon1246-1.csv,phon1246,phon1246,YES
AA082-numerals-mlab1235-1.csv,mlab1235,mlab1235,YES
AA083-numerals-mall1246-1.csv,mall1246,mall1246,YES
AA084-numerals-phai1238-1-edited.csv,phai1238,phai1238,YES
AA085-numerals-mang1378-1.csv,mang1378,mang1378,YES
AA086-numerals-boly1239-1.csv,boly1239,boly1239,YES
AA087-numerals-buga1247-1.csv,buga1247,buga1247,YES
AA088-numerals-monn1252-1-edited.csv,monn1252,monn1252,YES
AA089-numerals-nyah1250-1_edited.csv,nyah1250,nyah1250,YES
AA090-numerals-gata1239-1.csv,gata1239,gata1239,YES
AA091-numerals-bodo1267-1.csv,bodo1267,bodo1267,YES
AA092-numerals-bond1245-1.csv,bond1245,bond1245,YES
AA093-numerals-juan1238-1.csv,juan1238,juan1238,YES
AA094-numerals-khar1287-1.csv,khar1287,khar1287,YES
AA095-numerals-asur1254-1.csv,asur1254,asur1254,YES
AA096-numerals-bijo1238-1.csv,bijo1238,bijo1238,YES
AA097-numerals-birh1242-1.csv,birh1242,birh1242,YES
AA098-numerals-hooo1248-1.csv,hooo1248,hooo1248,YES
AA099-numerals-mund1320-1_edited.csv,mund1320,mund1320,YES
AA100-numerals-koda1236-1.csv,koda1236,koda1236,YES
AA101-numerals-koda1254-1.csv,koda1254,koda1254,YES
AA102-numerals-korw1242-1.csv,korw1242,korw1242,YES
AA103-numerals-turi1246-1.csv,turi1246,turi1246,YES
AA104-numerals-kolb1241-1.csv,kolb1241,kolb1241,YES
AA105-numerals-maha1291-1_edited.csv,maha1291,maha1291,YES
AA106-numerals-sant1410-1.csv,sant1410,sant1410,YES
AA107-numerals-kork1243-1.csv,kork1243,kork1243,YES
AA108-numerals-pare1266-1-edited.csv,pare1266,pare1266,YES
AA109-numerals-jura1242-1_edited.csv,jura1242,jura1242,YES
AA110-numerals-sora1254-1.csv,sora1254,sora1254,YES
AA111-numerals-carn1240-1.csv,carn1240,carn1240,YES
AA112-numerals-cent1990-1.csv,cent1990,cent1990,YES
AA113-numerals-chau1258-1.csv,chau1258,chau1258,YES
AA114-numerals-tere1272-1.csv,tere1272,tere1272,YES
AA115-numerals-pear1247-1edited.csv,pear1247,pear1247,YES
AA116-numerals-chon1284-1.csv,chon1284,chon1284,YES
AA117-numerals-somr1240-1.csv,somr1240,somr1240,YES
AA118-numerals-suoy1242-1-edit.csv,suoy1242,suoy1242,YES
AA119-numerals-arem1240-1.csv,arem1240,arem1240,YES
AA120-numerals-chut1247-1.csv,chut1247,chut1247,YES
AA121-numerals-male1282-1.csv,male1282,male1282,YES
AA122-numerals-aheu1239-1.csv,aheu1239,aheu1239,YES
AA123-numerals-hung1275-1_edited.csv,hung1275,hung1275,YES
AA124-numerals-thoo1240-1.csv,thoo1240,thoo1240,YES
AA125-numerals-muon1246-1.csv,muon1246,muon1246,YES
AA126-numerals-nguo1239-1.csv,nguo1239,nguo1239,YES
AA127-numerals-viet1252-1_edited.csv,viet1252,viet1252,YES
Africa001-SouthOmotic-numerals-aari1239-1.csv,aari1239,aari1239,YES
Africa002-SouthOmotic-numerals-gayi1237-1.csv,gayi1237,gayi1237,YES
Africa003-SouthOmotic-numerals-hame1242-1.csv,hame1242,hame1242,YES
Africa004-SouthOmotic-numerals-karo1297-1.csv,karo1297,karo1297,YES
Africa005-TaNeOmotic-numerals-gamo1243-1.csv,gamo1243,gamo1243,YES
Africa006-isolate-Shabo-numerals-shab1252-1.csv,shab1252,shab1252,YES
Africa007-AtlanticCongo-numerals-ekaj1238-1.csv,ekaj1238,ekaj1238,YES
Africa008-AtlanticCongo-numerals-nkem1242-1.csv,nkem1242,nkem1242,YES
Africa009-AtlanticCongo-numerals-nden1250-1.csv,nden1250,nden1250,YES
Africa010-AtlanticCongo-numerals-ejag1239-1.csv,ejag1239,ejag1239,YES
Africa011-AtlanticCongo-numerals-mbee1249-1.csv,mbee1249,mbee1249,YES
Africa012-AtlanticCongo-numerals-akoo1248-1.csv,akoo1248,akoo1248,YES
Africa013-AtlanticCongo-numerals-baka1273-1.csv,baka1273,baka1273,YES
Africa014-AtlanticCongo-numerals-orok1266-1.csv,orok1266,orok1266,YES
Africa015-AtlanticCongo-numerals-dual1243-1.csv,dual1243,dual1243,YES
Africa016-AtlanticCongo-numerals-bata1285-1.csv,bata1285,bata1285,YES
Africa017-AtlanticCongo-numerals-beng1282-1.csv,beng1282,beng1282,YES
Africa018-AtlanticCongo-numerals-bekw1242-1.csv,bekw1242,bekw1242,YES
Africa019-AtlanticCongo-numerals-mpon1254-1.csv,mpon1254,mpon1254,YES
Africa020-AtlanticCongo-numerals-mpie1238-1.csv,mpie1238,mpie1238,YES
Africa021-AtlanticCongo-numerals-ukhw1241-1.csv,ukhw1241,ukhw1241,YES
Africa022-AtlanticCongo-numerals-koon1245-1.csv,koon1245,koon1245,YES
Africa023-AtlanticCongo-numerals-bomw1238-1.csv,bomw1238,bomw1238,YES
Africa024-AtlanticCongo-numerals-byep1241-1.csv,byep1241,byep1241,YES
Africa025-AtlanticCongo-numerals-maka1304-1.csv,maka1304,maka1304,YES
Africa026-AtlanticCongo-numerals-kolc1235-1.csv,kolc1235,kolc1235,YES
Africa027-AtlanticCongo-numerals-gyel1242-1.csv,gyel1242,gyel1242,YES
Africa028-AtlanticCongo-numerals-kwas1243-1.csv,kwas1243,kwas1243,YES
Africa029-AtlanticCongo-numerals-kako1242-1.csv,kako1242,kako1242,YES
Africa030-AtlanticCongo-numerals-pomo1271-1.csv,pomo1271,pomo1271,YES
Africa031-AtlanticCongo-numerals-kwak1266-1.csv,kwak1266,kwak1266,YES
Africa032-AtlanticCongo-numerals-seki1238-1.csv,seki1238,seki1238,YES
Africa033-AtlanticCongo-numerals-bafi1243-1.csv,bafi1243,bafi1243,YES
Africa034-AtlanticCongo-numerals-lefa1242-1.csv,lefa1242,lefa1242,YES
Africa035-AtlanticCongo-numerals-mwes1234-1.csv,mwes1234,mwes1234,YES
Africa036-AtlanticCongo-numerals-kele1257-4.csv,kele1257,kele1257,YES
Africa037-AtlanticCongo-numerals-ngom1270-1.csv,ngom1270,ngom1270,YES
Africa038-AtlanticCongo-numerals-mban1268-1.csv,mban1268,mban1268,YES
Africa039-AtlanticCongo-numerals-sake1247-2.csv,sake1247,sake1247,YES
Africa040-AtlanticCongo-numerals-kota1274-2.csv,kota1274,kota1274,YES
Africa041-AtlanticCongo-numerals-maho1248-2.csv,maho1248,maho1248,YES
Africa042-AtlanticCongo-numerals-ndas1238-1.csv,ndas1238,ndas1238,YES
Africa043-AtlanticCongo-numerals-wumb1242-2.csv,wumb1242,wumb1242,YES
Africa044-AtlanticCongo-numerals-sigh1238-1.csv,sigh1238,sigh1238,YES
Africa045-AtlanticCongo-numerals-bako1249-1.csv,bako1249,bako1249,YES
Africa046-AtlanticCongo-numerals-basa1284-1.csv,basa1284,basa1284,YES
Africa047-AtlanticCongo-numerals-hiju1238-1.csv,hiju1238,hiju1238,YES
Africa048-AtlanticCongo-numerals-bank1256-1.csv,bank1256,bank1256,YES
Africa049-AtlanticCongo-numerals-baro1252-1.csv,baro1252,baro1252,YES
Africa050-AtlanticCongo-numerals-bebe1248-1.csv,bebe1248,bebe1248,YES
Africa051-AtlanticCongo-numerals-beti1249-1.csv,beti1249,ewon1239,YES
Africa052-AtlanticCongo-numerals-bebi1242-1.csv,bebi1242,bebi1242,YES
Africa053-AtlanticCongo-numerals-bulu1251-1.csv,bulu1251,bulu1251,YES
Africa054-AtlanticCongo-numerals-fang1246-1.csv,fang1246,fang1246,YES
Africa055-AtlanticCongo-numerals-eton1253-1.csv,eton1253,eton1253,YES
Africa056-AtlanticCongo-numerals-tsog1243-1.csv,tsog1243,tsog1243,YES
Africa057-AtlanticCongo-numerals-pinj1243-1.csv,pinj1243,pinj1243,YES
Africa058-AtlanticCongo-numerals-myen1241-1.csv,myen1241,myen1241,YES
Africa059-AtlanticCongo-numerals-nuba1241-1.csv,nuba1241,nuba1241,YES
Africa060-AtlanticCongo-numerals-bati1251-1.csv,bati1251,bati1251,YES
Africa061-AtlanticCongo-numerals-yang1293-1.csv,yang1293,yang1293,YES
Africa062-AtlanticCongo-numerals-mmaa1238-1.csv,mmaa1238,mmaa1238,YES
Africa063-AtlanticCongo-numerals-elip1238-1.csv,elip1238,elip1238,YES
Africa064-AtlanticCongo-numerals-nugu1242-1.csv,nugu1242,nugu1242,YES
Africa065-AtlanticCongo-numerals-mbul1262-1.csv,mbul1262,mbul1262,YES
Africa066-AtlanticCongo-numerals-tuki1240-1.csv,tuki1240,tuki1240,YES
Africa067-AtlanticCongo-numerals-noma1260-1.csv,noma1260,noma1260,YES
Africa068-AtlanticCongo-numerals-tune1261-1.csv,tune1261,tune1261,YES
Africa069-AtlanticCongo-numerals-tuot1238-1.csv,tuot1238,tuot1238,YES
Africa070-AtlanticCongo-numerals-yamb1252-1.csv,yamb1252,yamb1252,YES
Africa071-AtlanticCongo-numerals-bang1350-1.csv,bang1350,bang1350,YES
Africa072-AtlanticCongo-numerals-luba1249-1.csv,luba1249,luba1249,YES
Africa073-AtlanticCongo-numerals-kany1247-1.csv,kany1247,kany1247,YES
Africa074-AtlanticCongo-numerals-sang1331-1.csv,sang1331,sang1331,YES
Africa075-AtlanticCongo-numerals-luba1250-1.csv,luba1250,luba1250,YES
Africa076-AtlanticCongo-numerals-song1303-1.csv,song1303,song1303,YES
Africa077-AtlanticCongo-numerals-binj1249-1.csv,binj1249,binj1249,YES
Africa078-AtlanticCongo-numerals-nkoy1244-1.csv,nkoy1244,nkoy1244,YES
Africa079-AtlanticCongo-numerals-mbow1246-1.csv,mbow1246,mbow1246,YES
Africa080-AtlanticCongo-numerals-mbuk1240-1.csv,mbuk1240,mbuk1240,YES
Africa081-AtlanticCongo-numerals-sima1258-1.csv,sima1258,sima1258,YES
Africa082-AtlanticCongo-numerals-kimb1241-1.csv,kimb1241,kimb1241,YES
Africa083-AtlanticCongo-numerals-phen1239-1.csv,phen1239,phen1239,YES
Africa084-AtlanticCongo-numerals-mbal1257-2.csv,mbal1257,mbal1257,YES
Africa085-AtlanticCongo-numerals-chok1245-1.csv,chok1245,chok1245,YES
Africa086-AtlanticCongo-numerals-luch1239-1.csv,luch1239,luch1239,YES
Africa087-AtlanticCongo-numerals-nyem1238-1.csv,nyem1238,nyem1238,YES
Africa088-AtlanticCongo-numerals-mbun1249-1.csv,mbun1249,mbun1249,YES
Africa089-AtlanticCongo-numerals-lund1266-1.csv,lund1266,lund1266,YES
Africa090-AtlanticCongo-numerals-diri1252-1.csv,diri1252,diri1252,YES
Africa091-AtlanticCongo-numerals-kwan1273-1.csv,kwan1273,kwan1273,YES
Africa092-AtlanticCongo-numerals-umbu1257-1.csv,umbu1257,umbu1257,YES
Africa093-AtlanticCongo-numerals-here1253-1.csv,here1253,here1253,YES
Africa094-AtlanticCongo-numerals-zemb1238-1.csv,zemb1238,zemb1238,YES
Africa095-AtlanticCongo-numerals-nkhu1238-1.csv,nkhu1238,nkhu1238,YES
Africa096-AtlanticCongo-numerals-nyan1305-1.csv,nyan1305,nyan1305,YES
Africa097-AtlanticCongo-numerals-kuan1247-1.csv,kuan1247,kuan1247,YES
Africa098-AtlanticCongo-numerals-akwa1248-1.csv,akwa1248,akwa1248,YES
Africa099-AtlanticCongo-numerals-koyo1242-1.csv,koyo1242,koyo1242,YES
Africa100-AtlanticCongo-numerals-mbos1242-1.csv,mbos1242,mbos1242,YES
Africa101-AtlanticCongo-numerals-mbok1243-1.csv,mbok1243,mbok1243,YES
Africa102-AtlanticCongo-numerals-amba1263-1.csv,amba1263,amba1263,YES
Africa103-AtlanticCongo-numerals-bera1259-1.csv,bera1259,bera1259,YES
Africa104-AtlanticCongo-numerals-bhel1238-1.csv,bhel1238,bhel1238,YES
Africa105-AtlanticCongo-numerals-komo1260-1.csv,komo1260,komo1260,YES
Africa106-AtlanticCongo-numerals-bila1255-1.csv,bila1255,bila1255,YES
Africa107-AtlanticCongo-numerals-pagi1243-2.csv,pagi1243,pagi1243,YES
Africa108-AtlanticCongo-numerals-ngel1238-1.csv,ngel1238,ngel1238,YES
Africa109-AtlanticCongo-numerals-lika1243-1.csv,lika1243,lika1243,YES
Africa110-AtlanticCongo-numerals-bali1274-1.csv,bali1274,bali1274,YES
Africa111-AtlanticCongo-numerals-ngom1268-1.csv,ngom1268,ngom1268,YES
Africa112-AtlanticCongo-numerals-bamw1238-1.csv,bamw1238,bamw1238,YES
Africa113-AtlanticCongo-numerals-likw1239-1.csv,likw1239,likw1239,YES
Africa114-AtlanticCongo-numerals-bang1353-1.csv,bang1353,bang1353,YES
Africa115-AtlanticCongo-numerals-ling1263-1.csv,ling1263,ling1263,YES
Africa116-AtlanticCongo-numerals-loba1239-1.csv,loba1239,loba1239,YES
Africa117-AtlanticCongo-numerals-bolo1263-1.csv,bolo1263,bolo1263,YES
Africa118-AtlanticCongo-numerals-budz1238-1.csv,budz1238,budz1238,YES
Africa119-AtlanticCongo-numerals-yaka1272-1.csv,yaka1272,yaka1272,YES
Africa120-AtlanticCongo-numerals-bong1284-1.csv,bong1284,bong1284,YES
Africa121-AtlanticCongo-numerals-nyal1250-1.csv,nyal1250,nyal1250,YES
Africa122-AtlanticCongo-numerals-budu1250-1.csv,budu1250,budu1250,YES
Africa123-AtlanticCongo-numerals-leng1258-1.csv,leng1258,leng1258,YES
Africa124-AtlanticCongo-numerals-seng1278-1.csv,seng1278,seng1278,YES
Africa125-AtlanticCongo-numerals-mong1338-1.csv,mong1338,mong1338,YES
Africa126-AtlanticCongo-numerals-deng1250-1.csv,deng1250,deng1250,YES
Africa127-AtlanticCongo-numerals-bush1247-1.csv,bush1247,bush1247,YES
Africa128-AtlanticCongo-numerals-lele1265-1.csv,lele1265,lele1265,YES
Africa129-AtlanticCongo-numerals-wong1247-1.csv,wong1247,wong1247,YES
Africa130-AtlanticCongo-numerals-tete1250-1.csv,tete1250,tete1250,YES
Africa131-AtlanticCongo-numerals-bara1362-1.csv,bara1362,bara1362,YES
Africa132-AtlanticCongo-numerals-sira1266-1.csv,sira1266,sira1266,YES
Africa133-AtlanticCongo-numerals-sang1333-1.csv,sang1333,sang1333,YES
Africa134-AtlanticCongo-numerals-punu1239-1.csv,punu1239,punu1239,YES
Africa135-AtlanticCongo-numerals-lumb1249-1.csv,lumb1249,lumb1249,YES
Africa136-AtlanticCongo-numerals-vili1238-1.csv,vili1238,vili1238,YES
Africa137-AtlanticCongo-numerals-yomb1244-1.csv,yomb1244,yomb1244,YES
Africa138-AtlanticCongo-numerals-koon1244-1.csv,koon1244,koon1244,YES
Africa139-AtlanticCongo-numerals-doon1238-1.csv,doon1238,doon1238,YES
Africa140-AtlanticCongo-numerals-laar1238-1.csv,laar1238,laar1238,YES
Africa141-AtlanticCongo-numerals-beem1239-1.csv,beem1239,beem1239,YES
Africa142-AtlanticCongo-numerals-suku1259-1.csv,suku1259,suku1259,YES
Africa143-AtlanticCongo-numerals-hung1278-1.csv,hung1278,hung1278,YES
Africa144-AtlanticCongo-numerals-mpuo1241-2.csv,mpuo1241,mpuo1241,YES
Africa145-AtlanticCongo-numerals-ngon1267-1.csv,ngon1267,ngon1267,YES
Africa146-AtlanticCongo-numerals-song1299-2.csv,song1299,song1299,YES
Africa147-AtlanticCongo-numerals-yans1239-1.csv,yans1239,yans1239,YES
Africa148-AtlanticCongo-numerals-saka1287-1.csv,saka1287,saka1287,YES
Africa149-AtlanticCongo-numerals-tien1242-1.csv,tien1242,tien1242,YES
Africa150-AtlanticCongo-numerals-kemp1234-1.csv,kemp1234,kemp1234,YES
Africa151-AtlanticCongo-numerals-ngun1272-1.csv,ngun1272,ngun1272,YES
Africa152-AtlanticCongo-numerals-teke1278-1.csv,teke1278,teke1278,YES
Africa153-AtlanticCongo-numerals-teke1280-1.csv,teke1280,teke1280,YES
Africa154-AtlanticCongo-numerals-teke1276-1.csv,teke1276,teke1276,YES
Africa155-AtlanticCongo-numerals-duma1253-1.csv,duma1253,duma1253,YES
Africa156-AtlanticCongo-numerals-njeb1242-1.csv,njeb1242,njeb1242,YES
Africa157-AtlanticCongo-numerals-kani1279-1.csv,kani1279,kani1279,YES
Africa158-AtlanticCongo-numerals-ndum1239-1.csv,ndum1239,ndum1239,YES
Africa159-AtlanticCongo-numerals-omba1241-1.csv,omba1241,mber1257,YES
Africa160-AtlanticCongo-numerals-teke1275-2.csv,teke1275,teke1275,YES
Africa161-AtlanticCongo-numerals-ding1239-1.csv,ding1239,ding1239,YES
Africa162-AtlanticCongo-numerals-ngul1247-1.csv,ngul1247,ngul1247,YES
Africa163-AtlanticCongo-numerals-yeyi1239-1.csv,yeyi1239,yeyi1239,YES
Africa164-AtlanticCongo-numerals-asut1235-1.csv,asut1235,asut1235,YES
Africa165-AtlanticCongo-numerals-swah1253-1.csv,swah1253,swah1253,YES
Africa166-AtlanticCongo-numerals-mwan1247-1.csv,mwan1247,mwan1247,YES
Africa167-AtlanticCongo-numerals-ilwa1237-1.csv,ilwa1237,ilwa1237,YES
Africa168-AtlanticCongo-numerals-duru1249-1.csv,duru1249,duru1249,YES
Africa169-AtlanticCongo-numerals-giry1241-1.csv,giry1241,giry1241,YES
Africa170-AtlanticCongo-numerals-digo1243-1.csv,digo1243,digo1243,YES
Africa171-AtlanticCongo-numerals-maor1244-1.csv,maor1244,maor1244,YES
Africa172-AtlanticCongo-numerals-ngaz1238-1.csv,ngaz1238,ngaz1238,YES
Africa173-AtlanticCongo-numerals-poko1261-1.csv,poko1261,poko1261,YES
Africa174-AtlanticCongo-numerals-bond1247-1.csv,bond1247,bond1247,YES
Africa175-AtlanticCongo-numerals-sham1280-1.csv,sham1280,sham1280,YES
Africa176-AtlanticCongo-numerals-ngul1246-1.csv,ngul1246,ngul1246,YES
Africa177-AtlanticCongo-numerals-mush1238-1.csv,mush1238,zigu1244,YES
Africa178-AtlanticCongo-numerals-gogo1263-1.csv,gogo1263,gogo1263,YES
Africa179-AtlanticCongo-numerals-vidu1238-1.csv,vidu1238,vidu1238,YES
Africa180-AtlanticCongo-numerals-lugu1238-1.csv,lugu1238,lugu1238,YES
Africa181-AtlanticCongo-numerals-kutu1263-1.csv,kutu1263,kutu1263,YES
Africa182-AtlanticCongo-numerals-zara1247-1.csv,zara1247,zara1247,YES
Africa183-AtlanticCongo-numerals-kwer1261-1.csv,kwer1261,kwer1261,YES
Africa184-AtlanticCongo-numerals-kagu1239-1.csv,kagu1239,kagu1239,YES
Africa185-AtlanticCongo-numerals-bena1262-1.csv,bena1262,bena1262,YES
Africa186-AtlanticCongo-numerals-hehe1240-1.csv,hehe1240,hehe1240,YES
Africa187-AtlanticCongo-numerals-kisi1243-1.csv,kisi1243,kisi1243,YES
Africa188-AtlanticCongo-numerals-pang1287-1.csv,pang1287,pang1287,YES
Africa189-AtlanticCongo-numerals-nucl1379-1.csv,nucl1379,nucl1379,YES
Africa190-AtlanticCongo-numerals-vwan1235-1.csv,vwan1235,vwan1235,YES
Africa191-AtlanticCongo-numerals-mand1423-1.csv,mand1423,mand1423,YES
Africa192-AtlanticCongo-numerals-chuk1274-1.csv,chuk1274,chuk1274,YES
Africa193-AtlanticCongo-numerals-thar1283-1.csv,thar1283,thar1283,YES
Africa194-AtlanticCongo-numerals-meru1245-1.csv,meru1245,meru1245,YES
Africa195-AtlanticCongo-numerals-kamb1297-1.csv,kamb1297,kamb1297,YES
Africa196-AtlanticCongo-numerals-embu1241-1.csv,embu1241,embu1241,YES
Africa197-AtlanticCongo-numerals-kiku1240-1.csv,kiku1240,kiku1240,YES
Africa198-AtlanticCongo-numerals-temi1247-1.csv,temi1247,temi1247,YES
Africa199-AtlanticCongo-numerals-gwen1239-1.csv,gwen1239,gwen1239,YES
Africa200-AtlanticCongo-numerals-moch1256-1.csv,moch1256,moch1256,YES
Africa201-AtlanticCongo-numerals-vunj1238-1.csv,vunj1238,vunj1238,YES
Africa202-AtlanticCongo-numerals-mach1266-1.csv,mach1266,mach1266,YES
Africa203-AtlanticCongo-numerals-rwaa1238-1.csv,rwaa1238,rwaa1238,YES
Africa204-AtlanticCongo-numerals-tait1250-1.csv,tait1250,tait1250,YES
Africa205-AtlanticCongo-numerals-bend1258-2.csv,bend1258,bend1258,YES
Africa206-AtlanticCongo-numerals-buku1249-1.csv,buku1249,buku1249,YES
Africa207-AtlanticCongo-numerals-masa1299-1.csv,masa1299,masa1299,YES
Africa208-AtlanticCongo-numerals-nyor1244-1.csv,nyor1244,nyor1244,YES
Africa209-AtlanticCongo-numerals-saam1283-1.csv,saam1283,saam1283,YES
Africa210-AtlanticCongo-numerals-nyol1238-1.csv,nyol1238,nyol1238,YES
Africa211-AtlanticCongo-numerals-idak1243-1.csv,idak1243,idak1243,YES
Africa212-AtlanticCongo-numerals-logo1258-1.csv,logo1258,logo1258,YES
Africa213-AtlanticCongo-numerals-chig1238-1.csv,chig1238,chig1238,YES
Africa214-AtlanticCongo-numerals-nyan1307-1.csv,nyan1307,nyan1307,YES
Africa215-AtlanticCongo-numerals-nyor1246-1.csv,nyor1246,nyor1246,YES
Africa216-AtlanticCongo-numerals-toor1238-1.csv,toor1238,toor1238,YES
Africa217-AtlanticCongo-numerals-hema1238-1.csv,hema1238,hema1238,YES
Africa218-AtlanticCongo-numerals-tali1258-1.csv,tali1258,tali1258,YES
Africa219-AtlanticCongo-numerals-haya1250-1.csv,haya1250,haya1250,YES
Africa220-AtlanticCongo-numerals-nyam1277-1.csv,nyam1277,nyam1277,YES
Africa221-AtlanticCongo-numerals-zinz1238-1.csv,zinz1238,zinz1238,YES
Africa222-AtlanticCongo-numerals-kere1283-1.csv,kere1283,kere1283,YES
Africa223-AtlanticCongo-numerals-gand1255-1.csv,gand1255,gand1255,YES
Africa224-AtlanticCongo-numerals-soga1242-1.csv,soga1242,soga1242,YES
Africa225-AtlanticCongo-numerals-gwer1238-1.csv,gwer1238,gwer1238,YES
Africa226-AtlanticCongo-numerals-gung1250-1.csv,gung1250,gung1250,YES
Africa227-AtlanticCongo-numerals-gusi1247-1.csv,gusi1247,gusi1247,YES
Africa228-AtlanticCongo-numerals-kuri1259-1.csv,kuri1259,kuri1259,YES
Africa229-AtlanticCongo-numerals-suba1252-1.csv,suba1252,suba1252,YES
Africa230-AtlanticCongo-numerals-suba1238-1.csv,suba1238,suba1238,YES
Africa231-AtlanticCongo-numerals-kabw1241-1.csv,kabw1241,kabw1241,YES
Africa232-AtlanticCongo-numerals-siza1240-1.csv,siza1240,ikiz1238,YES
Africa233-AtlanticCongo-numerals-zana1238-1.csv,zana1238,zana1238,YES
Africa234-AtlanticCongo-numerals-ikom1245-1.csv,ikom1245,ikom1245,YES
Africa235-AtlanticCongo-numerals-ngur1263-1.csv,ngur1263,ngur1263,YES
Africa236-AtlanticCongo-numerals-jita1239-1.csv,jita1239,jita1239,YES
Africa237-AtlanticCongo-numerals-kara1481-1.csv,kara1481,kara1481,YES
Africa238-AtlanticCongo-numerals-kway1241-1.csv,kway1241,kway1241,YES
Africa239-AtlanticCongo-numerals-fuli1240-1.csv,fuli1240,fuli1240,YES
Africa240-AtlanticCongo-numerals-shii1238-1.csv,shii1238,shii1238,YES
Africa241-AtlanticCongo-numerals-temb1270-1.csv,temb1270,temb1270,YES
Africa242-AtlanticCongo-numerals-haaa1252-1.csv,haaa1252,haaa1252,YES
Africa243-AtlanticCongo-numerals-rund1242-1.csv,rund1242,rund1242,YES
Africa244-AtlanticCongo-numerals-kiny1244-1.csv,kiny1244,kiny1244,YES
Africa245-AtlanticCongo-numerals-nand1264-1.csv,nand1264,nand1264,YES
Africa246-AtlanticCongo-numerals-nyam1276-1.csv,nyam1276,nyam1276,YES
Africa247-AtlanticCongo-numerals-suku1261-1.csv,suku1261,suku1261,YES
Africa248-AtlanticCongo-numerals-kono1265-1.csv,kono1265,kono1265,YES
Africa249-AtlanticCongo-numerals-bemb1257-1.csv,bemb1257,bemb1257,YES
Africa250-AtlanticCongo-numerals-lala1264-1.csv,lala1264,lala1264,YES
Africa251-AtlanticCongo-numerals-taab1238-1.csv,taab1238,taab1238,YES
Africa252-AtlanticCongo-numerals-nsen1242-1.csv,nsen1242,nsen1242,YES
Africa253-AtlanticCongo-numerals-pimb1238-1.csv,pimb1238,pimb1238,YES
Africa254-AtlanticCongo-numerals-fipa1238-1.csv,fipa1238,fipa1238,YES
Africa255-AtlanticCongo-numerals-mamb1296-1.csv,mamb1296,mamb1296,YES
Africa256-AtlanticCongo-numerals-nyam1275-1.csv,nyam1275,nyam1275,YES
Africa257-AtlanticCongo-numerals-mali1279-1.csv,mali1279,mali1279,YES
Africa258-AtlanticCongo-numerals-ndal1241-1.csv,ndal1241,ndal1241,YES
Africa259-AtlanticCongo-numerals-nyak1260-1.csv,nyak1260,nyak1260,YES
Africa260-AtlanticCongo-numerals-nyat1246-1.csv,nyat1246,nyat1246,YES
Africa261-AtlanticCongo-numerals-nila1242-1.csv,nila1242,nila1242,YES
Africa262-AtlanticCongo-numerals-yaoo1241-1.csv,yaoo1241,yaoo1241,YES
Africa263-AtlanticCongo-numerals-mako1251-1.csv,mako1251,mako1251,YES
Africa264-AtlanticCongo-numerals-makw1236-1.csv,makw1236,makw1236,YES
Africa265-AtlanticCongo-numerals-mate1258-1.csv,mate1258,mate1258,YES
Africa266-AtlanticCongo-numerals-nden1248-1.csv,nden1248,nden1248,YES
Africa267-AtlanticCongo-numerals-nden1249-1.csv,nden1249,nden1249,YES
Africa268-AtlanticCongo-numerals-nyun1248-1.csv,nyun1248,nyun1248,YES
Africa269-AtlanticCongo-numerals-kund1255-1.csv,kund1255,kund1255,YES
Africa270-AtlanticCongo-numerals-nyan1308-1.csv,nyan1308,nyan1308,YES
Africa271-AtlanticCongo-numerals-tong1321-1.csv,tong1321,tong1321,YES
Africa272-AtlanticCongo-numerals-tumb1250-1.csv,tumb1250,tumb1250,YES
Africa273-AtlanticCongo-numerals-chuw1238-1.csv,chuw1238,chuw1238,YES
Africa274-AtlanticCongo-numerals-makh1262-1.csv,makh1262,makh1262,YES
Africa275-AtlanticCongo-numerals-makh1261-1.csv,makh1261,makh1261,YES
Africa276-AtlanticCongo-numerals-enah1238-1.csv,enah1238,makh1264,YES
Africa277-AtlanticCongo-numerals-koti1238-1.csv,koti1238,koti1238,YES
Africa278-AtlanticCongo-numerals-vend1245-1.csv,vend1245,vend1245,YES
Africa279-AtlanticCongo-numerals-birw1238-1.csv,birw1238,birw1238,YES
Africa280-AtlanticCongo-numerals-pedi1238-1.csv,pedi1238,pedi1238,YES
Africa281-AtlanticCongo-numerals-lozi1239-1.csv,lozi1239,lozi1239,YES
Africa282-AtlanticCongo-numerals-sout2807-1.csv,sout2807,sout2807,YES
Africa283-AtlanticCongo-numerals-tswa1253-1.csv,tswa1253,tswa1253,YES
Africa284-AtlanticCongo-numerals-kgal1244-1.csv,kgal1244,kgal1244,YES
Africa285-AtlanticCongo-numerals-swat1243-1.csv,swat1243,swat1243,YES
Africa286-AtlanticCongo-numerals-xhos1239-1.csv,xhos1239,xhos1239,YES
Africa287-AtlanticCongo-numerals-zulu1248-1.csv,zulu1248,zulu1248,YES
Africa288-AtlanticCongo-numerals-sout2808-1.csv,sout2808,sout2808,YES
Africa289-AtlanticCongo-numerals-chop1243-1.csv,chop1243,chop1243,YES
Africa290-AtlanticCongo-numerals-gito1238-1.csv,gito1238,gito1238,YES
Africa291-AtlanticCongo-numerals-tson1249-1.csv,tson1249,tson1249,YES
Africa292-AtlanticCongo-numerals-tswa1255-1.csv,tswa1255,tswa1255,YES
Africa293-AtlanticCongo-numerals-kala1384-1.csv,kala1384,kala1384,YES
Africa294-AtlanticCongo-numerals-shon1251-1.csv,shon1251,shon1251,YES
Africa295-AtlanticCongo-numerals-lenj1248-1.csv,lenj1248,lenj1248,YES
Africa296-AtlanticCongo-numerals-tong1318-1.csv,tong1318,tong1318,YES
Africa297-AtlanticCongo-numerals-subi1246-1.csv,subi1246,subi1246,YES
Africa298-AtlanticCongo-numerals-tote1238-1.csv,tote1238,tote1238,YES
Africa299-AtlanticCongo-numerals-ndam1239-1.csv,ndam1239,ndam1239,YES
Africa300-AtlanticCongo-numerals-lega1249-1.csv,lega1249,lega1249,YES
Africa301-AtlanticCongo-numerals-lega1250-1.csv,lega1250,lega1250,YES
Africa302-AtlanticCongo-numerals-zimb1251-1.csv,zimb1251,zimb1251,YES
Africa303-AtlanticCongo-numerals-lang1320-1.csv,lang1320,lang1320,YES
Africa304-AtlanticCongo-numerals-mbug1242-1.csv,mbug1242,mbug1242,YES
Africa305-AtlanticCongo-numerals-bada1258-1.csv,bada1258,bada1258,YES
Africa306-AtlanticCongo-numerals-jara1263-1.csv,jara1263,jara1263,YES
Africa307-AtlanticCongo-numerals-mbul1260-1.csv,mbul1260,mbul1260,YES
Africa308-AtlanticCongo-numerals-bebe1250-1.csv,bebe1250,bebe1250,YES
Africa309-AtlanticCongo-numerals-naki1238-1.csv,naki1238,naki1238,YES
Africa310-AtlanticCongo-numerals-keme1240-2.csv,keme1240,keme1240,YES
Africa311-AtlanticCongo-numerals-cung1238-1.csv,cung1238,cung1238,YES
Africa312-AtlanticCongo-numerals-ncan1245-1.csv,ncan1245,ncan1245,YES
Africa313-AtlanticCongo-numerals-noon1243-1.csv,noon1243,noon1243,YES
Africa314-AtlanticCongo-numerals-nsar1238-1.csv,nsar1238,nsar1238,YES
Africa315-AtlanticCongo-numerals-abar1238-1.csv,abar1238,abar1238,YES
Africa316-AtlanticCongo-numerals-mbuu1238-1.csv,mbuu1238,mbuu1238,YES
Africa317-AtlanticCongo-numerals-mund1328-1.csv,mund1328,mund1328,YES
Africa318-AtlanticCongo-numerals-bekw1241-1.csv,bekw1241,bekw1241,YES
Africa319-AtlanticCongo-numerals-bete1262-1.csv,bete1262,bete1262,YES
Africa320-AtlanticCongo-numerals-putu1241-1.csv,putu1241,putu1241,YES
Africa321-AtlanticCongo-numerals-boky1238-1.csv,boky1238,boky1238,YES
Africa322-AtlanticCongo-numerals-deny1238-1.csv,deny1238,deny1238,YES
Africa323-AtlanticCongo-numerals-keny1279-1.csv,keny1279,keny1279,YES
Africa324-AtlanticCongo-numerals-esim1238-1.csv,esim1238,esim1238,YES
Africa325-AtlanticCongo-numerals-ipul1238-1.csv,ipul1238,ipul1238,YES
Africa326-AtlanticCongo-numerals-iyiv1238-1.csv,iyiv1238,iyiv1238,YES
Africa327-AtlanticCongo-numerals-tivv1240-1.csv,tivv1240,tivv1240,YES
Africa328-AtlanticCongo-numerals-kukk1239-1.csv,kukk1239,kukk1239,YES
Africa329-AtlanticCongo-numerals-laim1240-1.csv,laim1240,laim1240,YES
Africa330-AtlanticCongo-numerals-aghe1239-1.csv,aghe1239,aghe1239,YES
Africa331-AtlanticCongo-numerals-wehh1238-1.csv,wehh1238,wehh1238,YES
Africa332-AtlanticCongo-numerals-isum1240-1.csv,isum1240,isum1240,YES
Africa333-AtlanticCongo-numerals-baba1266-1.csv,baba1266,baba1266,YES
Africa334-AtlanticCongo-numerals-okuu1243-1.csv,okuu1243,okuu1243,YES
Africa335-AtlanticCongo-numerals-komc1235-1.csv,komc1235,komc1235,YES
Africa336-AtlanticCongo-numerals-bumm1238-1.csv,bumm1238,bumm1238,YES
Africa337-AtlanticCongo-numerals-mmen1238-1.csv,mmen1238,mmen1238,YES
Africa338-AtlanticCongo-numerals-kung1260-1.csv,kung1260,kung1260,YES
Africa339-AtlanticCongo-numerals-lamn1239-1.csv,lamn1239,lamn1239,YES
Africa340-AtlanticCongo-numerals-bamu1256-1.csv,bamu1256,bamu1256,YES
Africa341-AtlanticCongo-numerals-wush1238-1.csv,wush1238,wush1238,YES
Africa342-AtlanticCongo-numerals-awin1248-1.csv,awin1248,awin1248,YES
Africa343-AtlanticCongo-numerals-bamb1266-1.csv,bamb1266,bamb1266,YES
Africa344-AtlanticCongo-numerals-bafu1246-1.csv,bafu1246,bafu1246,YES
Africa345-AtlanticCongo-numerals-mend1261-1.csv,mend1261,mend1261,YES
Africa346-AtlanticCongo-numerals-piny1238-1.csv,piny1238,piny1238,YES
Africa347-AtlanticCongo-numerals-baba1264-1.csv,baba1264,baba1264,YES
Africa348-AtlanticCongo-numerals-mung1266-1.csv,mung1266,mung1266,YES
Africa349-AtlanticCongo-numerals-bafa1249-1.csv,bafa1249,bafa1249,YES
Africa350-AtlanticCongo-numerals-bamu1253-1.csv,bamu1253,bamu1253,YES
Africa351-AtlanticCongo-numerals-bang1356-1.csv,bang1356,bang1356,YES
Africa352-AtlanticCongo-numerals-bamu1254-1.csv,bamu1254,bamu1254,YES
Africa353-AtlanticCongo-numerals-bama1251-1.csv,bama1251,bama1251,YES
Africa354-AtlanticCongo-numerals-bamb1265-1.csv,bamb1265,bamb1265,YES
Africa355-AtlanticCongo-numerals-fefe1239-1.csv,fefe1239,fefe1239,YES
Africa356-AtlanticCongo-numerals-ghom1247-1.csv,ghom1247,ghom1247,YES
Africa357-AtlanticCongo-numerals-medu1238-1.csv,medu1238,medu1238,YES
Africa358-AtlanticCongo-numerals-ndan1241-1.csv,ndan1241,ndan1241,YES
Africa359-AtlanticCongo-numerals-ngom1272-1.csv,ngom1272,ngom1272,YES
Africa360-AtlanticCongo-numerals-meng1264-1.csv,meng1264,meng1264,YES
Africa361-AtlanticCongo-numerals-ngwe1238-1.csv,ngwe1238,ngwe1238,YES
Africa362-AtlanticCongo-numerals-ngie1241-1.csv,ngie1241,ngie1241,YES
Africa363-AtlanticCongo-numerals-yemb1246-1.csv,yemb1246,yemb1246,YES
Africa364-AtlanticCongo-numerals-ngom1271-1.csv,ngom1271,ngom1271,YES
Africa365-AtlanticCongo-numerals-mfum1238-1.csv,mfum1238,mfum1238,YES
Africa366-AtlanticCongo-numerals-kwaj1242-1.csv,kwaj1242,kwaj1242,YES
Africa367-AtlanticCongo-numerals-yamb1251-1.csv,yamb1251,yamb1251,YES
Africa368-AtlanticCongo-numerals-limb1268-1.csv,limb1268,limb1268,YES
Africa369-AtlanticCongo-numerals-mogh1246-1.csv,mogh1246,meta1238,YES
Africa370-AtlanticCongo-numerals-ngam1267-1.csv,ngam1267,ngam1267,YES
Africa371-AtlanticCongo-numerals-ngwo1241-1.csv,ngwo1241,ngwo1241,YES
Africa372-AtlanticCongo-numerals-ngie1242-1.csv,ngie1242,ngie1242,YES
Africa373-AtlanticCongo-numerals-mund1327-1.csv,mund1327,mund1327,YES
Africa374-AtlanticCongo-numerals-ndem1249-1.csv,ndem1249,ndem1249,YES
Africa375-AtlanticCongo-numerals-nucl1410-1.csv,nucl1410,befa1241,YES
Africa376-AtlanticCongo-numerals-came1252-1.csv,came1252,came1252,YES
Africa377-AtlanticCongo-numerals-twen1242-1.csv,twen1242,twen1242,YES
Africa378-AtlanticCongo-numerals-nige1255-1.csv,nige1255,nige1255,YES
Africa379-AtlanticCongo-numerals-somy1238-1.csv,somy1238,somy1238,YES
Africa380-AtlanticCongo-numerals-vute1244-1.csv,vute1244,vute1244,YES
Africa381-AtlanticCongo-numerals-wawa1246-1.csv,wawa1246,wawa1246,YES
Africa382-AtlanticCongo-numerals-kwan1276-1.csv,kwan1276,kwan1276,YES
Africa383-AtlanticCongo-numerals-suga1248-1.csv,suga1248,suga1248,YES
Africa384-AtlanticCongo-numerals-ndoo1241-1.csv,ndoo1241,ndoo1241,YES
Africa385-AtlanticCongo-numerals-samb1311-1.csv,samb1311,samb1311,YES
Africa386-AtlanticCongo-numerals-tika1246-1.csv,tika1246,tika1246,YES
Africa387-AtlanticCongo-numerals-abua1244-1.csv,abua1244,abua1244,YES
Africa388-AtlanticCongo-numerals-odua1238-1.csv,odua1238,odua1238,YES
Africa389-AtlanticCongo-numerals-abur1244-1.csv,abur1244,abur1244,YES
Africa390-AtlanticCongo-numerals-ogbr1243-1.csv,ogbr1243,ogbr1243,YES
Africa391-AtlanticCongo-numerals-ogbi1239-1.csv,ogbi1239,ogbi1239,YES
Africa392-AtlanticCongo-numerals-anaa1238-1.csv,anaa1238,anaa1238,YES
Africa393-AtlanticCongo-numerals-ibib1240-1.csv,ibib1240,ibib1240,YES
Africa394-AtlanticCongo-numerals-efik1245-1.csv,efik1245,efik1245,YES
Africa395-AtlanticCongo-numerals-ukwa1238-1.csv,ukwa1238,ukwa1238,YES
Africa396-AtlanticCongo-numerals-efai1241-1.csv,efai1241,efai1241,YES
Africa397-AtlanticCongo-numerals-usag1244-1.csv,usag1244,usag1244,YES
Africa398-AtlanticCongo-numerals-ebug1241-1.csv,ebug1241,ebug1241,YES
Africa399-AtlanticCongo-numerals-oroo1241-1.csv,oroo1241,oroo1241,YES
Africa400-AtlanticCongo-numerals-udaa1238-1.csv,udaa1238,udaa1238,YES
Africa401-AtlanticCongo-numerals-obol1243-1.csv,obol1243,obol1243,YES
Africa402-AtlanticCongo-numerals-koro1304-1.csv,koro1304,koro1304,YES
Africa403-AtlanticCongo-numerals-agwa1247-1.csv,agwa1247,agwa1247,YES
Africa404-AtlanticCongo-numerals-kuke1242-1.csv,kuke1242,kuke1242,YES
Africa405-AtlanticCongo-numerals-orin1239-2.csv,orin1239,orin1239,YES
Africa406-AtlanticCongo-numerals-cros1244-1.csv,cros1244,cros1244,YES
Africa407-AtlanticCongo-numerals-loka1252-1.csv,loka1252,loka1252,YES
Africa408-AtlanticCongo-numerals-elem1253-1.csv,elem1253,elem1253,YES
Africa409-AtlanticCongo-numerals-goka1239-1.csv,goka1239,goka1239,YES
Africa410-AtlanticCongo-numerals-khan1278-1.csv,khan1278,khan1278,YES
Africa411-AtlanticCongo-numerals-ayer1245-1.csv,ayer1245,ayer1245,YES
Africa412-AtlanticCongo-numerals-edec1238-1.csv,edec1238,edec1238,YES
Africa413-AtlanticCongo-numerals-uluk1257-1.csv,uluk1257,uluk1257,YES
Africa414-AtlanticCongo-numerals-yoru1245-1.csv,yoru1245,yoru1245,YES
Africa415-AtlanticCongo-numerals-edei1244-1.csv,edei1244,edei1244,YES
Africa416-AtlanticCongo-numerals-ifee1241-1.csv,ifee1241,ifee1241,YES
Africa417-AtlanticCongo-numerals-edei1246-1.csv,edei1246,edei1246,YES
Africa418-AtlanticCongo-numerals-igal1242-1.csv,igal1242,igal1242,YES
Africa419-AtlanticCongo-numerals-ogee1238-1.csv,ogee1238,arig1246,YES
Africa420-AtlanticCongo-numerals-akpe1248-1.csv,akpe1248,akpe1248,YES
Africa421-AtlanticCongo-numerals-okpa1238-1.csv,okpa1238,okpa1238,YES
Africa422-AtlanticCongo-numerals-ivbi1241-1.csv,ivbi1241,ivbi1241,YES
Africa423-AtlanticCongo-numerals-osos1238-1.csv,osos1238,osos1238,YES
Africa424-AtlanticCongo-numerals-bini1246-1.csv,bini1246,bini1246,YES
Africa425-AtlanticCongo-numerals-emai1241-1.csv,emai1241,emai1241,YES
Africa426-AtlanticCongo-numerals-esan1238-1.csv,esan1238,esan1238,YES
Africa427-AtlanticCongo-numerals-ghot1243-1.csv,ghot1243,ghot1243,YES
Africa428-AtlanticCongo-numerals-yekh1238-1.csv,yekh1238,yekh1238,YES
Africa429-AtlanticCongo-numerals-isok1239-1.csv,isok1239,isok1239,YES
Africa430-AtlanticCongo-numerals-urho1239-1.csv,urho1239,urho1239,YES
Africa431-AtlanticCongo-numerals-dege1246-1.csv,dege1246,dege1246,YES
Africa432-AtlanticCongo-numerals-enge1239-1.csv,enge1239,enge1239,YES
Africa433-AtlanticCongo-numerals-agat1236-1.csv,agat1236,agat1236,YES
Africa434-AtlanticCongo-numerals-idom1241-1.csv,idom1241,idom1241,YES
Africa435-AtlanticCongo-numerals-yala1263-1.csv,yala1263,yala1263,YES
Africa436-AtlanticCongo-numerals-alag1242-1.csv,alag1242,alag1242,YES
Africa437-AtlanticCongo-numerals-etul1245-1.csv,etul1245,etul1245,YES
Africa438-AtlanticCongo-numerals-iged1239-1.csv,iged1239,iged1239,YES
Africa439-AtlanticCongo-numerals-okoe1238-1.csv,okoe1238,okoe1238,YES
Africa440-AtlanticCongo-numerals-igut1238-1.csv,igut1238,igut1238,YES
Africa441-AtlanticCongo-numerals-gbir1241-1.csv,gbir1241,gbir1241,YES
Africa442-AtlanticCongo-numerals-kura1249-1.csv,kura1249,kura1249,YES
Africa443-AtlanticCongo-numerals-basa1282-1.csv,basa1282,basa1282,YES
Africa444-AtlanticCongo-numerals-tsis1238-1.csv,tsis1238,tsis1238,YES
Africa445-AtlanticCongo-numerals-tsik1238-1.csv,tsik1238,tsik1238,YES
Africa446-AtlanticCongo-numerals-cici1237-1.csv,cici1237,cici1237,YES
Africa447-AtlanticCongo-numerals-fung1245-1.csv,fung1245,fung1245,YES
Africa448-AtlanticCongo-numerals-pong1250-1.csv,pong1250,pong1250,YES
Africa449-AtlanticCongo-numerals-cind1241-1.csv,cind1241,cind1241,YES
Africa450-AtlanticCongo-numerals-hung1276-1.csv,hung1276,hung1276,YES
Africa451-AtlanticCongo-numerals-clel1238-1.csv,clel1238,clel1238,YES
Africa452-AtlanticCongo-numerals-kagf1238-1.csv,kagf1238,kagf1238,YES
Africa453-AtlanticCongo-numerals-huns1239-1.csv,huns1239,huns1239,YES
Africa454-AtlanticCongo-numerals-resh1242-1.csv,resh1242,resh1242,YES
Africa455-AtlanticCongo-numerals-nupe1254-1.csv,nupe1254,nupe1254,YES
Africa456-AtlanticCongo-numerals-kaka1264-1.csv,kaka1264,kaka1264,YES
Africa457-AtlanticCongo-numerals-gbar1246-1.csv,gbar1246,gbar1246,YES
Africa458-AtlanticCongo-numerals-ebir1243-1.csv,ebir1243,ebir1243,YES
Africa459-AtlanticCongo-numerals-como1258-1.csv,como1258,como1258,YES
Africa460-AtlanticCongo-numerals-tigo1236-1.csv,tigo1236,tigo1236,YES
Africa461-AtlanticCongo-numerals-hone1235-1.csv,hone1235,hone1235,YES
Africa462-AtlanticCongo-numerals-jiba1237-1.csv,jiba1237,jiba1237,YES
Africa463-AtlanticCongo-numerals-wapa1235-1.csv,wapa1235,wapa1235,YES
Africa464-AtlanticCongo-numerals-jibu1239-1.csv,jibu1239,jibu1239,YES
Africa465-AtlanticCongo-numerals-waph1238-1.csv,waph1238,waph1238,YES
Africa466-AtlanticCongo-numerals-kute1248-1.csv,kute1248,kute1248,YES
Africa467-AtlanticCongo-numerals-ukaa1243-1.csv,ukaa1243,ukaa1243,YES
Africa468-AtlanticCongo-numerals-ekpe1253-1.csv,ekpe1253,ekpe1253,YES
Africa469-AtlanticCongo-numerals-ikwe1242-1.csv,ikwe1242,ikwe1242,YES
Africa470-AtlanticCongo-numerals-izie1238-1.csv,izie1238,izie1238,YES
Africa471-AtlanticCongo-numerals-nucl1417-1.csv,nucl1417,nucl1417,YES
Africa472-AtlanticCongo-numerals-kapy1238-1.csv,kapy1238,kapy1238,YES
Africa473-AtlanticCongo-numerals-yuku1243-1.csv,yuku1243,yuku1243,YES
Africa474-AtlanticCongo-numerals-akum1238-1.csv,akum1238,akum1238,YES
Africa475-AtlanticCongo-numerals-beez1238-1.csv,beez1238,beez1238,YES
Africa476-AtlanticCongo-numerals-bete1261-1.csv,bete1261,bete1261,YES
Africa477-AtlanticCongo-numerals-lufu1237-1.csv,lufu1237,lufu1237,YES
Africa478-AtlanticCongo-numerals-eten1239-1.csv,eten1239,eten1239,YES
Africa479-AtlanticCongo-numerals-bero1242-1.csv,bero1242,bero1242,YES
Africa480-AtlanticCongo-numerals-fyam1238-1.csv,fyam1238,fyam1238,YES
Africa481-AtlanticCongo-numerals-eloy1241-1.csv,eloy1241,eloy1241,YES
Africa482-AtlanticCongo-numerals-yesk1239-1.csv,yesk1239,yesk1239,YES
Africa483-AtlanticCongo-numerals-hyam1245-1.csv,hyam1245,hyam1245,YES
Africa484-AtlanticCongo-numerals-izer1241-1.csv,izer1241,izer1241,YES
Africa485-AtlanticCongo-numerals-jjuu1238-1.csv,jjuu1238,jjuu1238,YES
Africa486-AtlanticCongo-numerals-tyap1238-1.csv,tyap1238,tyap1238,YES
Africa487-AtlanticCongo-numerals-irig1241-1.csv,irig1241,irig1241,YES
Africa488-AtlanticCongo-numerals-ayuu1242-1.csv,ayuu1242,ayuu1242,YES
Africa489-AtlanticCongo-numerals-buuu1244-1.csv,buuu1244,buuu1244,YES
Africa490-AtlanticCongo-numerals-mada1282-1.csv,mada1282,mada1282,YES
Africa491-AtlanticCongo-numerals-ninz1246-1.csv,ninz1246,ninz1246,YES
Africa492-AtlanticCongo-numerals-chee1238-1.csv,chee1238,chee1238,YES
Africa493-AtlanticCongo-numerals-eggo1239-1.csv,eggo1239,eggo1239,YES
Africa494-AtlanticCongo-numerals-liji1238-1.csv,liji1238,liji1238,YES
Africa495-AtlanticCongo-numerals-alum1246-1.csv,alum1246,alum1246,YES
Africa496-AtlanticCongo-numerals-taro1263-1.csv,taro1263,taro1263,YES
Africa497-AtlanticCongo-numerals-ikul1238-1.csv,ikul1238,ikul1238,YES
Africa498-AtlanticCongo-numerals-abee1242-1.csv,abee1242,abee1242,YES
Africa499-AtlanticCongo-numerals-adio1239-1.csv,adio1239,adio1239,YES
Africa500-AtlanticCongo-numerals-abid1235-1.csv,abid1235,abid1235,YES
Africa501-AtlanticCongo-numerals-abro1238-1.csv,abro1238,abro1238,YES
Africa502-AtlanticCongo-numerals-akan1250-1.csv,akan1250,akan1250,YES
Africa503-AtlanticCongo-numerals-ahan1243-1.csv,ahan1243,ahan1243,YES
Africa504-AtlanticCongo-numerals-jwir1241-1.csv,jwir1241,jwir1241,YES
Africa505-AtlanticCongo-numerals-nzim1238-1.csv,nzim1238,nzim1238,YES
Africa506-AtlanticCongo-numerals-anuf1239-1.csv,anuf1239,anuf1239,YES
Africa507-AtlanticCongo-numerals-anyi1245-1.csv,anyi1245,anyi1245,YES
Africa508-AtlanticCongo-numerals-baou1238-1.csv,baou1238,baou1238,YES
Africa509-AtlanticCongo-numerals-sehw1238-1.csv,sehw1238,sehw1238,YES
Africa510-AtlanticCongo-numerals-awut1241-1.csv,awut1241,awut1241,YES
Africa511-AtlanticCongo-numerals-cher1271-1.csv,cher1271,cher1271,YES
Africa512-AtlanticCongo-numerals-guaa1238-1.csv,guaa1238,guaa1238,YES
Africa513-AtlanticCongo-numerals-lart1238-1.csv,lart1238,lart1238,YES
Africa514-AtlanticCongo-numerals-chum1261-1.csv,chum1261,chum1261,YES
Africa515-AtlanticCongo-numerals-kpla1238-1.csv,kpla1238,kpla1238,YES
Africa516-AtlanticCongo-numerals-dwan1238-1.csv,dwan1238,dwan1238,YES
Africa517-AtlanticCongo-numerals-krac1238-1.csv,krac1238,krac1238,YES
Africa518-AtlanticCongo-numerals-food1238-1.csv,food1238,food1238,YES
Africa519-AtlanticCongo-numerals-giny1241-1.csv,giny1241,giny1241,YES
Africa520-AtlanticCongo-numerals-nawu1242-1.csv,nawu1242,nawu1242,YES
Africa521-AtlanticCongo-numerals-domp1238-1.csv,domp1238,domp1238,YES
Africa522-AtlanticCongo-numerals-gonj1241-1.csv,gonj1241,gonj1241,YES
Africa523-AtlanticCongo-numerals-nkon1248-1.csv,nkon1248,nkon1248,YES
Africa524-AtlanticCongo-numerals-abur1243-1.csv,abur1243,abur1243,YES
Africa525-AtlanticCongo-numerals-beti1248-1.csv,beti1248,beti1248,YES
Africa526-AtlanticCongo-numerals-atti1239-1.csv,atti1239,atti1239,YES
Africa527-AtlanticCongo-numerals-alla1248-1.csv,alla1248,alla1248,YES
Africa528-AtlanticCongo-numerals-avik1243-1.csv,avik1243,avik1243,YES
Africa529-AtlanticCongo-numerals-adan1247-1.csv,adan1247,adan1247,YES
Africa530-AtlanticCongo-numerals-gaaa1244-1.csv,gaaa1244,gaaa1244,YES
Africa531-AtlanticCongo-numerals-akeb1238-1.csv,akeb1238,akeb1238,YES
Africa532-AtlanticCongo-numerals-anim1239-1.csv,anim1239,anim1239,YES
Africa533-AtlanticCongo-numerals-igoo1238-1.csv,igoo1238,igoo1238,YES
Africa534-AtlanticCongo-numerals-tuwu1238-1.csv,tuwu1238,tuwu1238,YES
Africa535-AtlanticCongo-numerals-ikpo1238-1.csv,ikpo1238,ikpo1238,YES
Africa536-AtlanticCongo-numerals-avat1244-1.csv,avat1244,avat1244,YES
Africa537-AtlanticCongo-numerals-nyan1302-1.csv,nyan1302,nyan1302,YES
Africa538-AtlanticCongo-numerals-tafi1243-1.csv,tafi1243,tafi1243,YES
Africa539-AtlanticCongo-numerals-adel1244-1.csv,adel1244,adel1244,YES
Africa540-AtlanticCongo-numerals-anii1245-1.csv,anii1245,anii1245,YES
Africa541-AtlanticCongo-numerals-lele1264-1.csv,lele1264,lele1264,YES
Africa542-AtlanticCongo-numerals-siwu1238-1.csv,siwu1238,siwu1238,YES
Africa543-AtlanticCongo-numerals-sekp1241-1.csv,sekp1241,sekp1241,YES
Africa544-AtlanticCongo-numerals-sele1249-1.csv,sele1249,sele1249,YES
Africa545-AtlanticCongo-numerals-logb1245-1.csv,logb1245,logb1245,YES
Africa546-AtlanticCongo-numerals-adan1248-1.csv,adan1248,adan1248,YES
Africa547-AtlanticCongo-numerals-ewee1241-1.csv,ewee1241,ewee1241,YES
Africa548-AtlanticCongo-numerals-genn1243-1.csv,genn1243,genn1243,YES
Africa549-AtlanticCongo-numerals-waci1239-1.csv,waci1239,waci1239,YES
Africa550-AtlanticCongo-numerals-ajab1235-1.csv,ajab1235,ajab1235,YES
Africa551-AtlanticCongo-numerals-maxi1236-1.csv,maxi1236,maxi1236,YES
Africa552-AtlanticCongo-numerals-fonn1241-1.csv,fonn1241,fonn1241,YES
Africa553-AtlanticCongo-numerals-gunn1250-1.csv,gunn1250,gunn1250,YES
Africa554-AtlanticCongo-numerals-saxw1241-1.csv,saxw1241,saxw1241,YES
Africa555-AtlanticCongo-numerals-kota1272-1.csv,kota1272,kota1272,YES
Africa556-AtlanticCongo-numerals-xwel1235-1.csv,xwel1235,xwel1235,YES
Africa557-AtlanticCongo-numerals-west2456-1.csv,west2456,west2456,YES
Africa558-AtlanticCongo-numerals-nort2770-1.csv,nort2770,nort2770,YES
Africa559-AtlanticCongo-numerals-fali1264-1.csv,fali1264,sout2782,YES
Africa560-AtlanticCongo-numerals-miyo1238-1.csv,miyo1238,miyo1238,YES
Africa561-AtlanticCongo-numerals-akas1242-1.csv,akas1242,akas1242,YES
Africa562-AtlanticCongo-numerals-ntch1242-1.csv,ntch1242,ntch1242,YES
Africa563-AtlanticCongo-numerals-bimo1239-1.csv,bimo1239,bimo1239,YES
Africa564-AtlanticCongo-numerals-moba1244-1.csv,moba1244,moba1244,YES
Africa565-AtlanticCongo-numerals-gour1243-1.csv,gour1243,gour1243,YES
Africa566-AtlanticCongo-numerals-konk1269-1.csv,konk1269,konk1269,YES
Africa567-AtlanticCongo-numerals-ngan1299-1.csv,ngan1299,ngan1299,YES
Africa568-AtlanticCongo-numerals-nawd1238-1.csv,nawd1238,nawd1238,YES
Africa569-AtlanticCongo-numerals-yomm1242-1.csv,yomm1242,yomm1242,YES
Africa570-AtlanticCongo-numerals-wali1263-1.csv,wali1263,wali1263,YES
Africa571-AtlanticCongo-numerals-sout2789-1.csv,sout2789,sout2789,YES
Africa572-AtlanticCongo-numerals-malb1235-1.csv,malb1235,malb1235,YES
Africa573-AtlanticCongo-numerals-sout2790-1.csv,sout2790,sout2790,YES
Africa574-AtlanticCongo-numerals-nort2780-1.csv,nort2780,nort2780,YES
Africa575-AtlanticCongo-numerals-safa1243-1.csv,safa1243,safa1243,YES
Africa576-AtlanticCongo-numerals-fare1241-1.csv,fare1241,fare1241,YES
Africa577-AtlanticCongo-numerals-kant1249-1.csv,kant1249,kant1249,YES
Africa578-AtlanticCongo-numerals-moss1236-1.csv,moss1236,moss1236,YES
Africa579-AtlanticCongo-numerals-dagb1246-1.csv,dagb1246,dagb1246,YES
Africa580-AtlanticCongo-numerals-mamp1244-1.csv,mamp1244,mamp1244,YES
Africa581-AtlanticCongo-numerals-hang1258-1.csv,hang1258,hang1258,YES
Africa582-AtlanticCongo-numerals-kama1357-1.csv,kama1357,kama1357,YES
Africa583-AtlanticCongo-numerals-kusa1250-1.csv,kusa1250,kusa1250,YES
Africa584-AtlanticCongo-numerals-notr1240-1.csv,notr1240,notr1240,YES
Africa585-AtlanticCongo-numerals-bial1238-1.csv,bial1238,bial1238,YES
Africa586-AtlanticCongo-numerals-dita1238-1.csv,dita1238,dita1238,YES
Africa587-AtlanticCongo-numerals-mbel1240-1.csv,mbel1240,mbel1240,YES
Africa588-AtlanticCongo-numerals-nate1242-1.csv,nate1242,nate1242,YES
Africa589-AtlanticCongo-numerals-waam1244-1.csv,waam1244,waam1244,YES
Africa590-AtlanticCongo-numerals-buli1254-1.csv,buli1254,buli1254,YES
Africa591-AtlanticCongo-numerals-konn1242-1.csv,konn1242,konn1242,YES
Africa592-AtlanticCongo-numerals-buam1238-1.csv,buam1238,buam1238,YES
Africa593-AtlanticCongo-numerals-cwib1235-1.csv,cwib1235,cwib1235,YES
Africa594-AtlanticCongo-numerals-laal1241-1.csv,laal1241,laal1241,YES
Africa595-AtlanticCongo-numerals-koro1298-1.csv,koro1298,koro1298,YES
Africa596-AtlanticCongo-numerals-baat1238-2.csv,baat1238,baat1238,YES
Africa597-AtlanticCongo-numerals-dyan1251-1.csv,dyan1251,dyan1251,YES
Africa598-AtlanticCongo-numerals-lobi1245-1.csv,lobi1245,lobi1245,YES
Africa599-AtlanticCongo-numerals-bago1245-1.csv,bago1245,bago1245,YES
Africa600-AtlanticCongo-numerals-chal1269-1.csv,chal1269,chal1269,YES
Africa601-AtlanticCongo-numerals-delo1240-1.csv,delo1240,delo1240,YES
Africa602-AtlanticCongo-numerals-temm1241-1.csv,temm1241,temm1241,YES
Africa603-AtlanticCongo-numerals-kabi1261-1.csv,kabi1261,kabi1261,YES
Africa604-AtlanticCongo-numerals-lukp1238-1.csv,lukp1238,lukp1238,YES
Africa605-AtlanticCongo-numerals-lama1275-1.csv,lama1275,lama1275,YES
Africa606-AtlanticCongo-numerals-chak1271-1.csv,chak1271,chak1271,YES
Africa607-AtlanticCongo-numerals-tamp1252-1.csv,tamp1252,tamp1252,YES
Africa608-AtlanticCongo-numerals-vagl1239-1.csv,vagl1239,vagl1239,YES
Africa609-AtlanticCongo-numerals-degg1238-1.csv,degg1238,degg1238,YES
Africa610-AtlanticCongo-numerals-paas1238-1.csv,paas1238,paas1238,YES
Africa611-AtlanticCongo-numerals-tumu1242-1.csv,tumu1242,tumu1242,YES
Africa612-AtlanticCongo-numerals-siss1242-1.csv,siss1242,siss1242,YES
Africa613-AtlanticCongo-numerals-west2465-1.csv,west2465,west2465,YES
Africa614-AtlanticCongo-numerals-phui1238-1.csv,phui1238,phui1238,YES
Africa615-AtlanticCongo-numerals-winy1241-1.csv,winy1241,winy1241,YES
Africa616-AtlanticCongo-numerals-kase1253-1.csv,kase1253,kase1253,YES
Africa617-AtlanticCongo-numerals-nort2784-1.csv,nort2784,nort2784,YES
Africa618-AtlanticCongo-numerals-sout2795-1.csv,sout2795,sout2795,YES
Africa619-AtlanticCongo-numerals-lyel1241-1.csv,lyel1241,lyel1241,YES
Africa620-AtlanticCongo-numerals-pana1295-1.csv,pana1295,pana1295,YES
Africa621-AtlanticCongo-numerals-dogo1295-1.csv,dogo1295,dogo1295,YES
Africa622-AtlanticCongo-numerals-khis1238-1.csv,khis1238,khis1238,YES
Africa623-AtlanticCongo-numerals-kaan1246-1.csv,kaan1246,kaan1246,YES
Africa624-AtlanticCongo-numerals-cerm1238-1.csv,cerm1238,cerm1238,YES
Africa625-AtlanticCongo-numerals-turk1306-1.csv,turk1306,turk1306,YES
Africa626-AtlanticCongo-numerals-awak1250-1.csv,awak1250,awak1250,YES
Africa627-AtlanticCongo-numerals-bang1348-2.csv,bang1348,bang1348,YES
Africa628-AtlanticCongo-numerals-dadi1249-1.csv,dadi1249,dadi1249,YES
Africa629-AtlanticCongo-numerals-tula1252-1.csv,tula1252,tula1252,YES
Africa630-AtlanticCongo-numerals-diji1241-1.csv,diji1241,diji1241,YES
Africa631-AtlanticCongo-numerals-waja1259-1.csv,waja1259,waja1259,YES
Africa632-AtlanticCongo-numerals-long1389-1.csv,long1389,long1389,YES
Africa633-AtlanticCongo-numerals-tief1242-2.csv,tief1242,tief1242,YES
Africa634-AtlanticCongo-numerals-nort2787-1.csv,nort2787,nort2787,YES
Africa635-AtlanticCongo-numerals-sout2797-1.csv,sout2797,sout2797,YES
Africa636-AtlanticCongo-numerals-viem1243-1.csv,viem1243,viem1243,YES
Africa637-AtlanticCongo-numerals-bond1246-2.csv,bond1246,bond1246,YES
Africa638-AtlanticCongo-numerals-boun1243-1.csv,boun1243,boun1243,YES
Africa639-AtlanticCongo-numerals-teen1242-1.csv,teen1242,teen1242,YES
Africa640-AtlanticCongo-numerals-wara1292-1.csv,wara1292,wara1292,YES
Africa641-AtlanticCongo-numerals-ngba1285-1.csv,ngba1285,ngba1285,YES
Africa642-AtlanticCongo-numerals-gban1260-1.csv,gban1260,gban1260,YES
Africa643-AtlanticCongo-numerals-gbay1281-1.csv,gbay1281,gbay1281,YES
Africa644-AtlanticCongo-numerals-sout2785-1.csv,sout2785,sout2785,YES
Africa645-AtlanticCongo-numerals-nort2775-1.csv,nort2775,nort2775,YES
Africa646-AtlanticCongo-numerals-boko1261-1.csv,boko1261,boko1261,YES
Africa647-AtlanticCongo-numerals-gbay1287-1.csv,gbay1287,gbay1287,YES
Africa648-AtlanticCongo-numerals-kamm1249-1.csv,kamm1249,kamm1249,YES
Africa649-AtlanticCongo-numerals-besm1235-1.csv,besm1235,besm1235,YES
Africa650-AtlanticCongo-numerals-kimm1246-1.csv,kimm1246,kimm1246,YES
Africa651-AtlanticCongo-numerals-zang1249-1.csv,zang1249,zang1249,YES
Africa652-AtlanticCongo-numerals-niel1243-1.csv,niel1243,niel1243,YES
Africa653-AtlanticCongo-numerals-tuni1251-1.csv,tuni1251,tuni1251,YES
Africa654-AtlanticCongo-numerals-dayy1236-1.csv,dayy1236,dayy1236,YES
Africa655-AtlanticCongo-numerals-kaan1247-1.csv,kaan1247,kaan1247,YES
Africa656-AtlanticCongo-numerals-bura1271-1.csv,bura1271,bura1271,YES
Africa657-AtlanticCongo-numerals-dzaa1238-1.csv,dzaa1238,dzaa1238,YES
Africa658-AtlanticCongo-numerals-kwaa1262-1.csv,kwaa1262,kwaa1262,YES
Africa659-AtlanticCongo-numerals-bela1255-1.csv,bela1255,bela1255,YES
Africa660-AtlanticCongo-numerals-ndog1248-1.csv,ndog1248,ndog1248,YES
Africa661-AtlanticCongo-numerals-baka1272-1.csv,baka1272,baka1272,YES
Africa662-AtlanticCongo-numerals-lima1246-1.csv,lima1246,lima1246,YES
Africa663-AtlanticCongo-numerals-gban1258-1.csv,gban1258,gban1258,YES
Africa664-AtlanticCongo-numerals-ngba1284-1.csv,ngba1284,ngba1284,YES
Africa665-AtlanticCongo-numerals-monz1249-1.csv,monz1249,monz1249,YES
Africa666-AtlanticCongo-numerals-mayo1261-1.csv,mayo1261,mayo1261,YES
Africa667-AtlanticCongo-numerals-mund1326-1.csv,mund1326,mund1326,YES
Africa668-AtlanticCongo-numerals-dong1290-1.csv,dong1290,dong1290,YES
Africa669-AtlanticCongo-numerals-mbaa1245-1.csv,mbaa1245,mbaa1245,YES
Africa670-AtlanticCongo-numerals-band1344-1.csv,band1344,band1344,YES
Africa671-AtlanticCongo-numerals-mono1270-1.csv,mono1270,mono1270,YES
Africa672-AtlanticCongo-numerals-lang1318-1.csv,lang1318,lang1318,YES
Africa673-AtlanticCongo-numerals-sout2787-2.csv,sout2787,sout2787,YES
Africa674-AtlanticCongo-numerals-mban1263-1.csv,mban1263,mban1263,YES
Africa675-AtlanticCongo-numerals-west2458-1.csv,west2458,west2458,YES
Africa676-AtlanticCongo-numerals-nzak1247-1.csv,nzak1247,nzak1247,YES
Africa677-AtlanticCongo-numerals-zand1248-1.csv,zand1248,zand1248,YES
Africa678-AtlanticCongo-numerals-yako1252-1.csv,yako1252,yako1252,YES
Africa679-AtlanticCongo-numerals-nort2774-1.csv,nort2774,nort2774,YES
Africa680-AtlanticCongo-numerals-sout2784-1.csv,sout2784,sout2784,YES
Africa681-AtlanticCongo-numerals-mamb1294-1.csv,mamb1294,mamb1294,YES
Africa682-AtlanticCongo-numerals-mund1325-1.csv,mund1325,mund1325,YES
Africa683-AtlanticCongo-numerals-tupu1244-1.csv,tupu1244,tupu1244,YES
Africa684-AtlanticCongo-numerals-kara1478-1.csv,kara1478,kara1478,YES
Africa685-AtlanticCongo-numerals-pana1293-1.csv,pana1293,pana1293,YES
Africa686-AtlanticCongo-numerals-nzak1246-1.csv,nzak1246,nzak1246,YES
Africa687-AtlanticCongo-numerals-kuoo1238-1.csv,kuoo1238,kuoo1238,YES
Africa688-AtlanticCongo-numerals-mbum1254-1.csv,mbum1254,mbum1254,YES
Africa689-AtlanticCongo-numerals-bali1245-1.csv,bali1245,bali1245,YES
Africa690-AtlanticCongo-numerals-kpas1242-1.csv,kpas1242,kpas1242,YES
Africa691-AtlanticCongo-numerals-yend1241-1.csv,yend1241,yend1241,YES
Africa692-AtlanticCongo-numerals-nucl1240-1.csv,nucl1240,nucl1240,YES
Africa693-AtlanticCongo-numerals-diii1241-1.csv,diii1241,diii1241,YES
Africa694-AtlanticCongo-numerals-duup1238-1.csv,duup1238,duup1238,YES
Africa695-AtlanticCongo-numerals-dugu1248-1.csv,dugu1248,dugu1248,YES
Africa696-AtlanticCongo-numerals-peer1241-1.csv,peer1241,peer1241,YES
Africa697-AtlanticCongo-numerals-kolb1240-1.csv,kolb1240,kolb1240,YES
Africa698-AtlanticCongo-numerals-samb1305-1.csv,samb1305,samb1305,YES
Africa699-AtlanticCongo-numerals-long1387-1.csv,long1387,long1387,YES
Africa700-AtlanticCongo-numerals-doya1240-1.csv,doya1240,doya1240,YES
Africa701-AtlanticCongo-numerals-gimm1241-2.csv,gimm1241,gimm1241,YES
Africa702-AtlanticCongo-numerals-koma1266-1.csv,koma1266,koma1266,YES
Africa703-AtlanticCongo-numerals-momj1237-1.csv,momj1237,momj1237,YES
Africa704-AtlanticCongo-numerals-ceba1235-1.csv,ceba1235,ceba1235,YES
Africa705-AtlanticCongo-numerals-nyar1245-1.csv,nyar1245,nyar1245,YES
Africa706-AtlanticCongo-numerals-pala1342-1.csv,pala1342,pala1342,YES
Africa707-AtlanticCongo-numerals-djim1235-1.csv,djim1235,djim1235,YES
Africa708-AtlanticCongo-numerals-tagw1240-1.csv,tagw1240,tagw1240,YES
Africa709-AtlanticCongo-numerals-nafa1258-1.csv,nafa1258,nafa1258,YES
Africa710-AtlanticCongo-numerals-mama1271-1.csv,mama1271,mama1271,YES
Africa711-AtlanticCongo-numerals-sici1249-1.csv,sici1249,sici1249,YES
Africa712-AtlanticCongo-numerals-shem1239-1.csv,shem1239,supy1237,YES
Africa713-AtlanticCongo-numerals-east2398-2.csv,east2398,east2398,YES
Africa714-AtlanticCongo-numerals-west2466-1.csv,west2466,west2466,YES
Africa715-AtlanticCongo-numerals-leha1242-1.csv,leha1242,leha1242,YES
Africa716-AtlanticCongo-numerals-noon1242-1.csv,noon1242,noon1242,YES
Africa717-AtlanticCongo-numerals-saaf1238-1.csv,saaf1238,saaf1238,YES
Africa718-AtlanticCongo-numerals-ndut1239-1.csv,ndut1239,ndut1239,YES
Africa719-AtlanticCongo-numerals-palo1243-1.csv,palo1243,palo1243,YES
Africa720-AtlanticCongo-numerals-adam1253-1.csv,adam1253,adam1253,YES
Africa721-AtlanticCongo-numerals-cent2018-1.csv,cent2018,cent2018,YES
Africa722-AtlanticCongo-numerals-maas1239-1.csv,maas1239,maas1239,YES
Africa723-AtlanticCongo-numerals-pula1262-1.csv,pula1262,pula1262,YES
Africa724-AtlanticCongo-numerals-pula1263-1.csv,pula1263,pula1263,YES
Africa725-AtlanticCongo-numerals-west2454-1.csv,west2454,west2454,YES
Africa726-AtlanticCongo-numerals-sere1260-1.csv,sere1260,sere1260,YES
Africa727-AtlanticCongo-numerals-mbul1258-1.csv,mbul1258,mbul1258,YES
Africa728-AtlanticCongo-numerals-nalu1240-1.csv,nalu1240,nalu1240,YES
Africa729-AtlanticCongo-numerals-bayo1255-1.csv,bayo1255,bayo1255,YES
Africa730-AtlanticCongo-numerals-karo1294-1.csv,karo1294,karo1294,YES
Africa731-AtlanticCongo-numerals-kuwa1246-1.csv,kuwa1246,kuwa1246,YES
Africa732-AtlanticCongo-numerals-jola1262-1.csv,jola1262,jola1262,YES
Africa733-AtlanticCongo-numerals-band1340-1.csv,band1340,band1340,YES
Africa734-AtlanticCongo-numerals-gusi1246-1.csv,gusi1246,gusi1246,YES
Africa735-AtlanticCongo-numerals-jola1263-1.csv,jola1263,jola1263,YES
Africa736-AtlanticCongo-numerals-pape1239-1.csv,pape1239,pape1239,YES
Africa737-AtlanticCongo-numerals-mank1251-1.csv,mank1251,mank1251,YES
Africa738-AtlanticCongo-numerals-bala1301-1.csv,bala1301,bala1301,YES
Africa739-AtlanticCongo-numerals-bala1302-1.csv,bala1302,bala1302,YES
Africa740-AtlanticCongo-numerals-bidy1244-1.csv,bidy1244,bidy1244,YES
Africa741-AtlanticCongo-numerals-bady1239-1.csv,bady1239,bady1239,YES
Africa742-AtlanticCongo-numerals-biaf1240-1.csv,biaf1240,biaf1240,YES
Africa743-AtlanticCongo-numerals-bain1261-1.csv,bain1261,bain1261,YES
Africa744-AtlanticCongo-numerals-kasa1248-1.csv,kasa1248,kasa1248,YES
Africa745-AtlanticCongo-numerals-kobi1241-1.csv,kobi1241,kobi1241,YES
Africa746-AtlanticCongo-numerals-nucl1347-1.csv,nucl1347,nucl1347,YES
Africa747-AtlanticCongo-numerals-bass1258-1.csv,bass1258,bass1258,YES
Africa748-AtlanticCongo-numerals-bedi1235-1.csv,bedi1235,bedi1235,YES
Africa749-AtlanticCongo-numerals-wame1240-1.csv,wame1240,wame1240,YES
Africa750-AtlanticCongo-numerals-baga1270-1.csv,baga1270,baga1270,YES
Africa751-AtlanticCongo-numerals-baga1272-1.csv,baga1272,baga1272,YES
Africa752-AtlanticCongo-numerals-land1256-1.csv,land1256,land1256,YES
Africa753-AtlanticCongo-numerals-timn1235-1.csv,timn1235,timn1235,YES
Africa754-AtlanticCongo-numerals-krim1238-1.csv,krim1238,bomk1234,YES
Africa755-AtlanticCongo-numerals-bull1247-1.csv,bull1247,bull1247,YES
Africa756-AtlanticCongo-numerals-sher1258-1.csv,sher1258,sher1258,YES
Africa757-AtlanticCongo-numerals-sout2778-1.csv,sout2778,sout2778,YES
Africa758-AtlanticCongo-numerals-mans1259-1.csv,mans1259,mans1259,YES
Africa759-AtlanticCongo-numerals-east2387-1.csv,east2387,east2387,YES
Africa760-AtlanticCongo-numerals-west2450-1.csv,west2450,west2450,YES
Africa761-AtlanticCongo-numerals-gola1255-1.csv,gola1255,gola1255,YES
Africa762-Kru-numerals-bakw1243-1.csv,bakw1243,bakw1243,YES
Africa763-Kru-numerals-wane1242-1.csv,wane1242,wane1242,YES
Africa764-Kru-numerals-dalo1238-1.csv,dalo1238,dalo1238,YES
Africa765-Kru-numerals-godi1239-1.csv,godi1239,godi1239,YES
Africa766-Kru-numerals-soub1242-1.csv,soub1242,guib1246,YES
Africa767-Kru-numerals-gagn1235-1.csv,gagn1235,gagn1235,YES
Africa768-Kru-numerals-kouy1238-1.csv,kouy1238,kouy1238,YES
Africa769-Kru-numerals-lako1244-1.csv,lako1244,lako1244,YES
Africa770-Kru-numerals-yoco1235-1.csv,yoco1235,yoco1235,YES
Africa771-Kru-numerals-neyo1238-1.csv,neyo1238,neyo1238,YES
Africa772-Kru-numerals-kodi1246-1.csv,kodi1246,kodi1246,YES
Africa773-Kru-numerals-barc1235-1.csv,barc1235,barc1235,YES
Africa774-Kru-numerals-cent2041-1.csv,cent2041,cent2041,YES
Africa775-Kru-numerals-nort2810-1.csv,nort2810,nort2810,YES
Africa776-Kru-numerals-tepo1239-1.csv,tepo1239,tepo1239,YES
Africa777-Kru-numerals-pyek1235-1.csv,pyek1235,pyek1235,YES
Africa778-Kru-numerals-glio1241-1.csv,glio1241,glio1241,YES
Africa779-Kru-numerals-tiag1235-1.csv,tiag1235,tiag1235,YES
Africa780-Kru-numerals-dewo1238-1.csv,dewo1238,dewo1238,YES
Africa781-Kru-numerals-gbii1242-1.csv,gbii1242,gbii1242,YES
Africa782-Kru-numerals-nucl1418-1.csv,nucl1418,nucl1418,YES
Africa783-Kru-numerals-klao1243-1.csv,klao1243,klao1243,YES
Africa784-Kru-numerals-taju1238-1.csv,taju1238,taju1238,YES
Africa785-Kru-numerals-sapo1251-1.csv,sapo1251,sapo1251,YES
Africa786-Kru-numerals-west2488-1.csv,west2488,west2488,YES
Africa787-Kru-numerals-weno1238-1.csv,weno1238,weno1238,YES
Africa788-Kru-numerals-nyab1255-1.csv,nyab1255,nyab1255,YES
Africa789-Kru-numerals-kuwa1247-1.csv,kuwa1247,kuwa1247,YES
Africa790-isolate-Siamou-numerals-siam1242-1.csv,siam1242,siam1242,YES
Africa791-Dogon-numerals-ampa1238-1.csv,ampa1238,ampa1238,YES
Africa792-Dogon-numerals-momb1254-1.csv,momb1254,momb1254,YES
Africa793-Dogon-numerals-yand1257-1.csv,yand1257,yand1257,YES
Africa794-Dogon-numerals-bond1248-1.csv,bond1248,bond1248,YES
Africa795-Dogon-numerals-dogu1235-1.csv,dogu1235,dogu1235,YES
Africa796-Dogon-numerals-jams1239-1.csv,jams1239,jams1239,YES
Africa797-Dogon-numerals-togo1254-1.csv,togo1254,tene1248,YES
Africa798-Dogon-numerals-donn1239-1.csv,donn1239,donn1239,YES
Africa799-Dogon-numerals-toro1252-1.csv,toro1252,toro1252,YES
Africa800-Dogon-numerals-bank1259-1.csv,bank1259,bank1259,YES
Africa801-Dogon-numerals-nang1261-1.csv,nang1261,nang1261,YES
Africa802-Dogon-numerals-bent1238-1.csv,bent1238,bent1238,YES
Africa803-isolate-Sandawe-numerals-sand1273-1.csv,sand1273,sand1273,YES
Africa804-isolate-Hadza-numerals-hadz1240-1.csv,hadz1240,hadz1240,YES
Africa805-Nyimang-numerals-afit1238-1.csv,afit1238,afit1238,YES
Africa806-Nyimang-numerals-amas1236-1.csv,amas1236,amas1236,YES
Africa807-Mande-numerals-bamb1269-1.csv,bamb1269,bamb1269,YES
Africa808-Mande-numerals-bolo1266-1.csv,bolo1266,bolo1266,YES
Africa809-Mande-numerals-maho1249-1.csv,maho1249,maho1249,YES
Africa810-Mande-numerals-dyul1238-1.csv,dyul1238,dyul1238,YES
Africa811-Mande-numerals-mark1256-1.csv,mark1256,mark1256,YES
Africa812-Mande-numerals-sank1253-1.csv,sank1253,sank1253,YES
Africa813-Mande-numerals-xaas1235-1.csv,xaas1235,xaas1235,YES
Africa814-Mande-numerals-mand1436-1.csv,mand1436,mand1436,YES
Africa815-Mande-numerals-kaka1265-1.csv,kaka1265,kaka1265,YES
Africa816-Mande-numerals-kura1250-1.csv,kura1250,kura1250,YES
Africa817-Mande-numerals-lele1266-1.csv,lele1266,lele1266,YES
Africa818-Mande-numerals-kono1268-1.csv,kono1268,kono1268,YES
Africa819-Mande-numerals-vaii1241-1.csv,vaii1241,vaii1241,YES
Africa820-Mande-numerals-jalk1242-1.csv,jalk1242,jalk1242,YES
Africa821-Mande-numerals-ligb1244-1.csv,ligb1244,ligb1244,YES
Africa822-Mande-numerals-susu1250-1.csv,susu1250,susu1250,YES
Africa823-Mande-numerals-yalu1240-1.csv,yalu1240,yalu1240,YES
Africa824-Mande-numerals-band1352-1.csv,band1352,band1352,YES
Africa825-Mande-numerals-zial1235-1.csv,zial1235,zial1235,YES
Africa826-Mande-numerals-loko1255-1.csv,loko1255,loko1255,YES
Africa827-Mande-numerals-mend1266-1.csv,mend1266,mend1266,YES
Africa828-Mande-numerals-loma1260-1.csv,loma1260,loma1260,YES
Africa829-Mande-numerals-guin1254-1.csv,guin1254,guin1254,YES
Africa830-Mande-numerals-libe1247-1.csv,libe1247,libe1247,YES
Africa831-Mande-numerals-duun1242-1.csv,duun1242,duun1242,YES
Africa832-Mande-numerals-dzuu1241-1.csv,dzuu1241,dzuu1241,YES
Africa833-Mande-numerals-kpee1234-1.csv,kpee1234,kpee1234,YES
Africa834-Mande-numerals-seek1238-1.csv,seek1238,seek1238,YES
Africa835-Mande-numerals-jowu1238-1.csv,jowu1238,jowu1238,YES
Africa836-Mande-numerals-nort2819-1.csv,nort2819,nort2819,YES
Africa837-Mande-numerals-sout2840-1.csv,sout2840,sout2840,YES
Africa838-Mande-numerals-hain1253-1.csv,hain1253,hain1253,YES
Africa839-Mande-numerals-jena1242-1.csv,jena1242,jena1242,YES
Africa840-Mande-numerals-tiem1235-1.csv,tiem1235,tiem1235,YES
Africa841-Mande-numerals-tiey1235-1.csv,tiey1235,tiey1235,YES
Africa842-Mande-numerals-soni1259-1.csv,soni1259,soni1259,YES
Africa843-Mande-numerals-beng1286-1.csv,beng1286,beng1286,YES
Africa844-Mande-numerals-gagu1242-1.csv,gagu1242,gagu1242,YES
Africa845-Mande-numerals-mwan1250-1.csv,mwan1250,mwan1250,YES
Africa846-Mande-numerals-wann1242-1.csv,wann1242,wann1242,YES
Africa847-Mande-numerals-dann1241-1.csv,dann1241,dann1241,YES
Africa848-Mande-numerals-tour1242-1.csv,tour1242,tour1242,YES
Africa849-Mande-numerals-guro1248-1.csv,guro1248,guro1248,YES
Africa850-Mande-numerals-yaou1238-1.csv,yaou1238,yaou1238,YES
Africa851-Mande-numerals-mann1248-1.csv,mann1248,mann1248,YES
Africa852-Mande-numerals-biss1248-1.csv,biss1248,biss1248,YES
Africa853-Mande-numerals-boko1266-1.csv,boko1266,boko1266,YES
Africa854-Mande-numerals-boko1267-1.csv,boko1267,boko1267,YES
Africa855-Mande-numerals-busa1253-1.csv,busa1253,busa1253,YES
Africa856-Mande-numerals-kyen1242-1.csv,kyen1242,kyen1242,YES
Africa857-Mande-numerals-shan1282-1.csv,shan1282,shan1282,YES
Africa858-Mande-numerals-maty1235-1.csv,maty1235,maty1235,YES
Africa859-Mande-numerals-sout2844-1.csv,sout2844,sout2844,YES
Africa860-Mande-numerals-maya1281-1.csv,maya1281,maya1281,YES
Africa861-AfroAsiatic-numerals-gaan1243-1.csv,gaan1243,gaan1243,YES
Africa862-AfroAsiatic-numerals-gava1241-1.csv,gava1241,gava1241,YES
Africa863-AfroAsiatic-numerals-gala1264-1.csv,gala1264,gala1264,YES
Africa864-AfroAsiatic-numerals-gabr1253-1.csv,gabr1253,gabr1253,YES
Africa865-AfroAsiatic-numerals-garr1259-1.csv,garr1259,garr1259,YES
Africa866-Nilotic-numerals-acol1236-1.csv,acol1236,acol1236,YES
Africa867-Nilotic-numerals-kuma1275-1.csv,kuma1275,kuma1275,YES
Africa868-Nilotic-numerals-lang1324-1.csv,lang1324,lang1324,YES
Africa869-Nilotic-numerals-adho1243-1.csv,adho1243,adho1243,YES
Africa870-Nilotic-numerals-luok1236-1.csv,luok1236,luok1236,YES
Africa871-Nilotic-numerals-alur1250-1.csv,alur1250,alur1250,YES
Africa872-Nilotic-numerals-anua1242-1.csv,anua1242,anua1242,YES
Africa873-Nilotic-numerals-pari1256-1.csv,pari1256,pari1256,YES
Africa874-Nilotic-numerals-bela1256-1.csv,bela1256,bela1256,YES
Africa875-Nilotic-numerals-luwo1239-1.csv,luwo1239,luwo1239,YES
Africa876-Nilotic-numerals-thur1255-1.csv,thur1255,thur1255,YES
Africa877-Nilotic-numerals-shil1265-1.csv,shil1265,shil1265,YES
Africa878-Nilotic-numerals-maba1273-1.csv,maba1273,maba1273,YES
Africa879-Nilotic-numerals-buru1301-1.csv,buru1301,buru1301,YES
Africa880-Nilotic-numerals-nort2815-1.csv,nort2815,nort2815,YES
Africa881-Nilotic-numerals-sout2833-1.csv,sout2833,sout2833,YES
Africa882-Nilotic-numerals-nuer1246-1.csv,nuer1246,nuer1246,YES
Africa883-Nilotic-numerals-reel1238-1.csv,reel1238,reel1238,YES
Africa884-Nilotic-numerals-dato1239-1.csv,dato1239,dato1239,YES
Africa885-Nilotic-numerals-keiy1238-1.csv,keiy1238,keiy1238,YES
Africa886-Nilotic-numerals-tuge1241-1.csv,tuge1241,tuge1241,YES
Africa887-Nilotic-numerals-okie1245-1.csv,okie1245,okie1245,YES
Africa888-Nilotic-numerals-kups1238-1.csv,kups1238,kups1238,YES
Africa889-Nilotic-numerals-koon1246-1.csv,koon1246,saba1262,YES
Africa890-Nilotic-numerals-mark1255-1.csv,mark1255,mark1255,YES
Africa891-Nilotic-numerals-poko1263-1.csv,poko1263,poko1263,YES
Africa892-Nilotic-numerals-bari1284-1.csv,bari1284,bari1284,YES
Africa893-Nilotic-numerals-lopi1242-1.csv,lopi1242,lopi1242,YES
Africa894-Nilotic-numerals-otuh1238-1.csv,otuh1238,otuh1238,YES
Africa895-Nilotic-numerals-masa1300-1.csv,masa1300,masa1300,YES
Africa896-Nilotic-numerals-samb1315-1.csv,samb1315,samb1315,YES
Africa897-Nilotic-numerals-kara1483-2.csv,kara1483,kara1483,YES
Africa898-Nilotic-numerals-nyan1315-1.csv,nyan1315,nyan1315,YES
Africa899-Nilotic-numerals-turk1308-1.csv,turk1308,turk1308,YES
Africa900-Nilotic-numerals-topo1242-1.csv,topo1242,topo1242,YES
Africa901-Nilotic-numerals-teso1249-1.csv,teso1249,teso1249,YES
Africa902-CentralSudanic-numerals-logo1259-1.csv,logo1259,logo1259,YES
Africa903-CentralSudanic-numerals-keli1248-1.csv,keli1248,keli1248,YES
Africa904-CentralSudanic-numerals-omii1238-1.csv,omii1238,omii1238,YES
Africa905-CentralSudanic-numerals-avok1242-1.csv,avok1242,avok1242,YES
Africa906-CentralSudanic-numerals-lugb1240-1.csv,lugb1240,lugb1240,YES
Africa907-CentralSudanic-numerals-madi1260-1.csv,madi1260,madi1260,YES
Africa908-CentralSudanic-numerals-sout2828-1.csv,sout2828,sout2828,YES
Africa909-CentralSudanic-numerals-olub1238-1.csv,olub1238,olub1238,YES
Africa910-CentralSudanic-numerals-moru1253-1.csv,moru1253,moru1253,YES
Africa911-CentralSudanic-numerals-lend1245-1.csv,lend1245,lend1245,YES
Africa912-CentralSudanic-numerals-ngit1239-1.csv,ngit1239,ngit1239,YES
Africa913-CentralSudanic-numerals-bagi1246-1.csv,bagi1246,bagi1246,YES
Africa914-CentralSudanic-numerals-keng1240-1.csv,keng1240,keng1240,YES
Africa915-CentralSudanic-numerals-naba1253-1.csv,naba1253,naba1253,YES
Africa916-CentralSudanic-numerals-jaya1242-1.csv,jaya1242,jaya1242,YES
Africa917-CentralSudanic-numerals-bedj1245-1.csv,bedj1245,bedj1245,YES
Africa918-CentralSudanic-numerals-mang1398-1.csv,mang1398,mang1398,YES
Africa919-CentralSudanic-numerals-mbay1241-1.csv,mbay1241,mbay1241,YES
Africa920-CentralSudanic-numerals-ngam1269-1.csv,ngam1269,ngam1269,YES
Africa921-CentralSudanic-numerals-gula1268-1.csv,gula1268,gula1268,YES
Africa922-CentralSudanic-numerals-sarr1246-1.csv,sarr1246,sarr1246,YES
Africa923-CentralSudanic-numerals-kaba1281-1.csv,kaba1281,kaba1281,YES
Africa924-CentralSudanic-numerals-ngam1268-1.csv,ngam1268,ngam1268,YES
Africa925-CentralSudanic-numerals-furu1242-1.csv,furu1242,furu1242,YES
Africa926-CentralSudanic-numerals-sara1321-1.csv,sara1321,sara1321,YES
Africa927-CentralSudanic-numerals-sara1322-1.csv,sara1322,sara1322,YES
Africa928-CentralSudanic-numerals-kara1482-1.csv,kara1482,kara1482,YES
Africa929-CentralSudanic-numerals-luto1241-1.csv,luto1241,luto1241,YES
Africa930-CentralSudanic-numerals-vale1250-1.csv,vale1250,vale1250,YES
Africa931-CentralSudanic-numerals-yulu1243-1.csv,yulu1243,yulu1243,YES
Africa932-CentralSudanic-numerals-baka1274-1.csv,baka1274,baka1274,YES
Africa933-CentralSudanic-numerals-jurm1239-1.csv,jurm1239,jurm1239,YES
Africa934-CentralSudanic-numerals-bong1285-1.csv,bong1285,bong1285,YES
Africa935-CentralSudanic-numerals-siny1243-1.csv,siny1243,siny1243,YES
Africa936-CentralSudanic-numerals-efee1239-1.csv,efee1239,efee1239,YES
Africa937-CentralSudanic-numerals-mvub1239-1.csv,mvub1239,mvub1239,YES
Africa938-CentralSudanic-numerals-ndoo1242-1.csv,ndoo1242,ndoo1242,YES
Africa939-isolate-Berta-numerals-bert1248-1.csv,bert1248,bert1248,YES
Africa940-Nubian-numerals-kada1282-1.csv,kada1282,kada1282,YES
Africa941-Nubian-numerals-ghul1238-1.csv,ghul1238,ghul1238,YES
Africa942-Nubian-numerals-dill1242-1.csv,dill1242,dill1242,YES
Africa943-Nubian-numerals-mido1240-1.csv,mido1240,mido1240,YES
Africa944-Nubian-numerals-dong1288-1.csv,dong1288,kenu1236,YES
AN0001_numerals-basa1287-1.csv,basa1287,basa1287,YES
AN0002_barlowpacific-keta1243-1.csv,keta1243,keta1243,YES
AN0003_numerals-kava1241-1.csv,kava1241,kava1241,YES
AN0004_numerals-saki1247-1.csv,saki1247,saki1247,YES
AN0005_numerals-amis1246-1.csv,amis1246,amis1246,YES
AN0006_EDIT_abvd-1519-sira1267_EDIT.csv,sira1267,sira1267,YES
AN0007_EDIT_barlowpacific-kulo1238-1_EDIT.csv,kulo1238,kulo1238,YES
AN0008_numerals-sais1237-1.csv,sais1237,sais1237,YES
AN0009_numerals-kulo1237-1.csv,kulo1237,kulo1237,YES
AN0010_numerals-atay1247-1.csv,atay1247,atay1247,YES
AN0011_numerals-taro1264-1.csv,taro1264,taro1264,YES
AN0012_EDIT_abvd-637-papo1239_EDIT.csv,papo1239,papo1239,YES
AN0013_numerals-babu1240-1.csv,babu1240,babu1240,YES
AN0014_numerals-thao1240-1.csv,thao1240,thao1240,YES
AN0015_numerals-bunu1267-1.csv,bunu1267,bunu1267,YES
AN0016_numerals-kana1286-1.csv,kana1286,kana1286,YES
AN0017_numerals-saar1237-1.csv,saar1237,saar1237,YES
AN0018_numerals-tsou1248-1.csv,tsou1248,tsou1248,YES
AN0019_numerals-ruka1240-1.csv,ruka1240,ruka1240,YES
AN0020_numerals-puyu1239-1.csv,puyu1239,puyu1239,YES
AN0021_numerals-paiw1248-2.csv,paiw1248,paiw1248,YES
AN0022_numerals-yami1254-1.csv,yami1254,yami1254,YES
AN0023_numerals-ivat1242-1.csv,ivat1242,ivat1242,YES
AN0024_numerals-ibat1238-1.csv,ibat1238,ibat1238,YES
AN0025_numerals-isna1241-1.csv,isna1241,isna1241,YES
AN0026_barlowpacific-fair1238-1.csv,fair1238,fair1238,YES
AN0027_numerals-pamp1244-1.csv,pamp1244,pamp1244,YES
AN0028_barlowpacific-pudt1235-1.csv,pudt1235,pudt1235,YES
AN0029_barlowpacific-mala1534-1.csv,mala1534,mala1534,YES
AN0030_numerals-adas1235-1.csv,adas1235,adas1235,YES
AN0031_numerals-iban1267-1.csv,iban1267,iban1267,YES
AN0032_barlowpacific-gada1258-1.csv,gada1258,gada1258,YES
AN0033_numerals-gadd1244-1.csv,gadd1244,gadd1244,YES
AN0034_numerals-cent2084-1.csv,cent2084,cent2084,YES
AN0035_numerals-itaw1240-1.csv,itaw1240,itaw1240,YES
AN0036_numerals-yoga1237-1.csv,yoga1237,yoga1237,YES
AN0037_barlowpacific-dica1235-1.csv,dica1235,dica1235,YES
AN0038_numerals-dupa1235-1.csv,dupa1235,dupa1235,YES
AN0039_numerals-casi1235-1.csv,casi1235,casi1235,YES
AN0040_barlowpacific-agta1234-2.csv,agta1234,agta1234,YES
AN0041_barlowpacific-para1306-1.csv,para1306,para1306,YES
AN0042_numerals-bino1237-1.csv,bino1237,bino1237,YES
AN0043_barlowpacific-inla1260-2.csv,inla1260,inla1260,YES
AN0044_numerals-lubu1243-1.csv,lubu1243,lubu1243,YES
AN0045_EDIT_abvd-671-sout2908_EDIT.csv,sout2908,sout2908,YES
AN0046_numerals-butb1235-1.csv,butb1235,butb1235,YES
AN0047_barlowpacific-madu1248-1.csv,madu1248,madu1248,YES
AN0048_EDIT_numerals-lowe1412-1_EDIT.csv,lowe1412,lowe1412,YES
AN0049_barlowpacific-masa1307-1.csv,masa1307,masa1307,YES
AN0050_barlowpacific-moya1235-1.csv,moya1235,moya1235,YES
AN0051_numerals-limo1248-1.csv,limo1248,limo1248,YES
AN0052_EDIT_barlowpacific-bana1288-1_EDIT.csv,bana1288,bana1288,YES
AN0053_barlowpacific-maba1279-1.csv,maba1279,maba1279,YES
AN0054_numerals-bala1310-1.csv,bala1310,bala1310,YES
AN0055_barlowpacific-cent2292-1.csv,cent2292,cent2292,YES
AN0056_numerals-fina1242-1.csv,fina1242,fina1242,YES
AN0057_numerals-kank1243-1.csv,kank1243,kank1243,YES
AN0058_barlowpacific-maen1235-1.csv,maen1235,maen1235,YES
AN0059_EDIT_numerals-nort2877-1_EDIT.csv,nort2877,nort2877,YES
AN0060_numerals-amga1235-1.csv,amga1235,amga1235,YES
AN0061_numerals-bata1298-1.csv,bata1298,bata1298,YES
AN0062_numerals-mayo1262-1.csv,mayo1262,mayo1262,YES
AN0063_numerals-tuwa1243-1.csv,tuwa1243,tuwa1243,YES
AN0064_numerals-isin1239-1.csv,isin1239,isin1239,YES
AN0065_numerals-ilon1239-1.csv,ilon1239,ilon1239,YES
AN0066_barlowpacific-iwak1237-1.csv,iwak1237,iwak1237,YES
AN0067_EDIT_numerals-ibal1244-1_EDIT.csv,ibal1244,ibal1244,YES
AN0068_numerals-kaya1320-1.csv,kaya1320,ahin1234,YES
AN0069_numerals-kele1259-1.csv,kele1259,kele1259,YES
AN0070_numerals-kara1487-1.csv,kara1487,kara1487,YES
AN0071_EDIT_numerals-pang1290-1_EDIT.csv,pang1290,pang1290,YES
AN0072_numerals-nort2875-1.csv,nort2875,nort2875,YES
AN0073_numerals-sout2905-1.csv,sout2905,sout2905,YES
AN0074_numerals-arta1239-1.csv,arta1239,arta1239,YES
AN0075_numerals-ilok1237-1.csv,ilok1237,ilok1237,YES
AN0076_numerals-aben1249-1.csv,aben1249,aben1249,YES
AN0077_numerals-boto1242-1.csv,boto1242,boto1242,YES
AN0078_numerals-amba1267-1.csv,amba1267,amba1267,YES
AN0079_barlowpacific-bata1297-1.csv,bata1297,bata1297,YES
AN0080_numerals-maga1263-1.csv,maga1263,maga1263,YES
AN0081_numerals-magi1241-1.csv,magi1241,magi1241,YES
AN0082_numerals-boli1256-1.csv,boli1256,boli1256,YES
AN0083_numerals-tina1248-1.csv,tina1248,tina1248,YES
AN0084_numerals-pamp1243-1.csv,pamp1243,pamp1243,YES
AN0085_numerals-remo1247-1.csv,remo1247,remo1247,YES
AN0086_barlowpacific-kasi1256-1.csv,kasi1256,kasi1256,YES
AN0087_EDIT_numerals-taga1270-1_EDIT.csv,taga1270,taga1270,YES
AN0088_barlowpacific-fili1244-1.csv,fili1244,fili1244,YES
AN0089_numerals-alab1246-1.csv,alab1246,alab1246,YES
AN0090_EDIT_abvd-1641-cama1250_EDIT.csv,cama1250,cama1250,YES
AN0091_barlowpacific-cent2087-1.csv,cent2087,cent2087,YES
AN0092_barlowpacific-sout2912-1.csv,sout2912,sout2912,YES
AN0093_EDIT_barlowpacific-isar1235-1_EDIT.csv,isar1235,isar1235,YES
AN0094_barlowpacific-mtir1236-1.csv,mtir1236,mtir1236,YES
AN0095_barlowpacific-mtir1235-1.csv,mtir1235,mtir1235,YES
AN0096_numerals-buhi1243-1.csv,buhi1243,alba1269,YES
AN0097_numerals-irig1242-1.csv,irig1242,irig1242,YES
AN0098_barlowpacific-nort2883-1.csv,nort2883,nort2883,YES
AN0099_numerals-bant1288-1.csv,bant1288,bant1288,YES
AN0100_numerals-bant1293-1.csv,bant1293,bant1293,YES
AN0101_barlowpacific-capi1239-1.csv,capi1239,capi1239,YES
AN0102_numerals-hili1240-1.csv,hili1240,hili1240,YES
AN0103_barlowpacific-masb1237-1.csv,masb1237,masb1237,YES
AN0104_numerals-masb1238-1.csv,masb1238,masb1238,YES
AN0105_barlowpacific-poro1253-1.csv,poro1253,poro1253,YES
AN0106_numerals-romb1245-1.csv,romb1245,romb1245,YES
AN0107_EDIT_barlowpacific-bayb1234-1_EDIT.csv,bayb1234,bayb1234,YES
AN0109_numerals-wara1300-1.csv,wara1300,wara1300,YES
AN0110_barlowpacific-wara1299-1.csv,wara1299,wara1299,YES
AN0111_numerals-akla1241-1.csv,akla1241,akla1240,YES
AN0112_numerals-inon1237-1.csv,inon1237,inon1237,YES
AN0113_numerals-kina1250-1.csv,kina1250,kina1250,YES
AN0114_barlowpacific-sulo1237-1.csv,sulo1237,sulo1237,YES
AN0115_numerals-cuyo1237-1.csv,cuyo1237,cuyo1237,YES
AN0116_numerals-calu1238-1.csv,calu1238,calu1238,YES
AN0117_EDIT_abvd-1275-rata1245_EDIT.csv,rata1245,rata1245,YES
AN0121_numerals-butu1244-1.csv,butu1244,butu1244,YES
AN0122_numerals-taus1251-1.csv,taus1251,taus1251,YES
AN0123_numerals-suri1273-1.csv,suri1273,suri1273,YES
AN0124_barlowpacific-tand1258-1.csv,tand1258,tand1258,YES
AN0125_numerals-cebu1242-1.csv,cebu1242,cebu1242,YES
AN0126_numerals-mama1275-1.csv,mama1275,mama1275,YES
AN0127_numerals-dava1245-1.csv,dava1245,dava1245,YES
AN0128_numerals-kara1489-1.csv,kara1489,kara1489,YES
AN0129_numerals-mans1262-1.csv,mans1262,mans1262,YES
AN0130_barlowpacific-kama1363-1.csv,kama1363,kama1363,YES
AN0131_numerals-kaga1255-1.csv,kaga1255,kaga1255,YES
AN0132_numerals-kala1388-1.csv,kala1388,kala1388,YES
AN0133_numerals-taga1268-1.csv,taga1268,taga1268,YES
AN0134_numerals-umir1236-1.csv,umir1236,umir1236,YES
AN0135_numerals-east2482-1.csv,east2482,east2482,YES
AN0136_numerals-west2559-1.csv,west2559,west2559,YES
AN0137_numerals-buhi1245-1.csv,buhi1245,buhi1245,YES
AN0138_numerals-hanu1241-1.csv,hanu1241,hanu1241,YES
AN0139_numerals-kaga1256-1.csv,kaga1256,kaga1256,YES
AN0140_numerals-higa1237-1.csv,higa1237,higa1237,YES
AN0141_EDIT_abvd-415-binu1244_EDIT.csv,binu1244,binu1244,YES
AN0142_barlowpacific-cina1236-1.csv,cina1236,cina1236,YES
AN0143_EDIT_numerals-atam1240-1_EDIT.csv,atam1240,atam1240,YES
AN0144_numerals-mati1250-1.csv,mati1250,mati1250,YES
AN0145_numerals-agus1235-1.csv,agus1235,agus1235,YES
AN0146_EDIT_abvd-436-diba1242_EDIT.csv,diba1242,diba1242,YES
AN0147_barlowpacific-raja1254-1.csv,raja1254,raja1254,YES
AN0148_numerals-obom1235-1.csv,obom1235,obom1235,YES
AN0149_numerals-ilia1236-1.csv,ilia1236,ilia1236,YES
AN0150_numerals-west2555-1.csv,west2555,west2555,YES
AN0151_numerals-cota1241-1.csv,cota1241,cota1241,YES
AN0152_numerals-sara1327-1.csv,sara1327,sara1327,YES
AN0153_numerals-taga1272-1.csv,taga1272,taga1272,YES
AN0154_numerals-cent2089-1.csv,cent2089,cent2089,YES
AN0155_barlowpacific-east2694-1.csv,east2694,east2694,YES
AN0156_barlowpacific-nort2885-2.csv,nort2885,nort2885,YES
AN0157_barlowpacific-lapu1236-1.csv,lapu1236,lapu1236,YES
AN0158_numerals-koli1253-1.csv,koli1253,koli1253,YES
AN0159_numerals-west2557-1.csv,west2557,west2557,YES
AN0160_numerals-bata1301-1.csv,bata1301,bata1301,YES
AN0161_numerals-cent2090-1.csv,cent2090,cent2090,YES
AN0162_EDIT_numerals-tagb1258-1_EDIT.csv,tagb1258,tagb1258,YES
AN0163_numerals-molb1237-1.csv,molb1237,molb1237,YES
AN0164_numerals-broo1239-1.csv,broo1239,broo1239,YES
AN0165_numerals-sout2916-1.csv,sout2916,sout2916,YES
AN0166_barlowpacific-cent2091-1.csv,cent2091,cent2091,YES
AN0167_barlowpacific-taut1234-1.csv,taut1234,taut1234,YES
AN0168_EDIT_numerals-iran1262-1_EDIT.csv,iran1262,iran1262,YES
AN0169_numerals-magu1243-1.csv,magu1243,magu1243,YES
AN0170_numerals-mara1404-1.csv,mara1404,mara1404,YES
AN0171_numerals-mong1342-1.csv,mong1342,mong1342,YES
AN0172_numerals-pono1240-1.csv,pono1240,pono1240,YES
AN0173_numerals-bint1245-1.csv,bint1245,bint1245,YES
AN0174_barlowpacific-bola1252-1.csv,bola1252,bola1252,YES
AN0175_numerals-buol1237-1.csv,buol1237,buol1237,YES
AN0176_numerals-goro1259-1.csv,goro1259,goro1259,YES
AN0177_numerals-kaid1239-1.csv,kaid1239,kaid1239,YES
AN0178_numerals-lola1250-1.csv,lola1250,lola1250,YES
AN0179_numerals-suwa1241-1.csv,suwa1241,suwa1241,YES
AN0180_numerals-alan1249-1.csv,alan1249,alan1249,YES
AN0181_numerals-iray1237-1.csv,iray1237,iray1237,YES
AN0182_numerals-tady1237-1.csv,tady1237,tady1237,YES
AN0183_numerals-cala1258-1.csv,cala1258,cala1258,YES
AN0184_numerals-agut1237-1.csv,agut1237,agut1237,YES
AN0185_EDIT_abvd-1553-atii1237_EDIT.csv,atii1237,atii1237,YES
AN0186_numerals-gian1241-1.csv,gian1241,gian1241,YES
AN0187_numerals-tiru1241-1.csv,tiru1241,tiru1241,YES
AN0188_EDIT_abvd-413-koro1310_EDIT.csv,koro1310,koro1310,YES
AN0189_numerals-sara1326-1.csv,sara1326,sara1326,YES
AN0190_numerals-tbol1240-1.csv,tbol1240,tbol1240,YES
AN0191_numerals-sang1337-1.csv,sang1337,sang1337,YES
AN0192_barlowpacific-sang1336-11.csv,sang1336,sang1336,YES
AN0193_EDIT_numerals-tala1285-1_EDIT.csv,tala1285,tala1285,YES
AN0194_barlowpacific-bant1286-1.csv,bant1286,bant1286,YES
AN0195_numerals-rata1244-1.csv,rata1244,rata1244,YES
AN0196_numerals-tomb1243-1.csv,tomb1243,tomb1243,YES
AN0197_numerals-tond1251-1.csv,tond1251,tond1251,YES
AN0198_numerals-tons1240-1.csv,tons1240,tons1240,YES
AN0199_numerals-tont1239-1.csv,tont1239,tont1239,YES
AN0200_numerals-tons1239-1.csv,tons1239,tons1239,YES
AN0201_numerals-toto1304-1.csv,toto1304,toto1304,YES
AN0202_numerals-boan1243-1.csv,boan1243,boan1243,YES
AN0203_numerals-dond1249-1.csv,dond1249,dond1249,YES
AN0204_numerals-lauj1238-1.csv,lauj1238,lauj1238,YES
AN0205_numerals-tomi1243-1.csv,tomi1243,tomi1243,YES
AN0206_numerals-bala1314-1.csv,bala1314,bala1314,YES
AN0207_numerals-damp1237-2.csv,damp1237,damp1237,YES
AN0208_numerals-pend1242-1.csv,pend1242,pend1242,YES
AN0209_barlowpacific-taje1237-2.csv,taje1237,taje1237,YES
AN0210_numerals-taji1246-1.csv,taji1246,taji1246,YES
AN0211_numerals-andi1257-1.csv,andi1257,andi1257,YES
AN0212_numerals-batu1260-1.csv,batu1260,batu1260,YES
AN0213_numerals-salu1253-1.csv,salu1253,salu1253,YES
AN0214_numerals-bobo1255-1.csv,bobo1255,bobo1255,YES
AN0215_numerals-bala1315-1.csv,bala1315,bala1315,YES
AN0216_numerals-bang1368-1.csv,bang1368,bang1368,YES
AN0217_barlowpacific-kada1286-1.csv,kada1286,kada1286,YES
AN0218_numerals-tali1262-1.csv,tali1262,tali1262,YES
AN0219_EDIT_abvd-875-baho1237_EDIT.csv,baho1237,baho1237,YES
AN0220_numerals-bung1269-1.csv,bung1269,bung1269,YES
AN0221_EDIT_abvd-883-koro1311_EDIT.csv,koro1311,koro1311,YES
AN0222_numerals-kuli1254-1.csv,kuli1254,kuli1254,YES
AN0223_barlowpacific-mori1268-1.csv,mori1268,mori1268,YES
AN0224_EDIT_abvd-908-talo1252_EDIT.csv,talo1252,talo1252,YES
AN0225_numerals-wawo1239-1.csv,wawo1239,wawo1239,YES
AN0226_numerals-moro1287-1.csv,moro1287,moro1287,YES
AN0227_EDIT_abvd-885-mori1269_EDIT.csv,mori1269,mori1269,YES
AN0228_EDIT_abvd-907-pado1242_EDIT.csv,pado1242,pado1242,YES
AN0229_barlowpacific-toma1248-1.csv,toma1248,toma1248,YES
AN0230_barlowpacific-kode1237-1.csv,kode1237,kode1237,YES
AN0231_EDIT_abvd-919-raha1237_EDIT.csv,raha1237,raha1237,YES
AN0232_numerals-tola1247-1.csv,tola1247,tola1247,YES
AN0233_EDIT_abvd-916-waru1266_EDIT.csv,waru1266,waru1266,YES
AN0234_numerals-ciac1237-1.csv,ciac1237,ciac1237,YES
AN0235_numerals-kumb1274-1.csv,kumb1274,kumb1274,YES
AN0236_numerals-lasa1237-1.csv,lasa1237,lasa1237,YES
AN0237_numerals-buso1238-1.csv,buso1238,buso1238,YES
AN0238_numerals-kaim1241-1.csv,kaim1241,kaim1241,YES
AN0239_numerals-kiok1239-1.csv,kiok1239,kiok1239,YES
AN0240_numerals-liab1237-1.csv,liab1237,liab1237,YES
AN0241_numerals-muna1247-1.csv,muna1247,muna1247,YES
AN0242_numerals-panc1247-1.csv,panc1247,panc1247,YES
AN0243_numerals-tuka1248-1.csv,tuka1248,tuka1248,YES
AN0244_numerals-tuka1249-1.csv,tuka1249,tuka1249,YES
AN0245_barlowpacific-bone1254-1.csv,bone1254,bone1254,YES
AN0246_numerals-bara1371-1.csv,bara1371,bara1371,YES
AN0247_barlowpacific-daak1235-1.csv,daak1235,daak1235,YES
AN0248_numerals-ledo1238-1.csv,ledo1238,ledo1238,YES
AN0249_EDIT_barlowpacific-unde1235-1_EDIT.csv,unde1235,unde1235,YES
AN0250_numerals-moma1242-1.csv,moma1242,moma1242,YES
AN0251_numerals-lind1248-1.csv,lind1248,lind1248,YES
AN0252_EDIT_barlowpacific-sedo1237-1_EDIT.csv,sedo1237,sedo1237,YES
AN0253_numerals-pamo1252-1.csv,pamo1252,pamo1252,YES
AN0255_numerals-saru1242-1.csv,saru1242,saru1242,YES
AN0256_numerals-umaa1242-1.csv,umaa1242,umaa1242,YES
AN0257_barlowpacific-topo1243-1.csv,topo1243,topo1243,YES
AN0258_EDIT_lexirumah-kama1364-a_EDIT.csv,kama1364,kama1364,YES
AN0259_numerals-woli1241-1.csv,woli1241,woli1241,YES
AN0260_numerals-bara1372-1.csv,bara1372,laiy1246,YES
AN0261_numerals-kala1394-1.csv,kala1394,kala1394,YES
AN0262_numerals-wotu1240-1.csv,wotu1240,wotu1240,YES
AN0263_numerals-bada1261-1.csv,bada1261,bada1261,YES
AN0264_numerals-beso1237-1.csv,beso1237,beso1237,YES
AN0265_numerals-napu1241-1.csv,napu1241,napu1241,YES
AN0266_numerals-ramp1243-1.csv,ramp1243,ramp1243,YES
AN0267_barlowpacific-budo1241-1.csv,budo1241,budo1241,YES
AN0268_numerals-pana1303-1.csv,pana1303,pana1303,YES
AN0269_numerals-seko1243-1.csv,seko1243,seko1243,YES
AN0270_barlowpacific-seko1242-1.csv,seko1242,seko1242,YES
AN0271_barlowpacific-lemo1243-1.csv,lemo1243,lemo1243,YES
AN0272_numerals-kalu1247-1.csv,kalu1247,kalu1247,YES
AN0273_numerals-mama1276-1.csv,mama1276,mama1276,YES
AN0274_barlowpacific-taee1237-3.csv,taee1237,taee1237,YES
AN0276_numerals-tora1261-1.csv,tora1261,tora1261,YES
AN0277_numerals-mamu1255-1.csv,mamu1255,mamu1255,YES
AN0279_numerals-aral1243-1.csv,aral1243,aral1243,YES
AN0280_numerals-bamb1270-1.csv,bamb1270,bamb1270,YES
AN0281_barlowpacific-ulum1237-1.csv,ulum1237,ulum1237,YES
AN0283_barlowpacific-mand1442-2.csv,mand1442,mand1442,YES
AN0284_numerals-duri1242-1.csv,duri1242,duri1242,YES
AN0285_barlowpacific-enre1239-1.csv,enre1239,enre1239,YES
AN0288_numerals-bugi1244-1.csv,bugi1244,bugi1244,YES
AN0289_barlowpacific-camp1262-1.csv,camp1262,camp1262,YES
AN0290_numerals-emba1238-1.csv,emba1238,emba1238,YES
AN0291_numerals-tama1335-1.csv,tama1335,tama1335,YES
AN0292_barlowpacific-coas1295-3.csv,coas1295,coas1295,YES
AN0295_numerals-maka1311-1.csv,maka1311,maka1311,YES
AN0296_numerals-sela1260-1.csv,sela1260,sela1260,YES
AN0297_numerals-basa1286-1.csv,basa1286,basa1286,YES
AN0298_numerals-inab1237-1.csv,inab1237,inab1237,YES
AN0299_numerals-indo1317-1.csv,indo1317,indo1317,YES
AN0300_numerals-mapu1244-1.csv,mapu1244,mapu1244,YES
AN0301_numerals-west2560-1.csv,west2560,west2560,YES
AN0302_numerals-bala1311-1.csv,bala1311,bala1311,YES
AN0303_numerals-cent2092-1.csv,cent2092,cent2092,YES
AN0304_numerals-sout2918-1.csv,sout2918,sout2918,YES
AN0305_numerals-pang1291-1.csv,pang1291,pang1291,YES
AN0306_numerals-yaka1277-1.csv,yaka1277,yaka1277,YES
AN0307_barlowpacific-ampa1239-1.csv,ampa1239,ampa1239,YES
AN0308_numerals-tunj1244-1.csv,tunj1244,tunj1244,YES
AN0309_numerals-dusu1269-1.csv,dusu1269,dusu1269,YES
AN0310_EDIT_abvd-1209-lawa1257_EDIT.csv,lawa1257,lawa1257,YES
AN0311_numerals-tawo1243-1.csv,tawo1243,tawo1243,YES
AN0312_numerals-dusu1271-1.csv,dusu1271,dusu1271,YES
AN0313_barlowpacific-kohi1250-1.csv,kohi1250,kohi1250,YES
AN0314_numerals-otda1235-1.csv,otda1235,otda1235,YES
AN0315_barlowpacific-sian1254-1.csv,sian1254,sian1254,YES
AN0316_numerals-baku1263-1.csv,baku1263,baku1263,YES
AN0317_numerals-ngaj1237-1.csv,ngaj1237,ngaj1237,YES
AN0318_numerals-dusu1267-1.csv,dusu1267,dusu1267,YES
AN0319_numerals-maan1238-1.csv,maan1238,maan1238,YES
AN0320_numerals-paku1239-1.csv,paku1239,paku1239,YES
AN0321_numerals-meri1243-1.csv,meri1243,plat1254,YES
AN0322_barlowpacific-sout2920-1.csv,sout2920,sout2920,YES
AN0323_barlowpacific-bush1250-1.csv,bush1250,bush1250,YES
AN0324_barlowpacific-anta1255-2.csv,anta1255,anta1255,YES
AN0325_barlowpacific-nort2890-1.csv,nort2890,nort2890,YES
AN0326_EDIT_barlowpacific-tsim1257-1_EDIT.csv,tsim1257,tsim1257,YES
AN0327_barlowpacific-bara1369-1.csv,bara1369,bara1369,YES
AN0328_barlowpacific-tano1246-1.csv,tano1246,tano1246,YES
AN0329_barlowpacific-masi1268-1.csv,masi1268,masi1268,YES
AN0330_EDIT_abvd-1184-saka1291_EDIT.csv,saka1291,saka1291,YES
AN0331_barlowpacific-maha1309-2.csv,maha1309,maha1309,YES
AN0332_barlowpacific-tesa1236-1.csv,tesa1236,tesa1236,YES
AN0333_EDIT_abvd-1186-tand1256_EDIT.csv,tand1256,tand1256,YES
AN0334_numerals-bong1289-1.csv,bong1289,bong1289,YES
AN0335_EDIT_numerals-idaa1241-1_EDIT.csv,idaa1241,idaa1241,YES
AN0336_barlowpacific-dump1242-1.csv,dump1242,dump1242,YES
AN0337_barlowpacific-labu1249-2.csv,labu1249,labu1249,YES
AN0338_numerals-rung1259-1.csv,rung1259,rung1259,YES
AN0339_numerals-kima1244-1.csv,kima1244,kima1244,YES
AN0340_numerals-tobi1239-1.csv,tobi1239,tobi1239,YES
AN0342_numerals-cent2100-1.csv,cent2100,cent2100,YES
AN0343_barlowpacific-mino1243-1.csv,mino1243,mino1243,YES
AN0344_barlowpacific-sugu1243-1.csv,sugu1243,sugu1243,YES
AN0345_barlowpacific-kuij1237-1.csv,kuij1237,kuij1237,YES
AN0347_barlowpacific-tomb1244-1.csv,tomb1244,tomb1244,YES
AN0348_numerals-abai1240-1.csv,abai1240,abai1240,YES
AN0349_barlowpacific-lana1236-1.csv,lana1236,lana1236,YES
AN0350_barlowpacific-tamp1254-1.csv,tamp1254,tamp1254,YES
AN0351_numerals-uppe1427-1.csv,uppe1427,uppe1427,YES
AN0352_numerals-seru1246-1.csv,seru1246,seru1246,YES
AN0353_numerals-brun1245-1.csv,brun1245,brun1245,YES
AN0354_numerals-lotu1250-1.csv,lotu1250,lotu1250,YES
AN0355_barlowpacific-saba1267-2.csv,saba1267,saba1267,YES
AN0356_barlowpacific-gana1277-1.csv,gana1277,gana1277,YES
AN0357_numerals-book1241-1.csv,book1241,book1241,YES
AN0358_barlowpacific-keni1249-2.csv,keni1249,keni1249,YES
AN0359_numerals-timu1262-1.csv,timu1262,timu1262,YES
AN0360_numerals-palu1253-1.csv,palu1253,palu1253,YES
AN0361_numerals-taga1273-1.csv,taga1273,taga1273,YES
AN0362_barlowpacific-buru1304-1.csv,buru1304,buru1304,YES
AN0363_barlowpacific-nort3262-1.csv,nort3262,nort3262,YES
AN0364_barlowpacific-sout3241-1.csv,sout3241,sout3241,YES
AN0365_numerals-kala1391-1.csv,kala1391,kala1391,YES
AN0366_barlowpacific-okol1241-1.csv,okol1241,okol1241,YES
AN0367_barlowpacific-selu1243-1.csv,selu1243,selu1243,YES
AN0368_barlowpacific-semb1240-1.csv,semb1240,semb1240,YES
AN0369_barlowpacific-abai1241-1.csv,abai1241,abai1241,YES
AN0370_barlowpacific-papa1268-1.csv,papa1268,papa1268,YES
AN0371_numerals-tata1257-1.csv,tata1257,tata1257,YES
AN0372_barlowpacific-bolo1268-2.csv,bolo1268,bolo1268,YES
AN0373_numerals-kipu1237-1.csv,kipu1237,kipu1237,YES
AN0374_numerals-bela1260-1.csv,bela1260,bela1260,YES
AN0375_EDIT_numerals-tuto1241-1_EDIT.csv,tuto1241,tuto1241,YES
AN0376_barlowpacific-lela1246-1.csv,lela1246,lela1246,YES
AN0377_barlowpacific-naro1251-1.csv,naro1251,naro1251,YES
AN0378_numerals-cent2098-1.csv,cent2098,cent2098,YES
AN0379_numerals-east2486-1.csv,east2486,east2486,YES
AN0380_EDIT_abvd-45-west2564_EDIT.csv,west2564,west2564,YES
AN0381_numerals-kela1258-1.csv,kela1258,kela1258,YES
AN0383_numerals-lund1271-1.csv,lund1271,lund1271,YES
AN0384_numerals-saba1265-1.csv,saba1265,saba1265,YES
AN0385_barlowpacific-trin1273-1.csv,trin1273,trin1273,YES
AN0386_numerals-bint1246-1.csv,bint1246,bint1246,YES
AN0387_numerals-waha1238-1.csv,waha1238,waha1238,YES
AN0388_numerals-east2485-1.csv,east2485,east2485,YES
AN0389_barlowpacific-sebo1238-2.csv,sebo1238,sebo1238,YES
AN0390_numerals-west2563-1.csv,west2563,west2563,YES
AN0391_barlowpacific-long1406-1.csv,long1406,long1406,YES
AN0392_barlowpacific-umal1239-1.csv,umal1239,umal1239,YES
AN0393_EDIT_barlowpacific-umal1238-1_EDIT.csv,umal1238,umal1238,YES
AN0394_numerals-main1275-2.csv,main1275,main1275,YES
AN0395_numerals-kaja1250-1.csv,kaja1250,kaja1250,YES
AN0396_numerals-laha1253-1.csv,laha1253,laha1253,YES
AN0397_numerals-seka1248-1.csv,seka1248,seka1248,YES
AN0398_numerals-cent2101-1.csv,cent2101,cent2101,YES
AN0400_EDIT_numerals-kano1244-1_EDIT.csv,kano1244,kano1244,YES
AN0401_barlowpacific-sibu1258-1.csv,sibu1258,sibu1258,YES
AN0402_numerals-puna1267-1.csv,puna1267,puna1267,YES
AN0403_barlowpacific-puna1278-1.csv,puna1278,puna1278,YES
AN0405_barlowpacific-sian1255-1.csv,sian1255,sian1255,YES
AN0406_numerals-buka1261-1.csv,buka1261,buka1261,YES
AN0407_numerals-buki1248-1.csv,buki1248,buki1248,YES
AN0408_numerals-ukit1237-1.csv,ukit1237,ukit1237,YES
AN0409_numerals-puna1275-1.csv,puna1275,puna1275,YES
AN0410_EDIT_numerals-puna1266-1_EDIT.csv,puna1266,puna1266,YES
AN0411_EDIT_barlowpacific-saja1241-1_EDIT.csv,saja1241,saja1241,YES
AN0412_barlowpacific-aohe1237-2.csv,aohe1237,aohe1237,YES
AN0413_numerals-hovo1239-1.csv,hovo1239,hovo1239,YES
AN0414_numerals-kere1285-1.csv,kere1285,kere1285,YES
AN0415_numerals-baha1257-1.csv,baha1257,baha1257,YES
AN0416_barlowpacific-bara1370-1.csv,bara1370,bara1370,YES
AN0417_EDIT_barlowpacific-kaya1325-1_EDIT.csv,kaya1325,kaya1325,YES
AN0418_EDIT_barlowpacific-mend1267-1_EDIT.csv,mend1267,mend1267,YES
AN0419_barlowpacific-busa1255-1.csv,busa1255,busa1255,YES
AN0420_barlowpacific-kaya1324-1.csv,kaya1324,kaya1324,YES
AN0421_EDIT_abvd-237-reja1241_EDIT.csv,reja1241,reja1241,YES
AN0422_numerals-muri1259-1.csv,muri1259,muri1259,YES
AN0423_barlowpacific-moda1244-1.csv,moda1244,moda1244,YES
AN0424_numerals-sega1244-1.csv,sega1244,sega1243,YES
AN0425_numerals-iban1264-1.csv,iban1264,iban1264,YES
AN0427_numerals-sebe1242-1.csv,sebe1242,sebe1242,YES
AN0428_numerals-mual1241-1.csv,mual1241,mual1241,YES
AN0429_numerals-keni1248-1.csv,keni1248,keni1248,YES
AN0430_EDIT_numerals-kend1254-1_EDIT.csv,kend1254,kend1254,YES
AN0431_EDIT_barlowpacific-ment1251-1_EDIT.csv,ment1251,ment1251,YES
AN0432_EDIT_numerals-gera1241-1_EDIT.csv,gera1241,mala1480,YES
AN0433_numerals-haji1235-1.csv,haji1235,haji1235,YES
AN0434_barlowpacific-oldm1243-1.csv,oldm1243,oldm1243,YES
AN0435_barlowpacific-duan1242-2.csv,duan1242,duan1242,YES
AN0436_barlowpacific-beta1252-1.csv,beta1252,beta1252,YES
AN0437_barlowpacific-coco1260-1.csv,coco1260,coco1260,YES
AN0438_EDIT_barlowpacific-pera1256-2_EDIT.csv,pera1256,pera1256,YES
AN0439_barlowpacific-kaur1269-1.csv,kaur1269,kaur1269,YES
AN0440_barlowpacific-cent2053-2.csv,cent2053,cent2053,YES
AN0441_barlowpacific-kubu1239-1.csv,kubu1239,kubu1239,YES
AN0442_numerals-coll1240-1.csv,coll1240,coll1240,YES
AN0443_numerals-musi1241-1.csv,musi1241,musi1241,YES
AN0444_EDIT_abvd-1191-bang1365_EDIT.csv,bang1365,bang1365,YES
AN0445_numerals-lonc1237-1.csv,lonc1237,lonc1237,YES
AN0446_EDIT_abvd-1192-jamb1236_EDIT.csv,jamb1236,jamb1236,YES
AN0447_numerals-keri1250-1.csv,keri1250,keri1250,YES
AN0448_barlowpacific-lubu1241-1.csv,lubu1241,lubu1241,YES
AN0449_numerals-mina1268-1.csv,mina1268,mina1268,YES
AN0450_barlowpacific-nege1240-1.csv,nege1240,nege1240,YES
AN0451_numerals-peka1242-1.csv,peka1242,peka1242,YES
AN0452_barlowpacific-bali1279-1.csv,bali1279,bali1279,YES
AN0453_numerals-mala1479-1.csv,mala1479,mala1479,YES
AN0454_barlowpacific-jaku1244-1.csv,jaku1244,jaku1244,YES
AN0455_EDIT_barlowpacific-keda1251-1_EDIT.csv,keda1251,keda1251,YES
AN0456_barlowpacific-patt1249-1.csv,patt1249,patt1249,YES
AN0457_numerals-urak1238-1.csv,urak1238,urak1238,YES
AN0458_barlowpacific-oran1258-1.csv,oran1258,oran1258,YES
AN0459_barlowpacific-oran1259-1.csv,oran1259,oran1259,YES
AN0460_EDIT_barlowpacific-temu1239-1_EDIT.csv,temu1239,temu1239,YES
AN0461_barlowpacific-teng1267-1.csv,teng1267,teng1267,YES
AN0462_numerals-indo1316-1.csv,indo1316,indo1316,YES
AN0463_EDIT_abvd-468-stan1306_EDIT.csv,stan1306,stan1306,YES
AN0464_EDIT_barlowpacific-banj1239-1_EDIT.csv,banj1239,banj1239,YES
AN0465_barlowpacific-buki1247-1.csv,buki1247,buki1247,YES
AN0466_barlowpacific-bera1262-1.csv,bera1262,bera1262,YES
AN0467_barlowpacific-baca1243-2.csv,baca1243,baca1243,YES
AN0468_barlowpacific-brun1242-1.csv,brun1242,brun1242,YES
AN0469_barlowpacific-saba1263-1.csv,saba1263,saba1263,YES
AN0470_barlowpacific-kota1275-1.csv,kota1275,kota1275,YES
AN0471_barlowpacific-baba1267-1.csv,baba1267,baba1267,YES
AN0472_EDIT_barlowpacific-mala1482-1_EDIT.csv,mala1482,mala1482,YES
AN0473_barlowpacific-sril1245-1.csv,sril1245,sril1245,YES
AN0474_EDIT_barlowpacific-maka1305-1_EDIT.csv,maka1305,maka1305,YES
AN0475_barlowpacific-lara1260-1.csv,lara1260,lara1260,YES
AN0476_numerals-kupa1239-1.csv,kupa1239,kupa1239,YES
AN0477_barlowpacific-ambo1250-2.csv,ambo1250,ambo1250,YES
AN0478_barlowpacific-band1353-1.csv,band1353,band1353,YES
AN0479_barlowpacific-nort2828-1.csv,nort2828,nort2828,YES
AN0481_barlowpacific-mala1481-1.csv,mala1481,mala1481,YES
AN0482_numerals-papu1250-1.csv,papu1250,papu1250,YES
AN0483_numerals-achi1257-1.csv,achi1257,achi1257,YES
AN0484_EDIT_numerals-east2563-1_EDIT.csv,east2563,east2563,YES
AN0485_numerals-west2650-1.csv,west2650,west2650,YES
AN0486_numerals-haro1237-1.csv,haro1237,haro1237,YES
AN0487_numerals-cacg1235-1.csv,cacg1235,cacg1235,YES
AN0488_numerals-chru1239-1.csv,chru1239,chru1239,YES
AN0489_numerals-sout3010-1.csv,sout3010,sout3010,YES
AN0490_EDIT_numerals-nort2994-1_EDIT.csv,nort2994,nort2994,YES
AN0491_numerals-tsat1238-1.csv,tsat1238,tsat1238,YES
AN0492_barlowpacific-biha1246-1.csv,biha1246,biha1246,YES
AN0493_numerals-jara1266-1.csv,jara1266,jara1266,YES
AN0494_numerals-rade1240-1.csv,rade1240,rade1240,YES
AN0495_numerals-buka1257-1.csv,buka1257,buka1257,YES
AN0496_barlowpacific-baub1235-1.csv,baub1235,baub1235,YES
AN0497_numerals-biat1246-1.csv,biat1246,biat1246,YES
AN0498_EDIT_barlowpacific-trin1271-1.csv,trin1271,trin1271,YES
AN0499_numerals-jang1257-1.csv,jang1257,jang1257,YES
AN0500_barlowpacific-kemb1249-1.csv,kemb1249,kemb1249,YES
AN0501_numerals-sema1269-1.csv,sema1269,sema1269,YES
AN0502_numerals-ribu1241-1.csv,ribu1241,ribu1241,YES
AN0503_numerals-sang1339-1.csv,sang1339,sang1339,YES
AN0504_barlowpacific-rara1235-1.csv,rara1235,rara1235,YES
AN0506_EDIT_abvd-488-beka1241_EDIT.csv,beka1241,beka1241,YES
AN0507_numerals-beny1237-1.csv,beny1237,beny1237,YES
AN0508_numerals-mokl1243-1.csv,mokl1243,mokl1243,YES
AN0509_numerals-moke1242-1.csv,moke1242,moke1242,YES
AN0510_numerals-gayo1244-1.csv,gayo1244,gayo1244,YES
AN0511_numerals-bata1292-1.csv,bata1292,bata1292,YES
AN0512_barlowpacific-bata1294-1.csv,bata1294,bata1294,YES
AN0513_barlowpacific-bata1293-1.csv,bata1293,bata1293,YES
AN0514_numerals-bata1288-1.csv,bata1288,bata1288,YES
AN0515_numerals-bata1290-1.csv,bata1290,bata1290,YES
AN0516_numerals-bata1291-1.csv,bata1291,bata1291,YES
AN0517_numerals-bata1289-1.csv,bata1289,bata1289,YES
AN0518_numerals-ment1249-1.csv,ment1249,ment1249,YES
AN0519_numerals-nias1242-1.csv,nias1242,nias1242,YES
AN0520_barlowpacific-siku1242-2.csv,siku1242,siku1242,YES
AN0521_barlowpacific-sime1241-1.csv,sime1241,sime1241,YES
AN0522_numerals-reja1240-1.csv,reja1240,reja1240,YES
AN0523_numerals-nasa1239-1.csv,nasa1239,nasa1239,YES
AN0524_numerals-engg1245-1.csv,engg1245,engg1245,YES
AN0525_numerals-lamp1242-1.csv,lamp1242,lamp1242,YES
AN0526_numerals-kome1238-1.csv,kome1238,kome1238,YES
AN0527_barlowpacific-lamp1243-1.csv,lamp1243,lamp1243,YES
AN0528_numerals-sund1252-1.csv,sund1252,sund1252,YES
AN0529_barlowpacific-kawi1241-1.csv,kawi1241,kawi1241,YES
AN0530_numerals-java1254-1.csv,java1254,java1254,YES
AN0531_barlowpacific-cari1276-1.csv,cari1276,cari1276,YES
AN0533_numerals-teng1272-1.csv,teng1272,teng1272,YES
AN0534_numerals-osin1237-1.csv,osin1237,osin1237,YES
AN0535_barlowpacific-kang1289-1.csv,kang1289,kang1289,YES
AN0536_numerals-nucl1460-1.csv,nucl1460,nucl1460,YES
AN0537_numerals-bali1278-1.csv,bali1278,bali1278,YES
AN0538_numerals-sasa1249-1.csv,sasa1249,sasa1249,YES
AN0539_numerals-sumb1241-1.csv,sumb1241,sumb1241,YES
AN0541_numerals-bima1247-1.csv,bima1247,bima1247,YES
AN0542_numerals-anak1240-1.csv,anak1240,anak1240,YES
AN0544_numerals-wanu1241-1.csv,wanu1241,wanu1241,YES
AN0545_numerals-kamb1299-1.csv,kamb1299,kamb1299,YES
AN0546_numerals-mamb1305-1.csv,mamb1305,mamb1305,YES
AN0547_EDIT_barlowpacific-ngga1239-1_EDIT.csv,ngga1239,ngga1239,YES
AN0548_numerals-kodi1247-1.csv,kodi1247,kodi1247,YES
AN0549_numerals-lamb1273-1.csv,lamb1273,lamb1273,YES
AN0550_numerals-weje1237-1.csv,weje1237,weje1237,YES
AN0551_numerals-dhao1237-1.csv,dhao1237,dhao1237,YES
AN0552_numerals-sabu1255-1.csv,sabu1255,sabu1255,YES
AN0554_barlowpacific-komo1261-1.csv,komo1261,komo1261,YES
AN0555_numerals-mang1405-1.csv,mang1405,mang1405,YES
AN0556_barlowpacific-riun1237-1.csv,riun1237,riun1237,YES
AN0557_numerals-remb1250-1.csv,remb1250,remb1250,YES
AN0558_barlowpacific-waer1237-1.csv,waer1237,waer1237,YES
AN0560_numerals-ende1246-1.csv,ende1246,ende1246,YES
AN0561_numerals-lioo1240-1.csv,lioo1240,lioo1240,YES
AN0562_numerals-keoo1238-1.csv,keoo1238,keoo1238,YES
AN0563_numerals-nage1237-1.csv,nage1237,nage1237,YES
AN0564_barlowpacific-namu1249-1.csv,namu1249,namu1249,YES
AN0565_numerals-ngad1261-1.csv,ngad1261,ngad1261,YES
AN0566_numerals-rong1269-1.csv,rong1269,rong1269,YES
AN0567_numerals-palu1252-1.csv,palu1252,palu1252,YES
AN0568_numerals-sika1262-1.csv,sika1262,sika1262,YES
AN0569_numerals-alor1247-1.csv,alor1247,alor1247,YES
AN0570_numerals-lewo1251-1.csv,lewo1251,lama1277,YES
AN0571_numerals-lewo1244-1.csv,lewo1244,lewo1244,YES
AN0573_numerals-adon1237-1.csv,adon1237,adon1237,YES
AN0575_numerals-lama1278-1.csv,lama1278,lama1278,YES
AN0576_numerals-levu1239-1.csv,levu1239,levu1239,YES
AN0577_numerals-sout2896-1.csv,sout2896,sout2896,YES
AN0581_numerals-keda1252-1.csv,keda1252,keda1252,YES
AN0582_barlowpacific-bilb1242-1.csv,bilb1242,bilb1242,YES
AN0583_barlowpacific-ring1244-1.csv,ring1244,ring1244,YES
AN0584_numerals-term1237-1.csv,term1237,term1237,YES
AN0585_numerals-lole1239-1.csv,lole1239,lole1239,YES
AN0586_barlowpacific-tiii1241-1.csv,tiii1241,tiii1241,YES
AN0587_numerals-dela1251-1.csv,dela1251,dela1251,YES
AN0588_barlowpacific-deng1253-1.csv,deng1253,deng1253,YES
AN0589_EDIT_numerals-amar1273-1_EDIT.csv,amar1273,amar1273,YES
AN0590_numerals-baik1238-1.csv,baik1238,baik1238,YES
AN0591_EDIT_numerals-uabm1237-1_EDIT.csv,uabm1237,uabm1237,YES
AN0592_numerals-helo1243-1.csv,helo1243,helo1243,YES
AN0593_numerals-idat1237-1.csv,idat1237,idat1237,YES
AN0594_numerals-laka1255-1.csv,laka1255,laka1255,YES
AN0595_numerals-habu1241-1.csv,habu1241,habu1241,YES
AN0596_numerals-tetu1245-1.csv,tetu1245,tetu1245,YES
AN0597_barlowpacific-tetu1246-2.csv,tetu1246,tetu1246,YES
AN0598_numerals-kair1265-1.csv,kair1265,kair1265,YES
AN0599_numerals-naue1237-1.csv,naue1237,naue1237,YES
AN0600_EDIT_numerals-waim1252-1_EDIT.csv,waim1252,waim1252,YES
AN0601_numerals-galo1243-1.csv,galo1243,galo1243,YES
AN0602_numerals-iliu1237-1.csv,iliu1237,iliu1237,YES
AN0603_numerals-aput1237-1.csv,aput1237,aput1237,YES
AN0604_numerals-pera1257-1.csv,pera1257,pera1257,YES
AN0605_numerals-tugu1245-1.csv,tugu1245,tugu1245,YES
AN0606_numerals-maku1277-1.csv,maku1277,maku1277,YES
AN0607_numerals-kisa1266-1.csv,kisa1266,kisa1266,YES
AN0608_numerals-roma1332-1.csv,roma1332,roma1332,YES
AN0609_numerals-leti1246-1.csv,leti1246,leti1246,YES
AN0610_numerals-luan1263-1.csv,luan1263,luan1263,YES
AN0611_numerals-east2472-1.csv,east2472,east2472,YES
AN0612_numerals-daii1240-1.csv,daii1240,daii1240,YES
AN0613_numerals-dawe1237-1.csv,dawe1237,dawe1237,YES
AN0614_numerals-nort2860-1.csv,nort2860,nort2860,YES
AN0615_numerals-cent2072-1.csv,cent2072,cent2072,YES
AN0616_numerals-east2462-1.csv,east2462,east2462,YES
AN0617_numerals-seri1255-1.csv,seri1255,seri1255,YES
AN0618_numerals-sout2883-1.csv,sout2883,sout2883,YES
AN0619_EDIT_barlowpacific-west2535-1_EDIT.csv,west2535,west2535,YES
AN0620_numerals-empl1237-1.csv,empl1237,empl1237,YES
AN0621_numerals-imro1237-1.csv,imro1237,imro1237,YES
AN0622_numerals-tela1241-1.csv,tela1241,tela1241,YES
AN0623_numerals-west2548-1.csv,west2548,west2548,YES
AN0624_numerals-sela1259-1.csv,sela1259,sela1259,YES
AN0625_numerals-selu1242-1.csv,selu1242,selu1242,YES
AN0626_barlowpacific-nila1244-1.csv,nila1244,nila1244,YES
AN0627_numerals-seru1245-1.csv,seru1245,seru1245,YES
AN0628_numerals-teun1241-1.csv,teun1241,teun1241,YES
AN0629_barlowpacific-ambe1248-1.csv,ambe1248,ambe1248,YES
AN0630_EDIT_numerals-buru1303-1_EDIT.csv,buru1303,buru1303,YES
AN0631_barlowpacific-huku1237-1.csv,huku1237,huku1237,YES
AN0632_barlowpacific-lise1239-2.csv,lise1239,lise1239,YES
AN0633_numerals-sula1245-1.csv,sula1245,sula1248,YES
AN0634_barlowpacific-kaye1241-2.csv,kaye1241,kaye1241,YES
AN0635_barlowpacific-asil1242-1.csv,asil1242,asil1242,YES
AN0636_numerals-boan1242-1.csv,boan1242,boan1242,YES
AN0637_numerals-lari1255-1.csv,lari1255,lari1255,YES
AN0638_numerals-luhu1243-1.csv,luhu1243,luhu1243,YES
AN0639_numerals-mani1297-1.csv,mani1297,mani1297,YES
AN0640_barlowpacific-paul1238-2.csv,paul1238,paul1238,YES
AN0641_numerals-laha1251-1.csv,laha1251,laha1251,YES
AN0642_barlowpacific-seit1239-1.csv,seit1239,seit1239,YES
AN0643_numerals-hitu1239-1.csv,hitu1239,hitu1239,YES
AN0644_numerals-tule1244-1.csv,tule1244,tule1244,YES
AN0645_numerals-kaib1244-1.csv,kaib1244,kaib1244,YES
AN0646_barlowpacific-haru1244-1.csv,haru1244,haru1244,YES
AN0647_numerals-amah1245-1.csv,amah1245,amah1245,YES
AN0648_numerals-nusa1245-1.csv,nusa1245,nusa1245,YES
AN0649_EDIT_barlowpacific-latu1237-1_EDIT.csv,latu1237,latu1237,YES
AN0650_EDIT_barlowpacific-sapa1251-2_EDIT.csv,sapa1251,sapa1251,YES
AN0651_numerals-kama1362-1.csv,kama1362,kama1362,YES
AN0652_barlowpacific-sepa1242-1.csv,sepa1242,sepa1242,YES
AN0653_barlowpacific-telu1263-1.csv,telu1263,telu1263,YES
AN0654_numerals-hulu1246-1.csv,hulu1246,hulu1246,YES
AN0655_numerals-lisa1239-1.csv,lisa1239,lisa1239,YES
AN0657_numerals-sale1244-1.csv,sale1244,sale1244,YES
AN0658_numerals-alun1238-1.csv,alun1238,alun1238,YES
AN0659_numerals-naka1263-1.csv,naka1263,naka1263,YES
AN0660_numerals-yala1266-1.csv,yala1266,yala1266,YES
AN0661_numerals-nort2864-1.csv,nort2864,nort2864,YES
AN0662_numerals-huau1237-1.csv,huau1237,huau1237,YES
AN0663_barlowpacific-manu1258-1.csv,manu1258,manu1258,YES
AN0665_numerals-sout2895-1.csv,sout2895,sout2895,YES
AN0666_numerals-kema1243-1.csv,kema1243,kema1243,YES
AN0667_numerals-tuku1254-1.csv,tuku1254,tuku1254,YES
AN0668_barlowpacific-wela1235-1.csv,wela1235,wela1235,YES
AN0669_numerals-mamb1306-1.csv,mamb1306,mamb1306,YES
AN0670_numerals-ford1242-1.csv,ford1242,ford1242,YES
AN0671_numerals-keii1239-1.csv,keii1239,keii1239,YES
AN0672_numerals-yamd1240-1.csv,yamd1240,yamd1240,YES
AN0673_numerals-urua1244-1.csv,urua1244,urua1244,YES
AN0674_numerals-onin1245-1.csv,onin1245,onin1245,YES
AN0675_numerals-seka1247-1.csv,seka1247,seka1247,YES
AN0676_numerals-teor1240-1.csv,teor1240,teor1240,YES
AN0677_barlowpacific-kurr1245-1.csv,kurr1245,kurr1245,YES
AN0678_numerals-irar1238-1.csv,irar1238,irar1238,YES
AN0679_barlowpacific-kuri1260-1.csv,kuri1260,kuri1260,YES
AN0680_numerals-argu1237-1.csv,argu1237,argu1237,YES
AN0681_numerals-bedo1237-1.csv,bedo1237,bedo1237,YES
AN0682_numerals-erok1237-1.csv,erok1237,erok1237,YES
AN0683_EDIT_barlowpacific-beng1287-1_EDIT.csv,beng1287,beng1287,YES
AN0684_EDIT_barlowpacific-hoti1237-1_EDIT.csv,hoti1237,hoti1237,YES
AN0685_numerals-lian1255-1.csv,lian1255,lian1255,YES
AN0687_numerals-bobo1254-1.csv,bobo1254,bobo1254,YES
AN0688_barlowpacific-masi1266-1.csv,masi1266,masi1266,YES
AN0689_barlowpacific-bati1253-1.csv,bati1253,bati1253,YES
AN0690_numerals-gese1240-1.csv,gese1240,gese1240,YES
AN0691_numerals-kowi1239-1.csv,kowi1239,kowi1239,YES
AN0692_barlowpacific-watu1247-1.csv,watu1247,watu1247,YES
AN0693_numerals-band1355-1.csv,band1355,band1355,YES
AN0694_numerals-west2538-1.csv,west2538,west2538,YES
AN0695_numerals-east2465-1.csv,east2465,east2465,YES
AN0696_numerals-kare1339-1.csv,kare1339,kare1339,YES
AN0697_numerals-bara1367-1.csv,bara1367,bara1367,YES
AN0698_numerals-lora1237-1.csv,lora1237,lora1237,YES
AN0699_numerals-koba1240-1.csv,koba1240,koba1240,YES
AN0700_numerals-dobe1238-1.csv,dobe1238,dobe1238,YES
AN0701_numerals-mano1275-1.csv,mano1275,mano1275,YES
AN0702_numerals-lola1248-1.csv,lola1248,lola1248,YES
AN0703_numerals-mari1430-1.csv,mari1430,mari1430,YES
AN0704_numerals-batu1258-1.csv,batu1258,batu1258,YES
AN0705_numerals-ujir1237-1.csv,ujir1237,ujir1237,YES
AN0706_numerals-komp1237-1.csv,komp1237,komp1237,YES
AN0707_numerals-kola1285-1.csv,kola1285,kola1285,YES
AN0708_numerals-pala1344-1.csv,pala1344,pala1344,YES
AN0709_EDIT_barlowpacific-cham1312-1_EDIT.csv,cham1312,cham1312,YES
AN0710_numerals-buli1255-1.csv,buli1255,buli1255,YES
AN0711_barlowpacific-maba1278-1.csv,maba1278,maba1278,YES
AN0712_barlowpacific-pata1260-1.csv,pata1260,pata1260,YES
AN0713_numerals-sawa1247-1.csv,sawa1247,sawa1247,YES
AN0714_numerals-east2440-1.csv,east2440,east2440,YES
AN0715_barlowpacific-gane1237-2.csv,gane1237,gane1237,YES
AN0716_numerals-gebe1237-1.csv,gebe1237,gebe1237,YES
AN0717_numerals-matb1237-1.csv,matb1237,matb1237,YES
AN0718_barlowpacific-kawe1240-2.csv,kawe1240,kawe1240,YES
AN0719_barlowpacific-lege1241-1.csv,lege1241,lege1241,YES
AN0720_numerals-maya1282-2.csv,maya1282,maya1282,YES
AN0721_barlowpacific-wauy1237-2.csv,wauy1237,wauy1237,YES
AN0722_numerals-waig1244-1.csv,waig1244,waig1244,YES
AN0723_numerals-biga1238-1.csv,biga1238,biga1238,YES
AN0724_EDIT_barlowpacific-bata1295-1_EDIT.csv,bata1295,bata1295,YES
AN0725_numerals-made1253-1.csv,made1253,made1253,YES
AN0726_numerals-asss1237-2.csv,asss1237,asss1237,YES
AN0727_numerals-biak1248-1.csv,biak1248,biak1248,YES
AN0728_numerals-roon1237-2.csv,roon1237,roon1237,YES
AN0729_numerals-dusn1237-1.csv,dusn1237,dusn1237,YES
AN0730_numerals-meos1237-1.csv,meos1237,meos1237,YES
AN0731_numerals-yaur1239-1.csv,yaur1239,yaur1239,YES
AN0732_numerals-ires1239-1.csv,ires1239,ires1239,YES
AN0733_numerals-yere1243-1.csv,yere1243,yere1243,YES
AN0734_EDIT_numerals-amba1265-1_EDIT.csv,amba1265,amba1265,YES
AN0735_numerals-ansu1237-1.csv,ansu1237,ansu1237,YES
AN0736_barlowpacific-mara1397-1.csv,mara1397,mara1397,YES
AN0737_numerals-wand1267-2.csv,wand1267,wand1267,YES
AN0738_numerals-woii1237-1.csv,woii1237,woii1237,YES
AN0739_EDIT_barlowpacific-mung1269-1_EDIT.csv,mung1269,mung1269,YES
AN0740_numerals-papu1251-1.csv,papu1251,papu1251,YES
AN0741_barlowpacific-pomm1237-1.csv,pomm1237,pomm1237,YES
AN0742_numerals-busa1254-1.csv,busa1254,busa1254,YES
AN0743_numerals-seru1244-1.csv,seru1244,seru1244,YES
AN0744_numerals-kuru1305-2.csv,kuru1305,kuru1305,YES
AN0745_numerals-wabo1240-2.csv,wabo1240,wabo1240,YES
AN0746_barlowpacific-tand1253-2.csv,tand1253,tand1253,YES
AN0747_numerals-morm1235-1.csv,morm1235,morm1235,YES
AN0748_numerals-waro1242-1.csv,waro1242,waro1242,YES
AN0749_barlowpacific-ware1253-2.csv,ware1253,ware1253,YES
AN0750_barlowpacific-pauw1243-3.csv,pauw1243,pauw1243,YES
AN0751_numerals-yoke1238-1.csv,yoke1238,yoke1238,YES
AN0752_EDIT_abvd-1578-ngul1236_EDIT.csv,ngul1236,ngul1236,YES
AN0753_numerals-yape1248-1.csv,yape1248,yape1248,YES
AN0754_numerals-tobi1238-1.csv,tobi1238,tobi1238,YES
AN0755_numerals-sons1242-1.csv,sons1242,sons1242,YES
AN0756_numerals-ulit1238-1.csv,ulit1238,ulit1238,YES
AN0757_barlowpacific-mapi1250-2.csv,mapi1250,mapi1250,YES
AN0758_EDIT_numerals-wole1240-1_EDIT.csv,wole1240,wole1240,YES
AN0759_numerals-sata1237-1.csv,sata1237,sata1237,YES
AN0760_numerals-namo1247-1.csv,namo1247,namo1247,YES
AN0761_numerals-paaf1237-1.csv,paaf1237,paaf1237,YES
AN0762_numerals-tana1281-1.csv,tana1281,tana1281,YES
AN0763_numerals-caro1242-1.csv,caro1242,caro1242,YES
AN0764_EDIT_numerals-pulu1242-1_EDIT.csv,pulu1242,pulu1242,YES
AN0765_EDIT_barlowpacific-poll1238-1.csv,poll1238,poll1238,YES
AN0766_numerals-chuu1238-1.csv,chuu1238,chuu1238,YES
AN0767_numerals-mort1237-1.csv,mort1237,mort1237,YES
AN0768_numerals-pohn1238-1.csv,pohn1238,pohn1238,YES
AN0769_numerals-moki1238-1.csv,moki1238,moki1238,YES
AN0770_numerals-ping1243-1.csv,ping1243,ping1243,YES
AN0771_numerals-mars1254-1.csv,mars1254,mars1254,YES
AN0772_numerals-gilb1244-1.csv,gilb1244,gilb1244,YES
AN0773_numerals-kosr1238-1.csv,kosr1238,kosr1238,YES
AN0774_numerals-naur1243-1.csv,naur1243,naur1243,YES
AN0775_barlowpacific-kani1283-1.csv,kani1283,kani1283,YES
AN0776_barlowpacific-kani1282-1.csv,kani1282,kani1282,YES
AN0777_numerals-seim1238-1.csv,seim1238,seim1238,YES
AN0778_numerals-wuvu1239-1.csv,wuvu1239,wuvu1239,YES
AN0779_barlowpacific-herm1237-1.csv,herm1237,herm1237,YES
AN0780_numerals-bipi1237-1.csv,bipi1237,bipi1237,YES
AN0781_numerals-nyin1250-1.csv,nyin1250,nyin1250,YES
AN0782_barlowpacific-sori1242-1.csv,sori1242,sori1242,YES
AN0783_barlowpacific-liku1243-2.csv,liku1243,liku1243,YES
AN0784_barlowpacific-kheh1237-1.csv,kheh1237,kheh1237,YES
AN0785_barlowpacific-mond1265-2.csv,mond1265,mond1265,YES
AN0786_numerals-tulu1259-1.csv,tulu1259,tulu1259,YES
AN0787_numerals-pona1250-1.csv,pona1250,pona1250,YES
AN0788_barlowpacific-kurt1250-2.csv,kurt1250,kurt1250,YES
AN0790_barlowpacific-kele1258-2.csv,kele1258,kele1258,YES
AN0791_barlowpacific-eree1241-1.csv,eree1241,eree1241,YES
AN0792_numerals-andr1248-1.csv,andr1248,andr1248,YES
AN0793_barlowpacific-leip1237-2.csv,leip1237,leip1237,YES
AN0794_numerals-papi1254-1.csv,papi1254,bowa1234,YES
AN0795_numerals-lele1270-1.csv,lele1270,lele1270,YES
AN0796_numerals-tita1241-1.csv,tita1241,tita1241,YES
AN0797_numerals-nali1245-2.csv,nali1245,nali1245,YES
AN0798_numerals-loni1238-1.csv,loni1238,loni1238,YES
AN0799_barlowpacific-moke1240-2.csv,moke1240,moke1240,YES
AN0800_barlowpacific-pakt1239-1.csv,pakt1239,pakt1239,YES
AN0801_numerals-louu1245-1.csv,louu1245,louu1245,YES
AN0802_numerals-balu1257-1.csv,balu1257,balu1257,YES
AN0803_barlowpacific-lenk1247-2.csv,lenk1247,lenk1247,YES
AN0804_barlowpacific-penc1239-2.csv,penc1239,penc1239,YES
AN0805_numerals-naun1237-1.csv,naun1237,naun1237,YES
AN0806_numerals-muss1246-1.csv,muss1246,muss1246,YES
AN0807_numerals-teni1244-1.csv,teni1244,teni1244,YES
AN0808_numerals-liki1241-1.csv,liki1241,liki1241,YES
AN0809_numerals-sobe1238-1.csv,sobe1238,sobe1238,YES
AN0810_numerals-wakd1237-1.csv,wakd1237,wakd1237,YES
AN0811_numerals-masi1265-1.csv,masi1265,masi1265,YES
AN0812_numerals-yamn1237-1.csv,yamn1237,yamn1237,YES
AN0813_barlowpacific-anus1237-1.csv,anus1237,anus1237,YES
AN0815_numerals-bong1287-1.csv,bong1287,bong1287,YES
AN0816_barlowpacific-kapt1235-1.csv,kapt1235,kapt1235,YES
AN0817_numerals-tarp1240-1.csv,tarp1240,tarp1240,YES
AN0818_EDIT_numerals-ormu1248-1_EDIT.csv,ormu1248,ormu1248,YES
AN0819_numerals-kayu1243-1.csv,kayu1243,kayu1243,YES
AN0820_barlowpacific-toba1266-5.csv,toba1266,toba1266,YES
AN0821_barlowpacific-kapp1237-1.csv,kapp1237,kapp1237,YES
AN0822_barlowpacific-tuml1238-1.csv,tuml1238,tuml1238,YES
AN0823_barlowpacific-sera1260-1.csv,sera1260,sera1260,YES
AN0824_numerals-arop1242-1.csv,arop1242,arop1242,YES
AN0825_numerals-malo1245-1.csv,malo1245,malo1245,YES
AN0826_barlowpacific-siss1243-1.csv,siss1243,siss1243,YES
AN0827_barlowpacific-ulau1237-4.csv,ulau1237,ulau1237,YES
AN0828_barlowpacific-kaie1237-4.csv,kaie1237,kaie1237,YES
AN0829_numerals-tere1276-1.csv,tere1276,tere1276,YES
AN0830_numerals-kair1263-1.csv,kair1263,kair1263,YES
AN0831_numerals-biem1237-1.csv,biem1237,biem1237,YES
AN0832_numerals-mana1295-1.csv,mana1295,mana1295,YES
AN0833_barlowpacific-sepa1241-3.csv,sepa1241,sepa1241,YES
AN0834_numerals-kiss1246-1.csv,kiss1246,kiss1246,YES
AN0835_numerals-woge1237-1.csv,woge1237,woge1237,YES
AN0836_barlowpacific-mede1237-2.csv,mede1237,mede1237,YES
AN0837_numerals-awad1244-2.csv,awad1244,awad1244,YES
AN0838_EDIT_barlowpacific-mind1255-1_EDIT.csv,mind1255,mind1255,YES
AN0839_EDIT_barlowpacific-wabb1237-1_EDIT.csv,wabb1237,wabb1237,YES
AN0840_barlowpacific-bilb1241-2.csv,bilb1241,bilb1241,YES
AN0841_barlowpacific-geda1237-4.csv,geda1237,geda1237,YES
AN0842_numerals-mari1428-1.csv,mari1428,mari1428,YES
AN0843_numerals-matu1261-2.csv,matu1261,matu1261,YES
AN0844_numerals-taki1248-2.csv,taki1248,taki1248,YES
AN0845_EDIT_barlowpacific-mato1252-5_EDIT.csv,mato1252,mato1252,YES
AN0846_EDIT_barlowpacific-ronj1237-3_EDIT.csv,ronj1237,ronj1237,YES
AN0847_numerals-arop1243-1.csv,arop1243,arop1243,YES
AN0848_EDIT_numerals-karn1252-1_EDIT.csv,karn1252,karn1252,YES
AN0849_EDIT_barlowpacific-mala1487-5_EDIT.csv,mala1487,mala1487,YES
AN0850_barlowpacific-murp1234-2.csv,murp1234,murp1234,YES
AN0851_numerals-sioo1240-1.csv,sioo1240,sioo1240,YES
AN0852_numerals-mbul1263-1.csv,mbul1263,mbul1263,YES
AN0853_numerals-male1289-1.csv,male1289,male1289,YES
AN0854_numerals-amar1272-1.csv,amar1272,amar1272,YES
AN0855_numerals-lamo1244-1.csv,lamo1244,lamo1244,YES
AN0856_numerals-mouk1239-1.csv,mouk1239,mouk1239,YES
AN0857_numerals-akol1237-2.csv,akol1237,akol1237,YES
AN0858_numerals-avau1237-2.csv,avau1237,avau1237,YES
AN0859_barlowpacific-lesi1239-1.csv,lesi1239,lesi1239,YES
AN0860_numerals-aikl1237-1.csv,aikl1237,aikl1237,YES
AN0861_numerals-apal1255-1.csv,apal1255,apal1255,YES
AN0862_numerals-gimi1242-1.csv,gimi1242,gimi1242,YES
AN0863_numerals-solo1258-1.csv,solo1258,solo1258,YES
AN0864_numerals-bebe1252-2.csv,bebe1252,bebe1252,YES
AN0865_numerals-mang1403-1.csv,mang1403,mang1403,YES
AN0866_numerals-aigh1235-1.csv,aigh1235,aigh1235,YES
AN0868_numerals-kaul1240-1.csv,kaul1240,kaul1240,YES
AN0869_numerals-miuu1237-1.csv,miuu1237,miuu1237,YES
AN0870_barlowpacific-seng1281-2.csv,seng1281,seng1281,YES
AN0871_numerals-lote1237-1.csv,lote1237,lote1237,YES
AN0872_numerals-mamu1254-1.csv,mamu1254,mamu1254,YES
AN0873_numerals-meng1267-1.csv,meng1267,meng1267,YES
AN0874_EDIT_numerals-tami1290-1_EDIT.csv,tami1290,tami1290,YES
AN0875_EDIT_barlowpacific-mala1489-4_EDIT.csv,mala1489,mala1489,YES
AN0876_numerals-gitu1237-1.csv,gitu1237,gitu1237,YES
AN0877_numerals-mutu1242-1.csv,mutu1242,mutu1242,YES
AN0878_numerals-bari1286-1.csv,bari1286,bari1286,YES
AN0879_numerals-kove1237-2.csv,kove1237,kove1237,YES
AN0880_numerals-lusi1240-1.csv,lusi1240,lusi1240,YES
AN0881_numerals-arib1241-1.csv,arib1241,arib1241,YES
AN0882_numerals-arib1240-1.csv,arib1240,arib1240,YES
AN0883_numerals-duwe1237-1.csv,duwe1237,duwe1237,YES
AN0884_EDIT_numerals-muso1238-1_EDIT.csv,muso1238,muso1238,YES
AN0885_barlowpacific-nafi1237-1.csv,nafi1237,nafi1237,YES
AN0886_numerals-labu1248-1.csv,labu1248,labu1248,YES
AN0887_numerals-wamp1247-2.csv,wamp1247,wamp1247,YES
AN0888_numerals-adze1240-2.csv,adze1240,adze1240,YES
AN0889_barlowpacific-mari1429-1.csv,mari1429,mari1429,YES
AN0890_barlowpacific-sara1323-2.csv,sara1323,sara1323,YES
AN0891_barlowpacific-suku1264-1.csv,suku1264,suku1264,YES
AN0892_numerals-wamp1248-1.csv,wamp1248,wamp1248,YES
AN0893_numerals-midd1327-1.csv,midd1327,midd1327,YES
AN0894_numerals-nort2857-1.csv,nort2857,nort2857,YES
AN0895_barlowpacific-sout2877-1.csv,sout2877,sout2877,YES
AN0896_EDIT_numerals-buga1250-1_EDIT.csv,buga1250,buga1250,YES
AN0897_numerals-yabe1254-1.csv,yabe1254,yabe1254,YES
AN0898_numerals-kela1255-1.csv,kela1255,kela1255,YES
AN0899_numerals-kapi1250-1.csv,kapi1250,kapi1250,YES
AN0900_barlowpacific-mang1404-1.csv,mang1404,mang1404,YES
AN0901_numerals-mapo1242-1.csv,mapo1242,mapo1242,YES
AN0902_numerals-damb1246-1.csv,damb1246,damb1246,YES
AN0903_numerals-kuma1278-1.csv,kuma1278,kuma1278,YES
AN0904_barlowpacific-gora1262-1.csv,gora1262,gora1262,YES
AN0905_numerals-pate1247-1.csv,pate1247,pate1247,YES
AN0906_numerals-zena1237-1.csv,zena1237,zena1237,YES
AN0907_barlowpacific-piuu1237-2.csv,piuu1237,piuu1237,YES
AN0908_barlowpacific-vehe1237-1.csv,vehe1237,vehe1237,YES
AN0909_numerals-hote1245-1.csv,hote1245,hote1245,YES
AN0910_barlowpacific-yama1260-2.csv,yama1260,yama1260,YES
AN0911_numerals-iwal1237-1.csv,iwal1237,iwal1237,YES
AN0912_numerals-numb1247-1.csv,numb1247,numb1247,YES
AN0913_numerals-mais1250-1.csv,mais1250,mais1250,YES
AN0914_barlowpacific-aree1239-1.csv,aree1239,aree1239,YES
AN0915_barlowpacific-doga1238-1.csv,doga1238,doga1238,YES
AN0916_numerals-arif1239-1.csv,arif1239,arif1239,YES
AN0917_numerals-gapa1238-1.csv,gapa1238,gapa1238,YES
AN0918_barlowpacific-ghay1237-1.csv,ghay1237,ghay1237,YES
AN0919_numerals-kani1281-1.csv,kani1281,kani1281,YES
AN0920_numerals-ubir1237-1.csv,ubir1237,ubir1237,YES
AN0921_numerals-mina1269-1.csv,mina1269,mina1269,YES
AN0922_numerals-gwed1239-1.csv,gwed1239,gwed1239,YES
AN0923_numerals-haig1237-1.csv,haig1237,haig1237,YES
AN0924_numerals-maiw1249-1.csv,maiw1249,maiw1249,YES
AN0925_EDIT_numerals-taup1242-1_EDIT.csv,taup1242,taup1242,YES
AN0926_numerals-waem1237-1.csv,waem1237,waem1237,YES
AN0927_EDIT_numerals-tawa1275-1_EDIT.csv,tawa1275,tawa1275,YES
AN0928_numerals-weda1241-1.csv,weda1241,weda1241,YES
AN0929_EDIT_barlowpacific-yaka1275-1_EDIT.csv,yaka1275,yaka1275,YES
AN0930_numerals-dawa1242-1.csv,dawa1242,dawa1242,YES
AN0931_numerals-kaka1267-1.csv,kaka1267,kaka1267,YES
AN0932_numerals-anuk1239-1.csv,anuk1239,anuk1239,YES
AN0933_numerals-bwai1242-1.csv,bwai1242,bwai1242,YES
AN0934_numerals-idun1242-1.csv,idun1242,idun1242,YES
AN0935_numerals-diod1237-1.csv,diod1237,diod1237,YES
AN0936_numerals-iama1237-1.csv,iama1237,iama1237,YES
AN0937_numerals-maia1251-1.csv,maia1251,maia1251,YES
AN0938_numerals-kolu1245-1.csv,kolu1245,kolu1245,YES
AN0939_numerals-moli1248-1.csv,moli1248,moli1248,YES
AN0940_numerals-guma1254-1.csv,guma1254,guma1254,YES
AN0941_numerals-bose1237-1.csv,bose1237,bose1237,YES
AN0942_numerals-gale1257-1.csv,gale1257,gale1257,YES
AN0943_numerals-buna1276-1.csv,buna1276,buna1276,YES
AN0944_numerals-mwat1237-1.csv,mwat1237,mwat1237,YES
AN0945_numerals-dobu1241-1.csv,dobu1241,dobu1241,YES
AN0946_numerals-duau1237-1.csv,duau1237,duau1237,YES
AN0947_numerals-sewa1251-1.csv,sewa1251,sewa1251,YES
AN0948_barlowpacific-unub1234-1.csv,unub1234,unub1234,YES
AN0949_numerals-waga1268-1.csv,waga1268,waga1268,YES
AN0950_numerals-buhu1237-1.csv,buhu1237,buhu1237,YES
AN0951_numerals-sali1295-1.csv,sali1295,sali1295,YES
AN0952_numerals-suau1242-1.csv,suau1242,suau1242,YES
AN0953_numerals-oyao1237-1.csv,oyao1237,oyao1237,YES
AN0954_numerals-auhe1237-1.csv,auhe1237,auhe1237,YES
AN0955_numerals-bwan1241-1.csv,bwan1241,bwan1241,YES
AN0956_numerals-abad1241-1.csv,abad1241,abad1241,YES
AN0957_numerals-motu1246-1.csv,motu1246,motu1246,YES
AN0958_numerals-kuni1263-1.csv,kuni1263,kuni1263,YES
AN0959_numerals-lala1268-2.csv,lala1268,lala1268,YES
AN0960_numerals-meke1243-1.csv,meke1243,meke1243,YES
AN0961_numerals-tour1243-1.csv,tour1243,tour1243,YES
AN0962_numerals-waim1251-1.csv,waim1251,waim1251,YES
AN0963_numerals-hula1239-1.csv,hula1239,hula1239,YES
AN0964_numerals-keap1239-1.csv,keap1239,keap1239,YES
AN0965_numerals-sina1266-1.csv,sina1266,sina1266,YES
AN0966_numerals-bina1271-1.csv,bina1271,bina1271,YES
AN0967_numerals-mago1248-1.csv,mago1248,mago1248,YES
AN0968_EDIT_barlowpacific-yoba1237-1_EDIT.csv,yoba1237,yoba1237,YES
AN0969_EDIT_barlowpacific-ouma1237-1_EDIT.csv,ouma1237,ouma1237,YES
AN0970_EDIT_barlowpacific-budi1249-1_EDIT.csv,budi1249,budi1249,YES
AN0971_numerals-kili1267-1.csv,kili1267,kili1267,YES
AN0972_barlowpacific-muyu1244-1.csv,muyu1244,muyu1244,YES
AN0973_numerals-misi1243-1.csv,misi1243,misi1243,YES
AN0974_barlowpacific-nimo1246-3.csv,nimo1246,nimo1246,YES
AN0975_numerals-sude1239-2.csv,sude1239,sude1239,YES
AN0976_barlowpacific-unea1237-1.csv,unea1237,unea1237,YES
AN0977_numerals-bola1250-1.csv,bola1250,bola1250,YES
AN0978_numerals-bulu1253-1.csv,bulu1253,bulu1253,YES
AN0979_numerals-mudu1242-1.csv,mudu1242,mudu1242,YES
AN0980_EDIT_numerals-mera1242-1_EDIT.csv,mera1242,mera1242,YES
AN0981_numerals-naka1262-1.csv,naka1262,naka1262,YES
AN0982_barlowpacific-tomo1244-1.csv,tomo1244,tomo1244,YES
AN0983_barlowpacific-tung1290-1.csv,tung1290,tung1290,YES
AN0984_numerals-tiga1245-1.csv,tiga1245,tiga1245,YES
AN0985_numerals-tian1237-1.csv,tian1237,tian1237,YES
AN0986_numerals-kara1486-1.csv,kara1486,kara1486,YES
AN0987_numerals-laku1238-1.csv,laku1238,laku1238,YES
AN0988_numerals-nali1244-1.csv,nali1244,nali1244,YES
AN0989_numerals-nots1237-1.csv,nots1237,nots1237,YES
AN0990_numerals-mand1440-1.csv,mand1440,mand1440,YES
AN0991_numerals-lihi1237-1.csv,lihi1237,lihi1237,YES
AN0992_numerals-lava1239-1.csv,lava1239,lava1239,YES
AN0993_numerals-baro1253-1.csv,baro1253,baro1253,YES
AN0994_numerals-mada1285-1.csv,mada1285,mada1285,YES
AN0996_numerals-kuan1248-1.csv,kuan1248,kuan1248,YES
AN0997_numerals-mini1251-1.csv,mini1251,mini1251,YES
AN0998_numerals-patp1243-1.csv,patp1243,patp1243,YES
AN0999_barlowpacific-bilu1244-1.csv,bilu1244,bilu1244,YES
AN1000_EDIT_abvd-1578-labe1239_EDIT.csv,labe1239,labe1239,YES
AN1001_numerals-kand1301-1.csv,kand1301,kand1301,YES
AN1002_numerals-ramo1244-1.csv,ramo1244,ramo1244,YES
AN1003_numerals-siar1238-1.csv,siar1238,siar1238,YES
AN1004_numerals-surs1246-1.csv,surs1246,surs1246,YES
AN1005_barlowpacific-kono1269-1.csv,kono1269,kono1269,YES
AN1006_numerals-make1251-1.csv,make1251,tang1348,YES
AN1007_barlowpacific-hako1237-1.csv,hako1237,hako1237,YES
AN1008_numerals-hali1244-1.csv,hali1244,hali1244,YES
AN1009_numerals-peta1245-1.csv,peta1245,peta1245,YES
AN1010_numerals-sapo1253-1.csv,sapo1253,sapo1253,YES
AN1011_numerals-haho1237-1.csv,haho1237,haho1237,YES
AN1012_EDIT_numerals-teop1238-1_EDIT.csv,teop1238,teop1238,YES
AN1013_numerals-tinp1237-1.csv,tinp1237,tinp1237,YES
AN1014_numerals-neha1247-1.csv,neha1247,neha1247,YES
AN1015_EDIT_barlowpacific-papa1265-2.csv,papa1265,papa1265,YES
AN1016_numerals-solo1257-1.csv,solo1257,solo1257,YES
AN1017_numerals-bann1247-1.csv,bann1247,bann1247,YES
AN1018_numerals-lawu1237-1.csv,lawu1237,lawu1237,YES
AN1019_numerals-mono1273-2.csv,mono1273,mono1273,YES
AN1020_numerals-tora1259-1.csv,tora1259,tora1259,YES
AN1021_barlowpacific-urua1242-2.csv,urua1242,urua1242,YES
AN1022_numerals-riri1237-1.csv,riri1237,riri1237,YES
AN1023_numerals-baba1268-1.csv,baba1268,baba1268,YES
AN1024_barlowpacific-sisi1250-1.csv,sisi1250,sisi1250,YES
AN1025_numerals-vagh1249-1.csv,vagh1249,vagh1249,YES
AN1026_numerals-vari1239-1.csv,vari1239,vari1239,YES
AN1027_numerals-maro1244-1.csv,maro1244,maro1244,YES
AN1028_numerals-vang1243-1.csv,vang1243,vang1243,YES
AN1029_EDIT_numerals-hoav1238-1_EDIT.csv,hoav1238,hoav1238,YES
AN1030_EDIT_numerals-kusa1251-1_EDIT.csv,kusa1251,kusa1251,YES
AN1031_numerals-rovi1238-1.csv,rovi1238,rovi1238,YES
AN1032_numerals-ughe1237-1.csv,ughe1237,ughe1237,YES
AN1033_EDIT_abvd-560-kazu1245_EDIT.csv,kazu1245,kazu1245,YES
AN1034_numerals-duke1237-1.csv,duke1237,duke1237,YES
AN1035_numerals-ghan1242-1.csv,ghan1242,ghan1242,YES
AN1036_EDIT_numerals-lung1249-1_EDIT.csv,lung1249,lung1249,YES
AN1037_numerals-simb1256-1.csv,simb1256,simb1256,YES
AN1038_EDIT_abvd-553-lagh1246_EDIT.csv,lagh1246,lagh1246,YES
AN1039_numerals-zaba1237-1.csv,zaba1237,zaba1237,YES
AN1040_numerals-koko1269-1.csv,koko1269,koko1269,YES
AN1041_numerals-blab1237-1.csv,blab1237,blab1237,YES
AN1042_EDIT_abvd-21-zaza1245_EDIT.csv,zaza1245,zaza1245,YES
AN1043_numerals-chek1238-1.csv,chek1238,chek1238,YES
AN1044_numerals-gaoo1237-1.csv,gaoo1237,gaoo1237,YES
AN1045_numerals-bugh1239-1.csv,bugh1239,bugh1239,YES
AN1046_numerals-gela1263-1.csv,gela1263,gela1263,YES
AN1047_numerals-ghar1239-1.csv,ghar1239,ghar1239,YES
AN1048_numerals-leng1259-1.csv,leng1259,leng1259,YES
AN1049_numerals-mala1484-1.csv,mala1484,mala1484,YES
AN1050_numerals-tali1259-1.csv,tali1259,tali1259,YES
AN1051_EDIT_numerals-bira1254-1_EDIT.csv,bira1254,bira1254,YES
AN1052_numerals-long1395-1.csv,long1395,long1395,YES
AN1053_EDIT_abvd-550-gula1270_EDIT.csv,gula1270,gula1270,YES
AN1054_numerals-kwai1243-1.csv,kwai1243,kwai1243,YES
AN1055_numerals-kwar1239-1.csv,kwar1239,kwar1239,YES
AN1056_numerals-baeg1237-1.csv,baeg1237,baeg1237,YES
AN1057_EDIT_abvd-564-bael1237_EDIT.csv,bael1237,bael1237,YES
AN1058_numerals-fata1245-1.csv,fata1245,fata1245,YES
AN1059_numerals-lauu1247-1.csv,lauu1247,lauu1247,YES
AN1060_numerals-toab1237-1.csv,toab1237,toab1237,YES
AN1061_EDIT_abvd-549-wala1266_EDIT.csv,wala1266,wala1266,YES
AN1062_numerals-area1240-1.csv,area1240,area1240,YES
AN1063_numerals-dori1246-1.csv,dori1246,dori1246,YES
AN1064_numerals-oroh1237-1.csv,oroh1237,oroh1237,YES
AN1065_numerals-saaa1240-1.csv,saaa1240,saaa1240,YES
AN1066_numerals-aros1241-1.csv,aros1241,aros1241,YES
AN1067_numerals-baur1252-1.csv,baur1252,baur1252,YES
AN1068_barlowpacific-faga1239-1.csv,faga1239,faga1239,YES
AN1069_numerals-kahu1241-1.csv,kahu1241,kahu1241,YES
AN1070_numerals-owaa1237-1.csv,owaa1237,owaa1237,YES
AN1071_numerals-ayiw1239-1.csv,ayiw1239,ayiw1239,YES
AN1072_numerals-nang1262-1.csv,nang1262,nang1262,YES
AN1073_numerals-nalo1235-1.csv,nalo1235,nalo1235,YES
AN1074_numerals-natu1246-1.csv,natu1246,natu1246,YES
AN1075_numerals-vano1237-1.csv,vano1237,vano1237,YES
AN1076_numerals-tane1237-1.csv,tane1237,tane1237,YES
AN1077_numerals-tean1237-1.csv,tean1237,tean1237,YES
AN1078_numerals-amba1266-1.csv,amba1266,amba1266,YES
AN1079_numerals-asum1237-1.csv,asum1237,asum1237,YES
AN1080_numerals-tani1255-1.csv,tani1255,tani1255,YES
AN1081_numerals-hiww1237-1.csv,hiww1237,hiww1237,YES
AN1082_numerals-loto1240-1.csv,loto1240,loto1240,YES
AN1083_EDIT_abvd-1168-leha1243_EDIT.csv,leha1243,leha1243,YES
AN1084_barlowpacific-leha1244-1.csv,leha1244,leha1244,YES
AN1085_EDIT_numerals-motl1237-1_EDIT.csv,motl1237,motl1237,YES
AN1086_numerals-mota1237-1.csv,mota1237,mota1237,YES
AN1087_numerals-leme1238-1.csv,leme1238,leme1238,YES
AN1088_EDIT_numerals-vera1241-2_EDIT.csv,vera1241,vera1241,YES
AN1089_numerals-vure1239-1.csv,vure1239,vure1239,YES
AN1090_numerals-nume1241-1.csv,nume1241,nume1241,YES
AN1091_numerals-olra1234-1.csv,olra1234,koro1308,YES
AN1092_numerals-lako1245-1.csv,lako1245,lako1245,YES
AN1093_numerals-weta1242-1.csv,weta1242,weta1242,YES
AN1094_numerals-merl1237-1.csv,merl1237,merl1237,YES
AN1095_numerals-mari1426-1.csv,mari1426,mari1426,YES
AN1096_numerals-cent2058-1.csv,cent2058,cent2058,YES
AN1097_numerals-baet1237-1.csv,baet1237,baet1237,YES
AN1098_numerals-east2443-1.csv,east2443,east2443,YES
AN1099_numerals-west2513-1.csv,west2513,west2513,YES
AN1100_numerals-hano1246-1.csv,hano1246,hano1246,YES
AN1101_numerals-noku1237-1.csv,noku1237,noku1237,YES
AN1102_numerals-piam1242-1.csv,piam1242,piam1242,YES
AN1103_numerals-tasm1246-1.csv,tasm1246,tasm1246,YES
AN1104_numerals-valp1237-1.csv,valp1237,valp1237,YES
AN1105_numerals-vuna1239-1.csv,vuna1239,vuna1239,YES
AN1106_numerals-tolo1255-1.csv,tolo1255,tolo1255,YES
AN1107_numerals-wusi1237-1.csv,wusi1237,wusi1237,YES
AN1108_numerals-mere1242-1.csv,mere1242,mere1242,YES
AN1109_numerals-navu1237-1.csv,navu1237,navu1237,YES
AN1110_numerals-tial1239-1.csv,tial1239,tial1239,YES
AN1111_numerals-ambl1237-1.csv,ambl1237,ambl1237,YES
AN1112_EDIT_abvd-1101-moro1286_EDIT.csv,moro1286,moro1286,YES
AN1113_numerals-nara1263-1.csv,nara1263,nara1263,YES
AN1114_numerals-fort1240-1.csv,fort1240,fort1240,YES
AN1115_numerals-akei1237-1.csv,akei1237,akei1237,YES
AN1116_numerals-wail1242-1.csv,wail1242,wail1242,YES
AN1117_numerals-lore1244-1.csv,lore1244,lore1244,YES
AN1118_numerals-shar1244-1.csv,shar1244,shar1244,YES
AN1119_numerals-mafe1237-1.csv,mafe1237,mafe1237,YES
AN1120_numerals-tutu1241-1.csv,tutu1241,tutu1241,YES
AN1121_numerals-butm1237-1.csv,butm1237,butm1237,YES
AN1122_numerals-polo1242-1.csv,polo1242,polo1242,YES
AN1123_numerals-tamb1253-1.csv,tamb1253,tamb1253,YES
AN1124_EDIT_abvd-1068-aore1237_EDIT.csv,aore1237,aore1237,YES
AN1125_numerals-arak1252-1.csv,arak1252,arak1252,YES
AN1126_numerals-tang1347-1.csv,tang1347,tang1347,YES
AN1127_numerals-rori1237-1.csv,rori1237,rori1237,YES
AN1128_numerals-malo1243-2.csv,malo1243,malo1243,YES
AN1129_numerals-saka1289-2.csv,saka1289,saka1289,YES
AN1130_numerals-malu1245-1.csv,malu1245,malu1245,YES
AN1131_numerals-mpot1241-1.csv,mpot1241,mpot1241,YES
AN1132_numerals-vaoo1237-1.csv,vaoo1237,vaoo1237,YES
AN1133_numerals-nese1235-1.csv,nese1235,nese1235,YES
AN1134_numerals-lare1249-1.csv,lare1249,lare1249,YES
AN1135_numerals-litz1237-1.csv,litz1237,litz1237,YES
AN1136_numerals-vinm1237-2.csv,vinm1237,vinm1237,YES
AN1137_numerals-ling1265-1.csv,ling1265,ling1265,YES
AN1138_numerals-bign1238-1.csv,bign1238,bign1238,YES
AN1139_numerals-mara1399-1.csv,mara1399,mara1399,YES
AN1140_EDIT_numerals-maee1241-1_EDIT.csv,maee1241,maee1241,YES
AN1141_numerals-katb1237-1.csv,katb1237,katb1237,YES
AN1142_EDIT_abvd-1238-dixo1238_EDIT.csv,dixo1238,dixo1238,YES
AN1143_numerals-lete1241-1.csv,lete1241,lete1241,YES
AN1144_numerals-nasa1240-1.csv,nasa1240,nasa1240,YES
AN1145_EDIT_abvd-1411-navw1234_EDIT.csv,navw1234,navw1234,YES
AN1146_numerals-malf1237-1.csv,malf1237,malf1237,YES
AN1147_numerals-sout2857-1.csv,sout2857,sout2857,YES
AN1148_EDIT_abvd-1254-niti1249_EDIT.csv,niti1249,niti1249,YES
AN1149_EDIT_abvd-1253-vivt1234_EDIT.csv,vivt1234,vivt1234,YES
AN1150_EDIT_abvd-1229-nati1244_EDIT.csv,nati1244,nati1244,YES
AN1151_numerals-labo1244-2.csv,labo1244,labo1244,YES
AN1152_numerals-urip1239-1.csv,urip1239,urip1239,YES
AN1153_numerals-rere1240-1.csv,rere1240,rere1240,YES
AN1154_EDIT_abvd-1248-unua1237_EDIT.csv,unua1237,unua1237,YES
AN1155_numerals-aulu1238-1.csv,aulu1238,aulu1238,YES
AN1156_numerals-burm1263-2.csv,burm1263,burm1263,YES
AN1157_EDIT_abvd-1316-bwen1239_EDIT.csv,bwen1239,bwen1239,YES
AN1158_numerals-mask1242-1.csv,mask1242,mask1242,YES
AN1159_EDIT_abvd-1408-nasv1234_EDIT.csv,nasv1234,nasv1234,YES
AN1160_EDIT_abvd-1293-nisv1234_EDIT.csv,nisv1234,nisv1234,YES
AN1161_EDIT_abvd-1421-avok1244_EDIT.csv,avok1244,avok1244,YES
AN1162_numerals-axam1237-1.csv,axam1237,axam1237,YES
AN1163_numerals-port1285-1.csv,port1285,port1285,YES
AN1164_numerals-seke1241-1.csv,seke1241,seke1241,YES
AN1165_numerals-sowa1244-1.csv,sowa1244,sowa1244,YES
AN1166_numerals-apma1240-1.csv,apma1240,apma1240,YES
AN1167_numerals-saaa1241-1.csv,saaa1241,saaa1241,YES
AN1168_numerals-nort2839-2.csv,nort2839,nort2839,YES
AN1169_numerals-sout2859-1.csv,sout2859,sout2859,YES
AN1170_numerals-lonw1238-1.csv,lonw1238,lonw1238,YES
AN1171_EDIT_abvd-476-orko1234_EDIT.csv,orko1234,orko1234,YES
AN1173_numerals-port1286-1.csv,port1286,port1286,YES
AN1174_numerals-daka1243-1.csv,daka1243,daka1243,YES
AN1175_numerals-paam1238-1.csv,paam1238,paam1238,YES
AN1176_numerals-baki1244-1.csv,baki1244,baki1244,YES
AN1177_numerals-bier1244-1.csv,bier1244,bier1244,YES
AN1178_numerals-bier1246-1.csv,bier1246,bier1246,YES
AN1179_numerals-maii1238-1.csv,maii1238,maii1238,YES
AN1180_numerals-lame1260-1.csv,lame1260,lame1260,YES
AN1181_numerals-lewo1242-1.csv,lewo1242,lewo1242,YES
AN1182_numerals-lele1267-1.csv,lele1267,lele1267,YES
AN1183_numerals-nort2836-1.csv,nort2836,nort2836,YES
AN1184_numerals-eton1255-1.csv,eton1255,eton1255,YES
AN1185_numerals-sout2856-1.csv,sout2856,sout2856,YES
AN1186_numerals-nama1268-1.csv,nama1268,nama1268,YES
AN1187_EDIT_abvd-1540-ifoo1237_EDIT.csv,ifoo1237,ifoo1237,YES
AN1188_numerals-siee1239-1.csv,siee1239,siee1239,YES
AN1189_EDIT_numerals-urav1235-1_EDIT.csv,urav1235,urav1235,YES
AN1190_numerals-lena1238-1.csv,lena1238,lena1238,YES
AN1191_numerals-nort2847-1.csv,nort2847,nort2847,YES
AN1192_numerals-whit1269-1.csv,whit1269,whit1269,YES
AN1193_numerals-kwam1252-1.csv,kwam1252,kwam1252,YES
AN1194_numerals-sout2869-1.csv,sout2869,sout2869,YES
AN1195_numerals-anei1239-1.csv,anei1239,anei1239,YES
AN1196_numerals-dehu1237-1.csv,dehu1237,dehu1237,YES
AN1197_numerals-iaai1238-1.csv,iaai1238,iaai1238,YES
AN1198_numerals-neng1238-1.csv,neng1238,neng1238,YES
AN1199_EDIT_abvd-1491-caac1237-1_EDIT.csv,caac1237,caac1237,YES
AN1200_numerals-kuma1276-1.csv,kuma1276,kuma1276,YES
AN1201_numerals-yuag1237-1.csv,yuag1237,yuag1237,YES
AN1202_EDIT_abvd-1506-bala1316_EDIT.csv,bala1316,bala1316,YES
AN1203_numerals-nyal1254-1.csv,nyal1254,nyal1254,YES
AN1204_numerals-jawe1237-1.csv,jawe1237,jawe1237,YES
AN1205_numerals-fwai1237-1.csv,fwai1237,fwai1237,YES
AN1206_numerals-nemi1240-1.csv,nemi1240,nemi1240,YES
AN1207_numerals-pije1237-1.csv,pije1237,pije1237,YES
AN1208_EDIT_abvd-1499-pwaa1237_EDIT.csv,pwaa1237,pwaa1237,YES
AN1209_numerals-pwap1237-1.csv,pwap1237,pwap1237,YES
AN1210_numerals-cemu1238-2.csv,cemu1238,cemu1238,YES
AN1211_numerals-paic1239-1.csv,paic1239,paic1239,YES
AN1212_numerals-bwat1240-1.csv,bwat1240,bwat1240,YES
AN1213_EDIT_abvd-1513-haek1239_EDIT.csv,haek1239,haek1239,YES
AN1214_EDIT_abvd-1514-have1241_EDIT.csv,have1241,have1241,YES
AN1215_EDIT_abvd-1508-hmwa1243_EDIT.csv,hmwa1243,hmwa1243,YES
AN1216_numerals-vama1243-1.csv,vama1243,vama1243,YES
AN1217_EDIT_abvd-1502-waam1236_EDIT.csv,waam1236,waam1236,YES
AN1218_numerals-ajie1238-1.csv,ajie1238,ajie1238,YES
AN1219_EDIT_abvd-1485-arha1237_EDIT.csv,arha1237,arha1237,YES
AN1220_EDIT_abvd-1484-arho1237_EDIT.csv,arho1237,arho1237,YES
AN1221_numerals-tiri1258-1.csv,tiri1258,tiri1258,YES
AN1222_numerals-orow1242-1.csv,orow1242,orow1242,YES
AN1223_EDIT_abvd-1501-zire1240-1_EDIT.csv,zire1240,zire1240,YES
AN1224_numerals-neku1237-1.csv,neku1237,neku1237,YES
AN1225_numerals-xara1244-1.csv,xara1244,xara1244,YES
AN1226_numerals-xara1243-1.csv,xara1243,xara1243,YES
AN1227_EDIT_numerals-dumb1241-1_EDIT.csv,dumb1241,dumb1241,YES
AN1228_numerals-nume1242-1.csv,nume1242,nume1242,YES
AN1229_numerals-rotu1241-1.csv,rotu1241,rotu1241,YES
AN1230_EDIT_numerals-namo1248-1_EDIT.csv,namo1248,namo1248,YES
AN1231_numerals-west2519-1.csv,west2519,west2519,YES
AN1232_numerals-fiji1243-1.csv,fiji1243,fiji1243,YES
AN1234_numerals-gone1237-1.csv,gone1237,gone1237,YES
AN1236_numerals-tong1325-1.csv,tong1325,tong1325,YES
AN1237_numerals-niue1239-1.csv,niue1239,niue1239,YES
AN1238_numerals-east2447-1.csv,east2447,east2447,YES
AN1239_numerals-niua1240-1.csv,niua1240,niua1240,YES
AN1240_barlowpacific-niua1241-1.csv,niua1241,niua1241,YES
AN1241_numerals-wall1257-1.csv,wall1257,wall1257,YES
AN1242_numerals-samo1305-1.csv,samo1305,samo1305,YES
AN1243_numerals-toke1240-1.csv,toke1240,toke1240,YES
AN1244_numerals-puka1242-1.csv,puka1242,puka1242,YES
AN1245_numerals-tuva1244-1.csv,tuva1244,tuva1244,YES
AN1246_numerals-west2516-1.csv,west2516,west2516,YES
AN1247_EDIT_numerals-futu1245-1_EDIT.csv,futu1245,futu1245,YES
AN1248_numerals-mele1250-1.csv,mele1250,mele1250,YES
AN1249_numerals-emae1237-1.csv,emae1237,emae1237,YES
AN1250_numerals-tiko1237-1.csv,tiko1237,tiko1237,YES
AN1251_numerals-anut1237-1.csv,anut1237,anut1237,YES
AN1252_numerals-pile1238-1.csv,pile1238,pile1238,YES
AN1253_numerals-renn1242-1.csv,renn1242,renn1242,YES
AN1254_numerals-kapi1249-1.csv,kapi1249,kapi1249,YES
AN1255_numerals-nuku1260-1.csv,nuku1260,nuku1260,YES
AN1256_numerals-sika1261-1.csv,sika1261,sika1261,YES
AN1257_numerals-onto1237-1.csv,onto1237,onto1237,YES
AN1258_numerals-nuku1258-1.csv,nuku1258,nuku1258,YES
AN1259_numerals-taku1257-1.csv,taku1257,taku1257,YES
AN1260_numerals-nuku1259-1.csv,nuku1259,nuku1259,YES
AN1261_numerals-maor1246-1.csv,maor1246,maor1246,YES
AN1262_EDIT_abvd-676-mori1267_EDIT.csv,mori1267,mori1267,YES
AN1263_numerals-raro1241-1.csv,raro1241,raro1241,YES
AN1264_barlowpacific-raka1237-1.csv,raka1237,raka1237,YES
AN1265_EDIT_numerals-penr1237-1_EDIT.csv,penr1237,penr1237,YES
AN1266_numerals-aust1304-1.csv,aust1304,aust1304,YES
AN1267_numerals-tahi1242-1.csv,tahi1242,tahi1242,YES
AN1268_numerals-tuam1242-1.csv,tuam1242,tuam1242,YES
AN1269_numerals-rapa1245-1.csv,rapa1245,rapa1245,YES
AN1270_numerals-hawa1245-1.csv,hawa1245,hawa1245,YES
AN1271_numerals-nort2845-1.csv,nort2845,nort2845,YES
AN1272_numerals-sout2866-1.csv,sout2866,sout2866,YES
AN1273_numerals-mang1401-1.csv,mang1401,mang1401,YES
AN1274_numerals-rapa1244-1.csv,rapa1244,rapa1244,YES
bowernnumerals-Adny_edit.csv,adny1235,adny1235,YES
bowernnumerals-ArabPea.csv,arab1267,arab1267,YES
bowernnumerals-Bang_edited.csv,bang1339,bang1339,YES
bowernnumerals-Bardi.csv,bard1255,bard1255,YES
bowernnumerals-Birrp_edit.csv,birr1241,wori1245,YES
bowernnumerals-Bula_edit.csv,bula1255,bula1255,YES
bowernnumerals-BullRiv.csv,kala1380,kala1380,YES
bowernnumerals-Bunuba_edit.csv,buna1275,buna1275,YES
bowernnumerals-Dhang.csv,dhan1270,dhan1270,YES
bowernnumerals-Dhuwala_edit.csv,dhuw1250,dhuw1249,YES
bowernnumerals-Diya_edit.csv,dira1238,dier1241,YES
bowernnumerals-Djina_edit.csv,djin1253,djin1253,YES
bowernnumerals-Gooni_edit.csv,goon1238,goon1238,YES
bowernnumerals-Guri_edit.csv,guri1247,guri1247,YES
bowernnumerals-Guya_edit.csv,guya1249,guya1249,YES
bowernnumerals-Hawk_edit.csv,hawk1239,hawk1239,YES
bowernnumerals-Jaru_edit.csv,jaru1254,jaru1254,YES
bowernnumerals-Kamil_edit.csv,gami1243,gami1243,YES
bowernnumerals-Karad_edit.csv,kara1476,kara1476,YES
bowernnumerals-KaurnEngl_edited.csv,kaur1267,kaur1267,YES
bowernnumerals-Kutk_edit.csv,kuka1246,kuka1246,YES
bowernnumerals-Kuung_edit.csv,kuun1236,kuun1236,YES
bowernnumerals-Mang_edit.csv,mang1383,mang1383,YES
bowernnumerals-Mitha_edit.csv,mith1236,mith1236,YES
bowernnumerals-Mudb_edit.csv,mudb1240,mudb1240,YES
bowernnumerals-Muruw_edit.csv,muru1266,muru1266,YES
bowernnumerals-Naru_edit.csv,naru1238,naru1238,YES
bowernnumerals-NgamKop_edit.csv,ngam1265,ngam1265,YES
bowernnumerals-Ngari.csv,ngar1235,ngar1235,YES
bowernnumerals-Ngiya.csv,wang1291,wang1291,YES
bowernnumerals-Ngum.csv,ngum1253,ngum1253,YES
bowernnumerals-Nugu_edit.csv,nugu1241,nugu1241,YES
bowernnumerals-Nung.csv,nung1291,nung1291,YES
bowernnumerals-Nyan_edit.csv,nyan1301,nyan1301,YES
bowernnumerals-Nyig_edit.csv,nyig1240,nyig1240,YES
bowernnumerals-Nyul.csv,nyul1247,nyul1247,YES
bowernnumerals-Pirri_edit.csv,pirr1240,pirr1240,YES
bowernnumerals-Pitj_edit.csv,pitj1243,pitj1243,YES
bowernnumerals-Ritarungu.csv,rita1239,rita1239,YES
bowernnumerals-Ungg_edit.csv,ungg1243,ungg1243,YES
bowernnumerals-Waga_edit.csv,waga1260,waga1260,YES
bowernnumerals-Walmj_edit.csv,walm1241,walm1241,YES
bowernnumerals-Wamba_edit.csv,nucl1328,wamb1258,YES
bowernnumerals-Wanggam.csv,wang1289,wang1289,YES
bowernnumerals-Wanggan_edit.csv,wang1290,wang1290,YES
bowernnumerals-Wangku.csv,wong1246,ngur1261,YES
bowernnumerals-Wanm_edit.csv,wanm1242,wanm1242,YES
bowernnumerals-Wanyi.csv,wany1247,wany1247,YES
bowernnumerals-Ward.csv,ward1246,ward1246,YES
bowernnumerals-Warl_edit.csv,warl1256,warl1256,YES
bowernnumerals-Warlm_edit.csv,warl1255,warl1255,YES
bowernnumerals-Warlp_edit.csv,warl1254,warl1254,YES
bowernnumerals-Warrw_edit.csv,warr1258,warr1258,YES
bowernnumerals-Wemba.csv,wemb1241,west2443,YES
bowernnumerals-Wiradhurri_edit.csv,wira1262,wira1262,YES
bowernnumerals-Wirang_edit.csv,wira1265,wira1265,YES
bowernnumerals-Wonar_edit.csv,wona1238,awab1243,YES
bowernnumerals-Worr_edit.csv,worr1237,worr1237,YES
bowernnumerals-Yandr_edit.csv,yand1253,yand1253,YES
bowernnumerals-Yannhan_edit.csv,yann1238,yann1237,YES
bowernnumerals-Yany_edit.csv,yany1243,yany1243,YES
bowernnumerals-Yawarr_edit.csv,yawa1258,yawa1258,YES
bowernnumerals-Yawu_edit.csv,yawu1244,yawu1244,YES
bowernnumerals-Yulp_edit.csv,yulp1239,yulp1239,YES
DV001-numerals-nort2699-1.csv,nort2699,nort2699,YES
DV002-numerals-duru1236-1.csv,duru1236,duru1236,YES
DV003-numerals-mudh1235-1.csv,mudh1235,mudh1235,YES
DV004-numerals-pott1240-1.csv,pott1240,pott1240,YES
DV005-numerals-brah1256-1.csv,brah1256,brah1256,YES
DV006-numerals-kisa1261-1 edited-edited.csv,kisa1261,kuru1301,YES
DV007-numerals-saur1249-2.csv,saur1249,saur1249,YES
DV008-numerals-korr1238-1.csv,korr1238,korr1238,YES
DV009-numerals-tulu1258-1-edited.csv,tulu1258,tulu1258,YES
DV010-numerals-bada1257-1_edited.csv,bada1257,bada1257,YES
DV011-numerals-aluk1238-1.csv,aluk1238,aluk1238,YES
DV012-numerals-bett1235-1.csv,bett1235,bett1235,YES
DV013-numerals-holi1239-1.csv,holi1239,holi1239,YES
DV014-numerals-jenn1240-1.csv,jenn1240,jenn1240,YES
DV015-numerals-nucl1305-1-edited.csv,nucl1305,nucl1305,YES
DV016-numerals-kota1263-1.csv,kota1263,kota1263,YES
DV017-numerals-irul1243-1.csv,irul1243,irul1243,YES
DV018-numerals-mudu1239-1.csv,mudu1239,mudu1239,YES
DV019-numerals-koda1255-2.csv,koda1255,koda1255,YES
DV020-numerals-aran1261-1.csv,aran1261,aran1261,YES
DV021-numerals-mala1464-2.csv,mala1464,mala1464,YES
DV022-numerals-mull1244-1.csv,mull1244,mull1244,YES
DV023-numerals-pani1256-1-edited.csv,pani1256,pani1256,YES
DV024-numerals-ravu1237-1_edited.csv,ravu1237,ravu1237,YES
DV025-numerals-erav1242-2.csv,erav1242,erav1242,YES
DV026-numerals-mala1458-1.csv,mala1458,mala1458,YES
DV027-numerals-mann1246-1.csv,mann1246,mann1246,YES
DV028-numerals-muth1236-1.csv,muth1236,muth1236,YES
DV029-numerals-tami1289-1.csv,tami1289,tami1289,YES
DV030-numerals-yeru1240-1edited.csv,yeru1240,yeru1240,YES
DV031-numerals-ural1274-1.csv,ural1274,ural1274,YES
DV032-numerals-toda1252-1.csv,toda1252,toda1252,YES
DV033-sand-Gondi.csv,nort2702,nort2702,YES
DV034-numerals-east2340-1.csv,east2340,east2340,YES
DV036-numerals-aher1237-1.csv,aher1237,aher1237,YES
DV037-numerals-farw1235-1.csv,farw1235,farw1235,YES
DV038-numerals-mari1414-1.csv,mari1414,mari1414,YES
DV039-numerals-dand1238-1.csv,dand1238,dand1238,YES
DV040-numerals-koya1251-1.csv,koya1251,koya1251,YES
DV041-numerals-kond1295-1.csv,kond1295,kond1295,YES
DV042-numerals-kuii1252-1.csv,kuii1252,kuii1252,YES
DV043-numerals-kuvi1243-1.csv,kuvi1243,kuvi1243,YES
DV044-numerals-peng1244-1_edited.csv,peng1244,peng1244,YES
DV045-numerals-telu1262-2.csv,telu1262,telu1262,YES
DV046-numerals-khir1237-1.csv,khir1237,khir1237,YES
EK_NK-Decimal-Africa - numerals-bamb1262-1.csv,bamb1262,bamb1262,YES
EK_NK-Decimal-Africa - numerals-bira1253-1.csv,bira1253,bira1253,YES
EK_NK-Decimal-Africa - numerals-dard1243-1.csv,dard1243,dard1243,YES
EK_NK-Decimal-Africa - numerals-didi1258-1.csv,didi1258,didi1258,YES
EK_NK-Decimal-Africa - numerals-dime1235-1_edited.csv,dime1235,dime1235,YES
EK_NK-Decimal-Africa - numerals-furr1244-1.csv,furr1244,furr1244,YES
EK_NK-Decimal-Africa - numerals-gumu1244-1.csv,gumu1244,gumu1244,YES
EK_NK-Decimal-Africa - numerals-katl1237-1.csv,katl1237,katl1237,YES
EK_NK-Decimal-Africa - numerals-koyr1242-1.csv,koyr1242,koyr1242,YES
EK_NK-Decimal-Africa - numerals-kuna1268-1.csv,kuna1268,kuna1268,YES
EK_NK-Decimal-Africa - numerals-kxoe1243-1.csv,kxoe1243,kxoe1243,YES
EK_NK-Decimal-Africa - numerals-laal1242-2.csv,laal1242,laal1242,YES
EK_NK-Decimal-Africa - numerals-mang1394-1.csv,mang1394,mang1394,YES
EK_NK-Decimal-Africa - numerals-mang1399-1.csv,mang1399,mang1399,YES
EK_NK-Decimal-Africa - numerals-melo1242-1.csv,melo1242,melo1242,YES
EK_NK-Decimal-Africa - numerals-nara1262-1.csv,nara1262,nara1262,YES
EK_NK-Decimal-Africa - numerals-nobi1240-1.csv,nobi1240,nobi1240,YES
EK_NK-Decimal-Africa - numerals-nucl1440-1_edited.csv,nucl1440,nucl1440,YES
EK_NK-Decimal-Africa - numerals-shek1245-1.csv,shek1245,shek1245,YES
EK_NK-Decimal-Africa - numerals-tama1331-2.csv,tama1331,tama1331,YES
EK_NK-Decimal-Africa - numerals-tega1236-1.csv,tega1236,tega1236,YES
EK_NK-Decimal-Africa - numerals-tira1254-1.csv,tira1254,tira1254,YES
EK_NK-Decimal-Africa - numerals-toro1253-1.csv,toro1253,toro1253,YES
EK_NK-Semitic_googleuninum-arb.csv,stan1318,stan1318,YES
EK_NK-Semitic_Northwest Semitic - numerals-assy1241-1.csv,assy1241,assy1241,YES
EK_NK-Semitic_Northwest Semitic - numerals-barz1241-1_edited.csv,barz1241,barz1241,YES
EK_NK-Semitic_Northwest Semitic - numerals-boht1238-1.csv,boht1238,boht1238,YES
EK_NK-Semitic_Northwest Semitic - numerals-hebr1245-1.csv,hebr1245,hebr1245,YES
EK_NK-Semitic_Northwest Semitic - numerals-hula1244-1.csv,hula1244,hula1244,YES
EK_NK-Semitic_Northwest Semitic - numerals-lish1245-1.csv,lish1245,lish1245,YES
EK_NK-Semitic_Northwest Semitic - numerals-lish1246-1.csv,lish1246,lish1246,YES
EK_NK-Semitic_Northwest Semitic - numerals-lish1247-1.csv,lish1247,lish1247,YES
EK_NK-Semitic_Northwest Semitic - numerals-nucl1706-1.csv,nucl1706,nucl1706,YES
EK_NK-Semitic_Northwest Semitic - numerals-turo1239-1.csv,turo1239,turo1239,YES
EK_NK-Semitic_Northwest Semitic - numerals-west2763-1.csv,west2763,west2763,YES
EK_NK-Semitic_numerals-chad1249-1.csv,chad1249,chad1249,YES
EK_NK-Semitic_numerals-east2679-1.csv,east2679,mehr1241,YES
EK_NK-Semitic_numerals-egyp1253-1.csv,egyp1253,egyp1253,YES
EK_NK-Semitic_numerals-hass1238-1.csv,hass1238,hass1238,YES
EK_NK-Semitic_numerals-hert1241-1.csv,hert1241,hert1241,YES
EK_NK-Semitic_numerals-kist1241-1.csv,kist1241,kist1241,YES
EK_NK-Semitic_numerals-malt1254-1.csv,malt1254,malt1254,YES
EK_NK-Semitic_numerals-nort3139-1_edited.csv,nort3139,nort3139,YES
EK_NK-Semitic_numerals-oman1239-1_edited.csv,oman1239,oman1239,YES
EK_NK-Semitic_numerals-sana1295-1.csv,sana1295,sana1295,YES
EK_NK-Semitic_numerals-seba1251-1_edited.csv,seba1251,seba1251,YES
EK_NK-Semitic_numerals-sena1268-1.csv,sena1268,chal1275,YES
EK_NK-Semitic_numerals-suda1236-1.csv,suda1236,suda1236,YES
EK_NK-Semitic_other West Semitic - numerals-amha1245-1.csv,amha1245,amha1245,YES
EK_NK-Semitic_other West Semitic - numerals-argo1244-1.csv,argo1244,argo1244,YES
EK_NK-Semitic_other West Semitic - numerals-bath1244-1.csv,bath1244,bath1244,YES
EK_NK-Semitic_other West Semitic - numerals-daha1247-1.csv,daha1247,daha1247,YES
EK_NK-Semitic_other West Semitic - numerals-hara1271-1_edited.csv,hara1271,hara1271,YES
EK_NK-Semitic_other West Semitic - numerals-hars1241-1.csv,hars1241,hars1241,YES
EK_NK-Semitic_other West Semitic - numerals-hoby1242-1.csv,hoby1242,hoby1242,YES
EK_NK-Semitic_other West Semitic - numerals-inor1238-1_edited.csv,inor1238,inor1238,YES
EK_NK-Semitic_other West Semitic - numerals-mesq1240-1.csv,mesq1240,mesq1240,YES
EK_NK-Semitic_other West Semitic - numerals-sheh1240-1.csv,sheh1240,sheh1240,YES
EK_NK-Semitic_other West Semitic - numerals-silt1240-1.csv,silt1240,silt1240,YES
EK_NK-Semitic_other West Semitic - numerals-soqo1240-1.csv,soqo1240,soqo1240,YES
EK_NK-Semitic_other West Semitic - numerals-tigr1270-1.csv,tigr1270,tigr1270,YES
EK_NK-Semitic_other West Semitic - numerals-tigr1271-1_edited.csv,tigr1271,tigr1271,YES
EK_NK-Semitic_other West Semitic - numerals-zayy1238-1_edited.csv,zayy1238,zayy1238,YES
GA001-numerals-apuc1241-1.csv,apuc1241,apuc1241,YES
googleuninum-aze_ir.csv,sout2697,sout2697,YES
googleuninum-epo.csv,espe1235,espe1235,YES
IE001-numerals-tosk1239-1-edited.csv,tosk1239,tosk1239,YES
IE002-numerals-arbe1236-1.csv,arbe1236,arbe1236,YES
IE003-numerals-nort2603-1.csv,nort2603,arva1236,YES
IE004-numerals-gheg1238-1.csv,gheg1238,gheg1238,YES
IE005-numerals-nucl1235-1.csv,nucl1235,nucl1235,YES
IE006-numerals-latv1249-1.csv,latv1249,latv1249,YES
IE007-numerals-lith1251-1-edited.csv,lith1251,lith1251,YES
IE008-numerals-bela1254-1.csv,bela1254,bela1254,YES
IE009-numerals-russ1263-1.csv,russ1263,russ1263,YES
IE010-numerals-rusy1239-1.csv,rusy1239,rusy1239,YES
IE011-numerals-ukra1253-1.csv,ukra1253,ukra1253,YES
IE012-numerals-bulg1262-1.csv,bulg1262,bulg1262,YES
IE013-numerals-mace1250-1.csv,mace1250,mace1250,YES
IE014-numerals-bosn1245-1.csv,bosn1245,sout1528,YES
IE015-numerals-slov1268-1.csv,slov1268,slov1268,YES
IE016-numerals-czec1258-1.csv,czec1258,czec1258,YES
IE017-numerals-slov1269-1.csv,slov1269,slov1269,YES
IE018-numerals-kash1274-1.csv,kash1274,kash1274,YES
IE019-numerals-poli1260-1.csv,poli1260,poli1260,YES
IE020-numerals-lowe1385-1.csv,lowe1385,lowe1385,YES
IE021-numerals-uppe1395-1.csv,uppe1395,uppe1395,YES
IE022-numerals-wels1247-1.csv,wels1247,wels1247,YES
IE023-numerals-bret1244-1.csv,bret1244,bret1244,YES
IE024-numerals-corn1251-1.csv,corn1251,corn1251,YES
IE025-numerals-manx1243-1.csv,manx1243,manx1243,YES
IE026-numerals-scot1245-1.csv,scot1245,scot1245,YES
IE027-numerals-iris1253-1.csv,iris1253,iris1253,YES
IE028-numerals-dale1238-1_edit-edited.csv,dale1238,dale1238,YES
IE029-numerals-swed1254-1-edited.csv,swed1254,swed1254,YES
IE030-numerals-dani1285-1.csv,dani1285,dani1285,YES
IE031-numerals-scan1238-1.csv,scan1238,scan1238,YES
IE032-numerals-faro1244-1-edited.csv,faro1244,faro1244,YES
IE033-numerals-icel1247-1.csv,icel1247,icel1247,YES
IE034-numerals-norw1259-1-edited.csv,norw1259,norw1258,YES
IE035-numerals-east2295-1-edited.csv,east2295,east2295,YES
IE036-numerals-luxe1241-1.csv,luxe1241,luxe1241,YES
IE037-numerals-kols1241-1.csv,kols1241,kols1241,YES
IE038-numerals-limb1263-1.csv,limb1263,limb1263,YES
IE039-numerals-penn1240-1-edited.csv,penn1240,penn1240,YES
IE040-numerals-pala1330-1.csv,pala1330,pala1330,YES
IE041-numerals-swab1242-1.csv,swab1242,swab1242,YES
IE042-numerals-swis1247-1.csv,swis1247,swis1247,YES
IE043-numerals-wals1238-1.csv,wals1238,wals1238,YES
IE044-numerals-bava1246-1.csv,bava1246,bava1246,YES
IE045-numerals-cimb1238-1_edit-edited.csv,cimb1238,cimb1238,YES
IE046-numerals-hutt1235-1.csv,hutt1235,hutt1235,YES
IE047-numerals-stan1295-1.csv,stan1295,stan1295,YES
IE048-XX14_EDIT_barlowpacific-unse1236-1_EDIT.csv,unse1236,unse1236,YES
IE049-numerals-afri1274-1-edited.csv,afri1274,afri1274,YES
IE050-numerals-dutc1256-1-edited.csv,dutc1256,dutc1256,YES
IE051-numerals-plau1238-1.csv,plau1238,plau1238,YES
IE052-numerals-nort2628-1.csv,nort2628,nort2628,YES
IE053-numerals-twen1241-1.csv,twen1241,west2356,YES
IE054-numerals-stan1293-1.csv,stan1293,stan1293,YES
IE055-googleuninum-pcm.csv,nige1257,nige1257,YES
IE056-XX02_barlowpacific-bisl1239-1-edited.csv,bisl1239,bisl1239,YES
IE057-XX10_barlowpacific-piji1239-1.csv,piji1239,piji1239,YES
IE058-XX12_barlowpacific-tokp1240-1.csv,tokp1240,tokp1240,YES
IE059-barlowpacific-torr1261-1.csv,torr1261,torr1261,YES
IE060-XX06_EDIT_barlowpacific-hawa1247-1_EDIT-edited.csv,hawa1247,hawa1247,YES
IE061-XX09_barlowpacific-pitc1234-1-edited.csv,pitc1234,pitc1234,YES
IE062-numerals-nort2617-1-edited.csv,nort2617,scot1243,YES
IE063-numerals-sate1242-1.csv,sate1242,sate1242,YES
IE064-numerals-west2354-1-edited.csv,west2354,west2354,YES
IE065-numerals-nort2626-1.csv,nort2626,nort2626,YES
IE066-numerals-mode1248-1.csv,mode1248,mode1248,YES
IE067-numerals-capp1239-1.csv,capp1239,capp1239,YES
IE068-numerals-nort2663-1-edited.csv,nort2663,kala1372,YES
IE069-numerals-gawa1247-1-edited.csv,gawa1247,gawa1247,YES
IE070-numerals-khow1242-1.csv,khow1242,khow1242,YES
IE071-numerals-bhat1265-1.csv,bhat1265,bhat1265,YES
IE072-numerals-halb1244-1.csv,halb1244,halb1244,YES
IE073-numerals-beng1280-1.csv,beng1280,beng1280,YES
IE074-numerals-bish1244-1.csv,bish1244,bish1244,YES
IE075-numerals-hajo1238-1.csv,hajo1238,hajo1238,YES
IE076-googleuninum-syl.csv,sylh1242,sylh1242,YES
IE077-numerals-lodh1246-1.csv,lodh1246,lodh1246,YES
IE078-numerals-rohi1238-1.csv,rohi1238,rohi1238,YES
IE079-numerals-chak1266-1.csv,chak1266,chak1266,YES
IE080-googleuninum-ctg.csv,chit1275,chit1275,YES
IE081-numerals-tang1330-1.csv,tang1330,tang1330,YES
IE082-numerals-assa1263-1.csv,assa1263,assa1263,YES
IE083-googleuninum-rkt.csv,rang1265,rang1265,YES
IE084-numerals-rajb1243-1.csv,rajb1243,rajb1243,YES
IE085-numerals-bodo1266-1.csv,bodo1266,bodo1266,YES
IE086-numerals-adiv1239-1_edited.csv,adiv1239,adiv1239,YES
IE087-numerals-kupi1238-1.csv,kupi1238,kupi1238,YES
IE088-numerals-oriy1255-1_edited.csv,oriy1255,oriy1255,YES
IE089-numerals-samb1325-1.csv,samb1325,samb1325,YES
IE090-numerals-panj1256-1.csv,panj1256,panj1256,YES
IE091-numerals-nort2662-1.csv,nort2662,nort2662,YES
IE092-numerals-sout2668-1.csv,sout2668,sout2668,YES
IE093-numerals-sera1259-1.csv,sera1259,sera1259,YES
IE094-numerals-paha1251-1.csv,paha1251,paha1251,YES
IE095-numerals-west2386-1.csv,west2386,west2386,YES
IE096-numerals-kach1277-1.csv,kach1277,kach1277,YES
IE097-numerals-sind1272-1.csv,sind1272,sind1272,YES
IE098-googleuninum-gom.csv,goan1235,goan1235,YES
IE099-numerals-varl1238-1.csv,varl1238,varl1238,YES
IE100-numerals-mara1378-1.csv,mara1378,mara1378,YES
IE101-numerals-konk1267-1.csv,konk1267,konk1267,YES
IE102-numerals-guja1252-1.csv,guja1252,guja1252,YES
IE103-numerals-saur1248-1.csv,saur1248,saur1248,YES
IE104-numerals-kach1272-1.csv,kach1272,kach1272,YES
IE105-numerals-bagr1243-1-edited.csv,bagr1243,bagr1243,YES
IE106-numerals-hado1235-1.csv,hado1235,hado1235,YES
IE107-numerals-gade1236-1.csv,gade1236,gade1236,YES
IE108-numerals-mewa1249-1edited.csv,mewa1249,mewa1249,YES
IE109-numerals-guja1253-1.csv,guja1253,guja1253,YES
IE110-sand-Marwari-edit.csv,marw1260,marw1260,YES
IE111-numerals-mewa1250-1edited.csv,mewa1250,mewa1250,YES
IE112-numerals-pary1242-1.csv,pary1242,pary1242,YES
IE113-numerals-shek1243-1edited.csv,shek1243,shek1243,YES
IE114-numerals-dhat1238-1.csv,dhat1238,dhat1238,YES
IE115-numerals-marw1256-1.csv,marw1256,marw1256,YES
IE116-numerals-oddd1238-1.csv,oddd1238,oddd1238,YES
IE117-numerals-park1237-1.csv,park1237,park1237,YES
IE118-numerals-lamb1269-1.csv,lamb1269,lamb1269,YES
IE119-numerals-baur1251-1.csv,baur1251,baur1251,YES
IE120-numerals-bhil1251-1.csv,bhil1251,bhil1251,YES
IE121-numerals-chod1238-1.csv,chod1238,chod1238,YES
IE122-numerals-dhod1238-1.csv,dhod1238,dhod1238,YES
IE123-numerals-dung1251-1.csv,dung1251,dung1251,YES
IE124-numerals-rajp1235-1.csv,rajp1235,rajp1235,YES
IE125-numerals-malv1243-1.csv,malv1243,malv1243,YES
IE126-numerals-pard1243-1.csv,pard1243,pard1243,YES
IE127-numerals-rath1242-1.csv,rath1242,rath1242,YES
IE128-numerals-paly1238-1.csv,paly1238,paly1238,YES
IE129-numerals-vaag1238-1.csv,vaag1238,vaag1238,YES
IE130-numerals-vasa1239-1.csv,vasa1239,vasa1239,YES
IE131-numerals-wagd1238-1.csv,wagd1238,wagd1238,YES
IE132-numerals-bang1335-1.csv,bang1335,garh1243,YES
IE133-numerals-kuma1273-1.csv,kuma1273,kuma1273,YES
IE134-googleuninum-npi.csv,nepa1254,nepa1254,YES
IE135-numerals-khan1272-1.csv,khan1272,khan1272,YES
IE136-numerals-angi1238-1.csv,angi1238,angi1238,YES
IE137-numerals-bhoj1244-1.csv,bhoj1244,bhoj1244,YES
IE138-numerals-maga1260-1.csv,maga1260,maga1260,YES
IE139-numerals-mait1250-1.csv,mait1250,mait1250,YES
IE140-sand-Kudmali-edited.csv,kudm1238,kudm1238,YES
IE141-numerals-sadr1248-1-edited.csv,sadr1248,sadr1248,YES
IE142-sand-Panchparganiya-edited.csv,panc1246,panc1246,YES
IE143-numerals-chit1274-1.csv,chit1274,chit1274,YES
IE144-numerals-dang1260-1edited.csv,dang1260,dang1260,YES
IE145-numerals-kath1250-1.csv,kath1250,kath1250,YES
IE146-numerals-rana1246-1.csv,rana1246,rana1246,YES
IE147-numerals-dara1250-1.csv,dara1250,dara1250,YES
IE148-numerals-awad1243-1.csv,awad1243,awad1243,YES
IE149-numerals-surg1246-1.csv,surg1246,chha1249,YES
IE150-numerals-doma1260-1.csv,doma1260,doma1260,YES
IE151-numerals-doma1258-1edited-edited.csv,doma1258,doma1258,YES
IE152-numerals-kalo1256-1.csv,kalo1256,kalo1256,YES
IE153-numerals-balk1252-1-edited.csv,balk1252,balk1252,YES
IE154-numerals-balt1257-1.csv,balt1257,balt1257,YES
IE155-numerals-burg1246-1-edited.csv,burg1246,carp1235,YES
IE156-numerals-vlax1238-1.csv,vlax1238,vlax1238,YES
IE157-numerals-bhar1241-1.csv,bhar1241,bhar1241,YES
IE158-numerals-hary1238-1.csv,hary1238,hary1238,YES
IE159-numerals-kana1281-1-edited.csv,kana1281,kana1281,YES
IE160-numerals-fiji1242-1.csv,fiji1242,fiji1242,YES
IE161-numerals-hind1269-1.csv,hind1269,hind1269,YES
IE162-numerals-urdu1245-1.csv,urdu1245,urdu1245,YES
IE163-numerals-dhiv1236-1.csv,dhiv1236,dhiv1236,YES
IE164-numerals-sinh1246-1.csv,sinh1246,sinh1246,YES
IE165-numerals-vedd1240-1.csv,vedd1240,vedd1240,YES
IE166-numerals-jaun1243-1.csv,jaun1243,jaun1243,YES
IE167-numerals-bhad1241-1-edited.csv,bhad1241,bhad1241,YES
IE168-numerals-chin1475-1.csv,chin1475,chin1475,YES
IE169-sand-Gaddi.csv,gadd1242,gadd1242,YES
IE170-numerals-pang1282-1.csv,pang1282,pang1282,YES
IE171-numerals-dogr1250-1.csv,dogr1250,dogr1250,YES
IE172-numerals-kang1280-1.csv,kang1280,kang1280,YES
IE173-numerals-mand1409-1.csv,mand1409,mand1409,YES
IE174-numerals-hari1246-1.csv,hari1246,hari1246,YES
IE175-numerals-kull1236-1.csv,kull1236,kull1236,YES
IE176-numerals-kash1277-1.csv,kash1277,kash1277,YES
IE177-numerals-kala1373-1.csv,kala1373,kala1373,YES
IE178-numerals-torw1241-1.csv,torw1241,torw1241,YES
IE179-numerals-indu1241-1.csv,indu1241,indu1241,YES
IE180-numerals-bate1261-1.csv,bate1261,bate1261,YES
IE181-numerals-mank1256-1.csv,mank1256,mank1256,YES
IE182-numerals-gowr1239-1edited.csv,gowr1239,gowr1239,YES
IE183-numerals-brok1247-1.csv,brok1247,brok1247,YES
IE184-numerals-kohi1248-1.csv,kohi1248,kohi1248,YES
IE185-numerals-usho1238-1.csv,usho1238,usho1238,YES
IE186-numerals-kund1257-1.csv,kund1257,kund1257,YES
IE187-numerals-gilg1242-1.csv,gilg1242,shin1264,YES
IE188-numerals-kalk1245-1_edited.csv,kalk1245,kalk1245,YES
IE189-numerals-phal1254-1.csv,phal1254,phal1254,YES
IE190-numerals-savi1242-1.csv,savi1242,savi1242,YES
IE191-numerals-kura1247-1.csv,kura1247,nort2666,YES
IE192-numerals-sout2672-2.csv,sout2672,sout2672,YES
IE193-numerals-alas1253-1.csv,alas1253,nort2665,YES
IE194-numerals-sout2671-1.csv,sout2671,sout2671,YES
IE195-googleuninum-san.csv,sans1269,sans1269,YES
IE196-numerals-sari1246-1-edited.csv,sari1246,sari1246,YES
IE197-numerals-bart1238-1.csv,bart1238,shug1248,YES
IE198-numerals-yazg1240-1.csv,yazg1240,yazg1240,YES
IE199-numerals-munj1244-2.csv,munj1244,munj1244,YES
IE200-numerals-yidg1240-2.csv,yidg1240,yidg1240,YES
IE201-numerals-gura1251-1.csv,gura1251,gura1251,YES
IE202-numerals-taly1247-1.csv,taly1247,taly1247,YES
IE203-numerals-harz1239-1.csv,harz1239,harz1239,YES
IE204-numerals-kari1303-1.csv,kari1303,kari1303,YES
IE205-googleuninum-tks.csv,take1255,take1255,YES
IE206-numerals-vafs1240-1.csv,vafs1240,vafs1240,YES
IE207-numerals-diml1238-1-edited.csv,diml1238,diml1238,YES
IE208-numerals-east2304-1.csv,east2304,east2304,YES
IE209-numerals-koro1296-1_edit-edited.csv,koro1296,koro1296,YES
IE210-numerals-sout2642-1.csv,sout2642,sout2642,YES
IE211-numerals-west2368-2.csv,west2368,west2368,YES
IE212-numerals-gila1241-1-edited.csv,gila1241,gila1241,YES
IE213-numerals-maza1291-1.csv,maza1291,maza1291,YES
IE214-numerals-shah1253-1.csv,shah1253,shah1253,YES
IE215-numerals-zoro1242-1.csv,zoro1242,zoro1242,YES
IE216-numerals-sang1315-1.csv,sang1315,sang1315,YES
IE217-numerals-cent1972-1.csv,cent1972,cent1972,YES
IE218-numerals-nort2641-1.csv,nort2641,nort2641,YES
IE219-numerals-laki1244-1.csv,laki1244,laki1244,YES
IE220-numerals-semn1249-1.csv,semn1249,semn1249,YES
IE221-numerals-digo1242-1-edited.csv,digo1242,digo1242,YES
IE222-numerals-iron1242-1.csv,iron1242,iron1242,YES
IE223-numerals-yagn1238-1.csv,yagn1238,yagn1238,YES
IE224-numerals-ormu1247-1.csv,ormu1247,ormu1247,YES
IE225-numerals-para1299-1.csv,para1299,para1299,YES
IE226-numerals-nort2646-1.csv,nort2646,nort2646,YES
IE227-numerals-sout2649-1.csv,sout2649,sout2649,YES
IE228-googleuninum-wne.csv,wane1241,wane1241,YES
IE229-numerals-wakh1245-1-edited.csv,wakh1245,wakh1245,YES
IE231-numerals-sang1344-1.csv,sang1344,sang1344,YES
IE232-numerals-sout2645-1.csv,sout2645,sout2645,YES
IE233-numerals-jude1256-1-edited.csv,jude1256,jude1256,YES
IE234-numerals-musl1236-1.csv,musl1236,musl1236,YES
IE235-numerals-dari1249-1.csv,dari1249,dari1249,YES
IE236-numerals-haza1239-1-edited.csv,haza1239,haza1239,YES
IE237-numerals-taji1245-1.csv,taji1245,taji1245,YES
IE238-numerals-west2369-1-edited.csv,west2369,west2369,YES
IE239-numerals-kumz1235-1_edit-edited.csv,kumz1235,kumz1235,YES
IE240-numerals-lari1253-1.csv,lari1253,lari1253,YES
IE241-numerals-bakh1245-1.csv,bakh1245,bakh1245,YES
IE242-numerals-sout2647-1.csv,sout2647,sout2647,YES
IE243-numerals-nort2645-1-edited.csv,nort2645,nort2645,YES
IE244-numerals-ashk1246-1.csv,ashk1246,ashk1246,YES
IE245-numerals-kati1270-1.csv,kati1270,kati1270,YES
IE246-numerals-waig1243-1.csv,waig1243,waig1243,YES
IE247-numerals-dame1241-1-edited.csv,dame1241,dame1241,YES
IE248-numerals-pras1239-1-edited.csv,pras1239,pras1239,YES
IE249-numerals-lati1261-1-edited.csv,lati1261,lati1261,YES
IE250-numerals-arom1237-1-edited.csv,arom1237,arom1237,YES
IE251-numerals-megl1237-1.csv,megl1237,megl1237,YES
IE252-numerals-roma1327-1.csv,roma1327,roma1327,YES
IE253-numerals-istr1245-1.csv,istr1245,istr1245,YES
IE254-numerals-istr1244-1-edited.csv,istr1244,istr1244,YES
IE255-numerals-vene1258-1.csv,vene1258,vene1258,YES
IE256-numerals-cors1241-1.csv,cors1241,cors1241,YES
IE257-numerals-gall1276-1.csv,gall1276,gall1276,YES
IE258-numerals-sass1235-1.csv,sass1235,sass1235,YES
IE259-numerals-ital1282-1-edited.csv,ital1282,ital1282,YES
IE260-numerals-friu1240-1-edited.csv,friu1240,friu1240,YES
IE261-numerals-ladi1250-1.csv,ladi1250,ladi1250,YES
IE262-numerals-neap1235-1.csv,neap1235,neap1235,YES
IE263-numerals-sici1248-1-edited.csv,sici1248,sici1248,YES
IE264-numerals-bolo1260-1-edited.csv,bolo1260,emil1241,YES
IE265-numerals-ligu1248-1_edit-edited.csv,ligu1248,ligu1248,YES
IE266-numerals-lomb1257-1.csv,lomb1257,lomb1257,YES
IE267-numerals-piem1238-1.csv,piem1238,piem1238,YES
IE268-googleuninum-hat.csv,hait1244,hait1244,YES
IE269-numerals-stan1290-1-edited.csv,stan1290,stan1290,YES
IE270-XX04_barlowpacific-tayo1238-1.csv,tayo1238,tayo1238,YES
IE271-numerals-pica1241-1-edited.csv,pica1241,pica1241,YES
IE272-numerals-fran1260-1-edited.csv,fran1260,fran1260,YES
IE273-numerals-wall1255-1.csv,wall1255,wall1255,YES
IE274-numerals-roma1326-1.csv,roma1326,roma1326,YES
IE275-numerals-stan1289-1.csv,stan1289,stan1289,YES
IE276-numerals-gasc1240-1_edit-edited.csv,gasc1240,occi1239,YES
IE277-numerals-astu1245-1-edited.csv,astu1245,astu1245,YES
IE278-numerals-extr1243-1.csv,extr1243,extr1243,YES
IE279-numerals-ladi1251-1.csv,ladi1251,ladi1251,YES
IE280-XX03_barlowpacific-chav1241-1.csv,chav1241,chav1241,YES
IE281-XX11_barlowpacific-tern1248-1.csv,tern1248,tern1248,YES
IE282-numerals-stan1288-1.csv,stan1288,stan1288,YES
IE283-numerals-fala1241-1-edited.csv,fala1241,fala1241,YES
IE284-numerals-gali1258-1-edited.csv,gali1258,gali1258,YES
IE285-numerals-port1283-1.csv,port1283,port1283,YES
IE286-barlowpacific-mala1533-2.csv,mala1533,mala1533,YES
IE287-numerals-arag1245-1-edited.csv,arag1245,arag1245,YES
IE288-numerals-camp1261-1-edited.csv,camp1261,camp1261,YES
IE289-numerals-logu1236-1.csv,logu1236,logu1236,YES
JA001-numerals-jara1245-3.csv,jara1245,jara1245,YES
JA002-numerals-onge1236-1.csv,onge1236,onge1236,YES
numerals-abaz1241-1.csv,abaz1241,abaz1241,YES
numerals-abkh1244-1.csv,abkh1244,abkh1244,YES
numerals-acha1250-1.csv,acha1250,acha1250,YES
numerals-ache1245-1.csv,ache1245,ache1245,YES
numerals-ache1246-1.csv,ache1246,ache1246,YES
numerals-achu1247-1.csv,achu1247,achu1247,YES
numerals-achu1248-2.csv,achu1248,achu1248,YES
numerals-adyg1241-1.csv,adyg1241,adyg1241,YES
numerals-afad1236-1.csv,afad1236,afad1236,YES
numerals-afar1241-1.csv,afar1241,afar1241,YES
numerals-aghu1253-1.csv,aghu1253,aghu1253,YES
numerals-agua1253-3.csv,agua1253,agua1253,YES
numerals-ahte1237-1.csv,ahte1237,ahte1237,YES
numerals-aika1237-1.csv,aika1237,aika1237,YES
numerals-ainu1240-2.csv,ainu1240,ainu1240,YES
numerals-ainu1251-1.csv,ainu1251,ainu1251,YES
numerals-akaw1239-4.csv,akaw1239,akaw1239,YES
numerals-akhv1239-1.csv,akhv1239,akhv1239,YES
numerals-akun1241-1.csv,akun1241,akun1241,YES
numerals-alab1237-1.csv,alab1237,alab1237,YES
numerals-alab1254-1.csv,alab1254,alab1254,YES
numerals-alag1248-1.csv,alag1248,alag1248,YES
numerals-alaw1244-1.csv,alaw1244,alaw1244,YES
numerals-aleu1260-1.csv,aleu1260,aleu1260,YES
numerals-algo1255-1.csv,algo1255,algo1255,YES
numerals-alut1245-1.csv,alut1245,alut1245,YES
numerals-alya1239-1.csv,alya1239,alya1239,YES
numerals-amar1271-1.csv,amar1271,amar1271,YES
numerals-amar1274-1.csv,amar1274,amar1274,YES
numerals-amat1238-1.csv,amat1238,amat1238,YES
numerals-amda1238-1.csv,amda1238,amda1238,YES
numerals-amol1236-1.csv,amol1236,amol1236,YES
numerals-amun1246-1.csv,amun1246,amun1246,YES
numerals-anam1249-1.csv,anam1249,anam1249,YES
numerals-ande1247-1.csv,ande1247,ande1247,YES
numerals-andi1255-1.csv,andi1255,andi1255,YES
numerals-ando1256-1.csv,ando1256,ando1256,YES
numerals-anga1316-1.csv,anga1316,anga1316,YES
numerals-anin1240-2.csv,anin1240,anin1240,YES
numerals-anma1239-1.csv,anma1239,anma1239,YES
numerals-apal1257-1.csv,apal1257,apal1257,YES
numerals-apia1248-1.csv,apia1248,apia1248,YES
numerals-apin1244-1.csv,apin1244,apin1244,YES
numerals-apur1254-2.csv,apur1254,apur1254,YES
numerals-arab1268-1.csv,arab1268,arab1268,YES
numerals-arao1248-1.csv,arao1248,arao1248,YES
numerals-arap1274-1.csv,arap1274,arap1274,YES
numerals-arar1265-1.csv,arar1265,pano1254,YES
numerals-araw1273-1.csv,araw1273,araw1273,YES
numerals-araw1276-1.csv,araw1276,araw1276,YES
numerals-arbo1245-1.csv,arbo1245,arbo1245,YES
numerals-arch1244-1.csv,arch1244,arch1244,YES
numerals-arhu1242-1.csv,arhu1242,arhu1242,YES
numerals-arik1262-1.csv,arik1262,arik1262,YES
numerals-arik1265-1.csv,arik1265,arik1265,YES
numerals-arua1261-1.csv,arua1261,arua1261,YES
numerals-asha1243-1.csv,asha1243,asha1243,YES
numerals-ashe1272-1_ED.csv,ashe1272,ashe1272,YES
numerals-assa1269-1.csv,assa1269,assa1269,YES
numerals-assi1247-1.csv,assi1247,assi1247,YES
numerals-atsu1245-1.csv,atsu1245,atsu1245,YES
numerals-atzi1235-1.csv,atzi1235,atzi1235,YES
numerals-avac1239-1.csv,avac1239,avac1239,YES
numerals-avar1256-1.csv,avar1256,avar1256,YES
numerals-awac1239-1.csv,awac1239,awac1239,YES
numerals-awee1242-1.csv,awee1242,awee1242,YES
numerals-awet1244-1.csv,awet1244,awet1244,YES
numerals-awji1241-1.csv,awji1241,awji1241,YES
numerals-awng1244-1.csv,awng1244,awng1244,YES
numerals-ayor1240-2.csv,ayor1240,ayor1240,YES
numerals-azoy1236-1.csv,azoy1236,azoy1236,YES
numerals-babi1235-1.csv,babi1235,babi1235,YES
numerals-baca1246-1.csv,baca1246,baca1246,YES
numerals-bade1248-1.csv,bade1248,bade1248,YES
numerals-badi1246-1.csv,badi1246,badi1246,YES
numerals-bagv1239-1.csv,bagv1239,bagv1239,YES
numerals-bais1246-1.csv,bais1246,bais1246,YES
numerals-baka1277-1.csv,baka1277,baka1277,YES
numerals-bana1305-1.csv,bana1305,bana1305,YES
numerals-bana1307-1.csv,bana1307,jama1261,YES
numerals-bang1363-1.csv,bang1363,bang1363,YES
numerals-bani1254-1.csv,bani1254,maip1247,YES
numerals-bani1255-1.csv,bani1255,bani1255,YES
numerals-bara1380-1.csv,bara1380,bara1380,YES
numerals-bare1276-1.csv,bare1276,bare1276,YES
numerals-bare1279-1.csv,bare1279,bare1279,YES
numerals-barr1247-1.csv,barr1247,barr1247,YES
numerals-bash1264-1.csv,bash1264,bash1264,YES
numerals-basq1248-1.csv,basq1248,basq1248,YES
numerals-bats1242-1.csv,bats1242,bats1242,YES
numerals-baur1253-1.csv,baur1253,baur1253,YES
numerals-bayu1240-1.csv,bayu1240,bayu1240,YES
numerals-beav1236-2.csv,beav1236,beav1236,YES
numerals-beel1236-1.csv,beel1236,beel1236,YES
numerals-beja1238-1.csv,beja1238,beja1238,YES
numerals-bell1243-1.csv,bell1243,bell1243,YES
numerals-bezh1248-1.csv,bezh1248,bezh1248,YES
numerals-biao1255-1.csv,biao1255,biao1254,YES
numerals-biao1256-1.csv,biao1256,biao1256,YES
numerals-bidi1241-1.csv,bidi1241,bidi1241,YES
numerals-bili1260-1.csv,bili1260,bili1260,YES
numerals-bode1246-1.csv,bode1246,coas1301,YES
numerals-boga1251-1.csv,boga1251,boga1251,YES
numerals-bogh1241-1.csv,bogh1241,bogh1241,YES
numerals-bona1250-1.csv,bona1250,bona1250,YES
numerals-bora1263-1.csv,bora1263,bora1263,YES
numerals-boro1282-1.csv,boro1282,boro1282,YES
numerals-boru1252-1.csv,boru1252,boru1252,YES
numerals-botl1242-1.csv,botl1242,botl1242,YES
numerals-brib1243-1_ED.csv,brib1243,brib1243,YES
numerals-brok1248-1.csv,brok1248,brok1248,YES
numerals-budu1248-1.csv,budu1248,budu1248,YES
numerals-budu1265-1.csv,budu1265,budu1265,YES
numerals-bugl1243-2.csv,bugl1243,bugl1243,YES
numerals-buna1273-1.csv,buna1273,buna1273,YES
numerals-bura1267-1.csv,bura1267,bura1267,YES
numerals-bura1292-1.csv,bura1292,bura1292,YES
numerals-burd1238-1.csv,burd1238,burd1238,YES
numerals-bure1242-1.csv,bure1242,bure1242,YES
numerals-burj1242-1.csv,burj1242,burj1242,YES
numerals-buru1320-1.csv,buru1320,buru1320,YES
numerals-buss1239-1.csv,buss1239,buss1239,YES
numerals-buwa1243-1.csv,buwa1243,buwa1243,YES
numerals-cabe1245-1.csv,cabe1245,cabe1245,YES
numerals-cacu1241-1.csv,cacu1241,cacu1241,YES
numerals-cadd1256-1.csv,cadd1256,cadd1256,YES
numerals-cahu1264-1.csv,cahu1264,cahu1264,YES
numerals-cahu1268-1.csv,cahu1268,cahu1268,YES
numerals-cakf1236-1.csv,cakf1236,cakf1236,YES
numerals-cams1241-1.csv,cams1241,cams1241,YES
numerals-cand1248-1.csv,cand1248,cand1248,YES
numerals-cane1242-1_ED.csv,cane1242,cane1242,YES
numerals-caqu1242-1.csv,caqu1242,caqu1242,YES
numerals-cara1272-1.csv,cara1272,cara1272,YES
numerals-cari1279-1.csv,cari1279,cari1279,YES
numerals-carr1249-1.csv,carr1249,carr1249,YES
numerals-cavi1250-1.csv,cavi1250,cavi1250,YES
numerals-cayu1261-1.csv,cayu1261,cayu1261,YES
numerals-cent2050-2.csv,cent2050,cent2050,YES
numerals-cent2127-1.csv,cent2127,cent2127,YES
numerals-cent2128-1.csv,cent2128,cent2128,YES
numerals-cent2131-1.csv,cent2131,cent2131,YES
numerals-cent2140-1.csv,cent2140,cent2140,YES
numerals-cent2142-1.csv,cent2142,cent2142,YES
numerals-cent2144-1.csv,cent2144,cent2144,YES
numerals-cent2145-1.csv,cent2145,cent2145,YES
numerals-cent2150-1.csv,cent2150,cent2150,YES
numerals-cent2194-1.csv,cent2194,cent2194,YES
numerals-chac1249-1.csv,chac1249,chac1249,YES
numerals-cham1309-1.csv,cham1309,cham1309,YES
numerals-cham1315-1.csv,cham1315,cham1315,YES
numerals-cham1318-1.csv,cham1318,cham1318,YES
numerals-chay1248-1.csv,chay1248,chay1248,YES
numerals-chec1245-1.csv,chec1245,chec1245,YES
numerals-chen1266-1.csv,chen1266,chen1266,YES
numerals-cher1273-1.csv,cher1273,cher1273,YES
numerals-chey1247-1.csv,chey1247,chey1247,YES
numerals-chic1270-1.csv,chic1270,chic1270,YES
numerals-chic1273-1.csv,chic1273,chic1273,YES
numerals-chim1309-1.csv,chim1309,chim1309,YES
numerals-chip1261-1.csv,chip1261,chip1261,YES
numerals-chip1262-1.csv,chip1262,chip1262,YES
numerals-chiq1248-1.csv,chiq1248,chiq1248,YES
numerals-chir1284-1.csv,chir1284,chir1284,YES
numerals-chir1286-1.csv,chir1286,chir1286,YES
numerals-chit1248-1.csv,chit1248,chit1248,YES
numerals-choc1276-1.csv,choc1276,choc1276,YES
numerals-choc1279-1.csv,choc1279,choc1279,YES
numerals-chol1282-1.csv,chol1282,chol1282,YES
numerals-chor1273-1.csv,chor1273,chor1273,YES
numerals-chuj1250-1.csv,chuj1250,chuj1250,YES
numerals-chuk1273-2.csv,chuk1273,chuk1273,YES
numerals-chul1246-1_edit.csv,chul1246,chul1246,YES
numerals-chuv1255-1.csv,chuv1255,chuv1255,YES
numerals-ciba1236-1.csv,ciba1236,ciba1236,YES
numerals-cine1238-1.csv,cine1238,cine1238,YES
numerals-cint1239-1.csv,cint1239,cint1239,YES
numerals-clal1241-2.csv,clal1241,clal1241,YES
numerals-coca1259-2.csv,coca1259,coca1259,YES
numerals-coco1261-1.csv,coco1261,coco1261,YES
numerals-coeu1236-1.csv,coeu1236,coeu1236,YES
numerals-cofa1242-1.csv,cofa1242,cofa1242,YES
numerals-cogu1240-1.csv,cogu1240,cogu1240,YES
numerals-colo1256-1.csv,colo1256,colo1256,YES
numerals-colu1241-1.csv,colu1241,colu1241,YES
numerals-coma1245-1.csv,coma1245,coma1245,YES
numerals-coma1246-1.csv,coma1246,coma1246,YES
numerals-como1259-1.csv,como1259,como1259,YES
numerals-coos1249-1.csv,coos1249,coos1249,YES
numerals-copa1236-1.csv,copa1236,copa1236,YES
numerals-copa1237-1.csv,copa1237,copa1237,YES
numerals-cowl1242-1.csv,cowl1242,cowl1242,YES
numerals-cree1270-1.csv,cree1270,cree1270,YES
numerals-crim1257-1.csv,crim1257,crim1257,YES
numerals-crow1244-1.csv,crow1244,crow1244,YES
numerals-cube1242-2.csv,cube1242,cube1242,YES
numerals-cuib1242-1.csv,cuib1242,cuib1242,YES
numerals-culi1244-2.csv,culi1244,culi1244,YES
numerals-curr1243-1.csv,curr1243,curr1243,YES
numerals-cusc1236-1.csv,cusc1236,cusc1236,YES
numerals-cuvo1236-1.csv,cuvo1236,cuvo1236,YES
numerals-daas1238-1.csv,daas1238,daas1238,YES
numerals-daat1234-1.csv,daat1234,daat1234,YES
numerals-dagi1241-1.csv,dagi1241,dagi1241,YES
numerals-daha1245-1.csv,daha1245,daha1245,YES
numerals-dako1258-1.csv,dako1258,dako1258,YES
numerals-dang1274-1.csv,dang1274,dang1274,YES
numerals-darg1241-1.csv,darg1241,darg1241,YES
numerals-dars1235-2.csv,dars1235,dars1235,YES
numerals-dass1243-1.csv,dass1243,dass1243,YES
numerals-daur1238-1.csv,daur1238,daur1238,YES
numerals-daww1239-1.csv,daww1239,daww1239,YES
numerals-daza1242-1.csv,daza1242,daza1242,YES
numerals-defa1248-1.csv,defa1248,defa1248,YES
numerals-dege1248-1.csv,dege1248,dege1248,YES
numerals-dend1243-1.csv,dend1243,dend1243,YES
numerals-deni1241-2.csv,deni1241,deni1241,YES
numerals-dera1248-1.csv,dera1248,dera1248,YES
numerals-desa1247-1.csv,desa1247,desa1247,YES
numerals-dghw1239-1.csv,dghw1239,dghw1239,YES
numerals-dhal1245-1.csv,dhal1245,dhal1245,YES
numerals-dhar1247-1.csv,dhar1247,dhar1247,YES
numerals-dido1241-1.csv,dido1241,dido1241,YES
numerals-dira1242-1.csv,dira1242,dira1242,YES
numerals-diri1259-1_EDIT.csv,diri1259,diri1259,YES
numerals-diti1235-1.csv,diti1235,diti1235,YES
numerals-dizi1235-1.csv,dizi1235,dizi1235,YES
numerals-djam1255-1_edit.csv,djam1255,djam1255,YES
numerals-djau1244-1.csv,djau1244,djau1244,YES
numerals-djeo1235-1.csv,djeo1235,djeo1235,YES
numerals-djin1251-1.csv,djin1251,djin1251,YES
numerals-dogr1252-1.csv,dogr1252,dogr1252,YES
numerals-dolg1241-1.csv,dolg1241,dolg1241,YES
numerals-dong1285-1.csv,dong1285,dong1285,YES
numerals-dugw1239-1.csv,dugw1239,dugw1239,YES
numerals-duwa1244-1.csv,duwa1244,duwa1244,YES
numerals-dzao1238-1.csv,dzao1238,dzao1238,YES
numerals-east1472-1.csv,east1472,east1472,YES
numerals-east2328-1.csv,east2328,east2328,YES
numerals-east2337-1.csv,east2337,east2337,YES
numerals-east2371-1.csv,east2371,east2371,YES
numerals-east2379-1.csv,east2379,east2379,YES
numerals-east2534-1.csv,east2534,east2534,YES
numerals-east2555-1.csv,east2555,east2555,YES
numerals-elmo1238-1_EDIT.csv,elmo1238,elmo1238,YES
numerals-elna1235-1.csv,elna1235,elna1235,YES
numerals-embe1259-1.csv,embe1259,embe1259,YES
numerals-embe1260-1.csv,embe1260,embe1260,YES
numerals-embe1261-1.csv,embe1261,embe1261,YES
numerals-embe1262-1.csv,embe1262,embe1262,YES
numerals-emer1243-1.csv,emer1243,emer1243,YES
numerals-enap1235-1.csv,enap1235,enap1235,YES
numerals-epen1239-1.csv,epen1239,epen1239,YES
numerals-erzy1239-1.csv,erzy1239,erzy1239,YES
numerals-esee1248-1.csv,esee1248,esee1248,YES
numerals-esta1236-1.csv,esta1236,esta1236,YES
numerals-esto1258-1.csv,esto1258,esto1258,YES
numerals-even1259-1.csv,even1259,even1259,YES
numerals-even1260-1.csv,even1260,even1260,YES
numerals-fali1285-1.csv,fali1285,fali1285,YES
numerals-filo1235-1.csv,filo1235,filo1235,YES
numerals-finn1318-1.csv,finn1318,finn1318,YES
numerals-flin1247-1.csv,flin1247,flin1247,YES
numerals-fore1265-1.csv,fore1265,fore1265,YES
numerals-fore1274-1.csv,fore1274,fore1274,YES
numerals-fuln1247-1.csv,fuln1247,fuln1247,YES
numerals-gaam1241-1-edited.csv,gaam1241,gaam1241,YES
numerals-gaga1249-1.csv,gaga1249,gaga1249,YES
numerals-gali1262-1.csv,gali1262,gali1262,YES
numerals-ganz1246-3.csv,ganz1246,ganz1246,YES
numerals-gara1269-1.csv,gara1269,gara1269,YES
numerals-gari1256-1.csv,gari1256,gari1256,YES
numerals-gavi1246-1.csv,gavi1246,gavi1246,YES
numerals-gaww1239-1.csv,gaww1239,gaww1239,YES
numerals-gbay1288-1.csv,gbay1288,gbay1288,YES
numerals-gede1246-1.csv,gede1246,gede1246,YES
numerals-geee1239-1.csv,geee1239,geee1239,YES
numerals-gera1246-1.csv,gera1246,gera1246,YES
numerals-geru1240-1.csv,geru1240,geru1240,YES
numerals-ghad1239-1.csv,ghad1239,ghad1239,YES
numerals-ghod1238-1.csv,ghod1238,ghod1238,YES
numerals-ghom1257-1.csv,ghom1257,ghom1257,YES
numerals-gida1247-1.csv,gida1247,gida1247,YES
numerals-giiw1236-1.csv,giiw1236,giiw1236,YES
numerals-gily1242-1.csv,gily1242,gily1242,YES
numerals-gitx1241-1.csv,gitx1241,gitx1241,YES
numerals-glav1244-1.csv,glav1244,glav1244,YES
numerals-goem1240-1.csv,goem1240,goem1240,YES
numerals-goro1270-1.csv,goro1270,goro1270,YES
numerals-gros1243-1.csv,gros1243,gros1243,YES
numerals-guah1255-2.csv,guah1255,guah1255,YES
numerals-guaj1255-1.csv,guaj1255,temb1276,YES
numerals-guaj1256-1.csv,guaj1256,guaj1256,YES
numerals-guam1248-1.csv,guam1248,guam1248,YES
numerals-guan1268-1.csv,guan1268,guan1268,YES
numerals-guar1292-1.csv,guar1292,guar1292,YES
numerals-guar1293-1.csv,guar1293,guar1293,YES
numerals-guat1253-1.csv,guat1253,guat1253,YES
numerals-guay1257-1.csv,guay1257,guay1257,YES
numerals-gude1246-1.csv,gude1246,gude1246,YES
numerals-gudu1250-1.csv,gudu1250,gudu1250,YES
numerals-gudu1252-1.csv,gudu1252,gudu1252,YES
numerals-guer1241-1.csv,guer1241,guer1241,YES
numerals-guer1243-1.csv,guer1243,guer1243,YES
numerals-guev1238-1.csv,guev1238,guev1238,YES
numerals-guil1236-1.csv,guil1236,guil1236,YES
numerals-gunw1252-1.csv,gunw1252,gunw1252,YES
numerals-gupa1247-1.csv,gupa1247,gupa1247,YES
numerals-guru1271-1.csv,guru1271,guru1271,YES
numerals-gvok1239-1.csv,gvok1239,gvok1239,YES
numerals-gwan1268-1.csv,gwan1268,gwan1268,YES
numerals-gwic1235-1.csv,gwic1235,gwic1235,YES
numerals-gwii1239-1.csv,gwii1239,gwii1239,YES
numerals-hadi1240-1.csv,hadi1240,hadi1240,YES
numerals-haio1238-1.csv,haio1238,haio1238,YES
numerals-hais1244-1.csv,hais1244,hais1244,YES
numerals-halh1238-1.csv,halh1238,halh1238,YES
numerals-halk1245-1.csv,halk1245,halk1245,YES
numerals-hann1241-1.csv,hann1241,hann1241,YES
numerals-haus1257-1.csv,haus1257,haus1257,YES
numerals-hava1249-1.csv,hava1249,hava1248,YES
numerals-hdii1240-1.csv,hdii1240,hdii1240,YES
numerals-heil1246-1.csv,heil1246,heil1246,YES
numerals-herd1236-1.csv,herd1236,herd1236,YES
numerals-hida1246-1.csv,hida1246,hida1246,YES
numerals-high1242-1.csv,high1242,high1242,YES
numerals-high1276-1.csv,high1276,high1276,YES
numerals-hinu1240-1.csv,hinu1240,hinu1240,YES
numerals-hixk1239-1.csv,hixk1239,hixk1239,YES
numerals-hmon1264-2.csv,hmon1264,hmon1264,YES
numerals-hmon1331-1.csv,hmon1331,hmon1331,YES
numerals-hmon1333-1.csv,hmon1333,hmon1333,YES
numerals-hoch1243-1.csv,hoch1243,hoch1243,YES
numerals-hopi1249-1.csv,hopi1249,hopi1249,YES
numerals-hozo1236-1.csv,hozo1236,hozo1236,YES
numerals-huaa1248-1.csv,huaa1248,huaa1248,YES
numerals-hual1241-1.csv,hual1241,hual1241,YES
numerals-huam1247-1.csv,huam1247,huam1247,YES
numerals-huas1242-1.csv,huas1242,huas1242,YES
numerals-huba1236-1.csv,huba1236,huba1236,YES
numerals-hueh1236-1.csv,hueh1236,hueh1236,YES
numerals-huic1243-1.csv,huic1243,huic1243,YES
numerals-huil1244-1.csv,huil1244,huil1244,YES
numerals-hung1274-1.csv,hung1274,hung1274,YES
numerals-hunz1247-1.csv,hunz1247,hunz1247,YES
numerals-hupa1239-1.csv,hupa1239,hupa1239,YES
numerals-hupd1244-1.csv,hupd1244,hupd1244,YES
numerals-hwan1240-1.csv,hwan1240,hwan1240,YES
numerals-hyaa1239-1.csv,hyaa1239,hyaa1239,YES
numerals-iban1261-1.csv,iban1261,iban1261,YES
numerals-igna1246-1.csv,igna1246,igna1246,YES
numerals-ikkk1242-1.csv,ikkk1242,ikkk1242,YES
numerals-ikpe1245-1.csv,ikpe1245,ikpe1245,YES
numerals-ilit1241-1.csv,ilit1241,ilit1241,YES
numerals-imba1240-1.csv,imba1240,imba1240,YES
numerals-inar1241-1.csv,inar1241,inar1241,YES
numerals-ingr1248-1.csv,ingr1248,ingr1248,YES
numerals-ingu1240-1.csv,ingu1240,ingu1240,YES
numerals-iowa1245-1.csv,iowa1245,iowa1245,YES
numerals-iqui1243-1.csv,iqui1243,iqui1243,YES
numerals-iran1263-1.csv,iran1263,iran1263,YES
numerals-iraq1241-1.csv,iraq1241,iraq1241,YES
numerals-isth1242-1.csv,isth1242,isth1242,YES
numerals-isth1244-1.csv,isth1244,isth1244,YES
numerals-itel1242-1.csv,itel1242,itel1242,YES
numerals-iumi1238-1.csv,iumi1238,iumi1238,YES
numerals-ixca1245-1.csv,ixca1245,ixca1245,YES
numerals-ixte1237-1.csv,ixte1237,ixte1237,YES
numerals-iyoj1235-1.csv,iyoj1235,iyoj1235,YES
numerals-izon1238-1.csv,izon1238,izon1238,YES
numerals-jala1237-1.csv,jala1237,jala1237,YES
numerals-jaqa1244-1.csv,jaqa1244,jaqa1244,YES
numerals-jebe1250-1.csv,jebe1250,jebe1250,YES
numerals-jeju1234-1.csv,jeju1234,jeju1234,YES
numerals-jeme1245-1.csv,jeme1245,jeme1245,YES
numerals-jimi1254-1.csv,jimi1254,jimi1254,YES
numerals-jimi1255-1.csv,jimi1255,jimi1255,YES
numerals-jion1236-1.csv,jion1236,jion1236,YES
numerals-juho1239-1.csv,juho1239,juho1239,YES
numerals-juma1249-1.csv,juma1249,juma1249,YES
numerals-juqu1238-1.csv,juqu1238,juqu1238,YES
numerals-juru1256-1.csv,juru1256,juru1256,YES
numerals-kaba1278-1.csv,kaba1278,kaba1278,YES
numerals-kaby1243-1.csv,kaby1243,kaby1243,YES
numerals-kaci1244-1.csv,kaci1244,kaci1244,YES
numerals-kadi1248-1.csv,kadi1248,kadi1248,YES
numerals-kain1272-1.csv,kain1272,kain1272,YES
numerals-kaiw1246-1.csv,kaiw1246,kaiw1246,YES
numerals-kala1377-1.csv,kala1377,kala1377,YES
numerals-kala1381-1.csv,kala1381,kala1381,YES
numerals-kala1399-2.csv,kala1399,kala1399,YES
numerals-kali1308-1.csv,kali1308,kali1308,YES
numerals-kalm1243-1.csv,kalm1243,kalm1243,YES
numerals-kama1373-1.csv,kama1373,kama1373,YES
numerals-kamb1316-1.csv,kamb1316,kamb1316,YES
numerals-kamw1239-1.csv,kamw1239,kamw1239,YES
numerals-kana1291-2.csv,kana1291,kana1291,YES
numerals-kane1243-1.csv,kane1243,kane1243,YES
numerals-kang1281-1_edit.csv,kang1281,kang1281,YES
numerals-kans1243-1.csv,kans1243,kans1243,YES
numerals-kaqc1270-1.csv,kaqc1270,kaqc1270,YES
numerals-kara1462-1.csv,kara1462,kara1462,YES
numerals-kara1464-1.csv,kara1464,kara1464,YES
numerals-kara1465-1.csv,kara1465,kara1465,YES
numerals-kara1467-1.csv,kara1467,kara1467,YES
numerals-kara1474-1.csv,kara1474,kara1474,YES
numerals-kara1500-1.csv,kara1500,kara1500,YES
numerals-kare1335-1.csv,kare1335,kare1335,YES
numerals-kare1348-1.csv,kare1348,kare1348,YES
numerals-kari1311-1.csv,kari1311,kari1311,YES
numerals-karo1305-1.csv,karo1305,karo1305,YES
numerals-kash1280-2.csv,kash1280,kash1280,YES
numerals-katc1249-1.csv,katc1249,katc1249,YES
numerals-kaxa1239-1.csv,kaxa1239,kaxa1239,YES
numerals-kaya1319-1.csv,kaya1319,kaya1319,YES
numerals-kaya1329-2.csv,kaya1329,kaya1329,YES
numerals-kaya1330-1.csv,kaya1330,kaya1330,YES
numerals-kayt1238-1.csv,kayt1238,kayt1238,YES
numerals-kaza1248-1.csv,kaza1248,kaza1248,YES
numerals-keig1242-1.csv,keig1242,keig1242,YES
numerals-kera1255-1.csv,kera1255,kera1255,YES
numerals-kere1280-1.csv,kere1280,kere1280,YES
numerals-kett1243-1.csv,kett1243,kett1243,YES
numerals-khak1248-1.csv,khak1248,khak1248,YES
numerals-kham1281-1.csv,kham1281,kham1281,YES
numerals-khan1273-1.csv,khan1273,khan1273,YES
numerals-khin1240-1.csv,khin1240,khin1240,YES
numerals-khol1240-1.csv,khol1240,khol1240,YES
numerals-khor1269-1_edit.csv,khor1269,khor1269,YES
numerals-khva1239-1.csv,khva1239,khva1239,YES
numerals-kibe1241-1.csv,kibe1241,kibe1241,YES
numerals-kich1262-1.csv,kich1262,kich1262,YES
numerals-kick1244-1.csv,kick1244,kick1244,YES
numerals-kild1236-1.csv,kild1236,kild1236,YES
numerals-kili1268-1.csv,kili1268,kili1268,YES
numerals-kimm1245-1.csv,kimm1245,kimm1245,YES
numerals-kimr1241-1.csv,kimr1241,kimr1241,YES
numerals-kiow1266-1.csv,kiow1266,kiow1266,YES
numerals-kirg1245-1.csv,kirg1245,kirg1245,YES
numerals-klam1254-1.csv,klam1254,klam1254,YES
numerals-koal1240-2_edit.csv,koal1240,koal1240,YES
numerals-koas1236-1.csv,koas1236,koas1236,YES
numerals-kofy1242-1.csv,kofy1242,kofy1242,YES
numerals-komi1268-1.csv,komi1268,komi1268,YES
numerals-komi1269-1.csv,komi1269,komi1269,YES
numerals-komo1258-1.csv,komo1258,komo1258,YES
numerals-kons1243-1.csv,kons1243,kons1243,YES
numerals-kora1291-1.csv,kora1291,kora1291,YES
numerals-kora1292-1.csv,kora1292,kora1292,YES
numerals-kore1280-1.csv,kore1280,kore1280,YES
numerals-kore1283-1.csv,kore1283,kore1283,YES
numerals-koru1247-1.csv,koru1247,koru1247,YES
numerals-kory1246-1.csv,kory1246,kory1246,YES
numerals-koyr1240-1.csv,koyr1240,koyr1240,YES
numerals-kren1239-1.csv,kren1239,kren1239,YES
numerals-kron1241-1.csv,kron1241,kron1241,YES
numerals-kryt1240-1_edit.csv,kryt1240,kryt1240,YES
numerals-kuba1248-1.csv,kuba1248,kuba1248,YES
numerals-kuik1246-1.csv,kuik1246,kuik1246,YES
numerals-kuli1255-1.csv,kuli1255,kuli1255,YES
numerals-kumi1248-1.csv,kumi1248,kumi1248,YES
numerals-kumy1244-1.csv,kumy1244,kumy1244,YES
numerals-kunb1251-1.csv,kunb1251,kunb1251,YES
numerals-kung1261-1.csv,kung1261,kung1261,YES
numerals-kuni1268-1.csv,kuni1268,kuni1268,YES
numerals-kurr1243-1.csv,kurr1243,kurr1243,YES
numerals-kuru1309-1.csv,kuru1309,kuru1309,YES
numerals-kush1236-1.csv,kush1236,kush1236,YES
numerals-kute1249-1.csv,kute1249,kute1249,YES
numerals-kutt1236-1.csv,kutt1236,kutt1236,YES
numerals-kven1236-1.csv,kven1236,kven1236,YES
numerals-kwaa1269-1.csv,kwaa1269,kwaa1269,YES
numerals-kwad1244-1.csv,kwad1244,kwad1244,YES
numerals-kwak1269-1.csv,kwak1269,kwak1269,YES
numerals-kwam1249-1.csv,kwam1249,kwam1249,YES
numerals-kwan1285-1.csv,kwan1285,kwan1285,YES
numerals-kwaz1243-1.csv,kwaz1243,kwaz1243,YES
numerals-kweg1241-1.csv,kweg1241,kweg1241,YES
numerals-lach1249-1.csv,lach1249,lach1249,YES
numerals-lagw1237-1.csv,lagw1237,lagw1237,YES
numerals-lake1258-1.csv,lake1258,lake1258,YES
numerals-lakk1252-1.csv,lakk1252,lakk1252,YES
numerals-lako1247-1.csv,lako1247,lako1247,YES
numerals-lako1248-1.csv,lako1248,lako1248,YES
numerals-lala1270-1.csv,lala1270,lala1270,YES
numerals-lama1288-1.csv,lama1288,lama1288,YES
numerals-larg1235-1.csv,larg1235,larg1235,YES
numerals-laro1243-1.csv,laro1243,laro1243,YES
numerals-lazz1240-1.csv,lazz1240,lazz1240,YES
numerals-leal1235-1.csv,leal1235,leal1235,YES
numerals-leco1242-1.csv,leco1242,leco1242,YES
numerals-lele1276-1.csv,lele1276,lele1276,YES
numerals-lezg1247-1.csv,lezg1247,lezg1247,YES
numerals-libi1250-1.csv,libi1250,libi1250,YES
numerals-lill1248-1.csv,lill1248,lill1248,YES
numerals-livv1243-1.csv,livv1243,livv1243,YES
numerals-livv1244-1.csv,livv1244,livv1244,YES
numerals-logo1261-1.csv,logo1261,logo1261,YES
numerals-lowl1260-1.csv,lowl1260,lowl1260,YES
numerals-lowl1265-1.csv,lowl1265,lowl1265,YES
numerals-loxi1235-1.csv,loxi1235,loxi1235,YES
numerals-ludi1246-1.csv,ludi1246,ludi1246,YES
numerals-luis1253-1.csv,luis1253,luis1253,YES
numerals-lule1254-1.csv,lule1254,lule1254,YES
numerals-lumu1239-1.csv,lumu1239,lumu1239,YES
numerals-luop1235-1.csv,luop1235,luop1235,YES
numerals-lush1252-1.csv,lush1252,lush1252,YES
numerals-maak1236-1.csv,maak1236,maak1236,YES
numerals-maba1277-1.csv,maba1277,maba1277,YES
numerals-maca1259-1.csv,maca1259,maca1259,YES
numerals-maca1260-1.csv,maca1260,maca1260,YES
numerals-mach1267-1.csv,mach1267,mach1267,YES
numerals-maco1239-1.csv,maco1239,maco1239,YES
numerals-macu1259-1.csv,macu1259,macu1259,YES
numerals-macu1260-1.csv,macu1260,macu1260,YES
numerals-mada1293-1.csv,mada1293,mada1293,YES
numerals-madn1237-1.csv,madn1237,madn1237,YES
numerals-mafa1239-1.csv,mafa1239,mafa1239,YES
numerals-magd1235-1.csv,magd1235,magd1235,YES
numerals-maja1242-1.csv,maja1242,maja1242,YES
numerals-maka1318-1.csv,maka1318,maka1318,YES
numerals-maku1278-1.csv,maku1278,maku1278,YES
numerals-mala1522-1.csv,mala1522,mala1522,YES
numerals-male1292-1.csv,male1292,male1292,YES
numerals-male1297-1.csv,male1297,male1297,YES
numerals-mama1278-1.csv,mama1278,mama1278,YES
numerals-manc1252-1.csv,manc1252,manc1252,YES
numerals-mang1416-1.csv,mang1416,mang1416,YES
numerals-mans1258-1.csv,mans1258,mans1258,YES
numerals-mapo1246-1.csv,mapo1246,mapo1246,YES
numerals-mapu1245-1.csv,mapu1245,mapu1245,YES
numerals-maqu1238-1.csv,maqu1238,maqu1238,YES
numerals-mara1396-1.csv,mara1396,mara1396,YES
numerals-marb1239-1.csv,marb1239,marb1239,YES
numerals-marg1265-1.csv,marg1265,marg1265,YES
numerals-marg1266-1.csv,marg1266,marg1266,YES
numerals-mari1419-1.csv,mari1419,mari1419,YES
numerals-mari1421-1.csv,mari1421,mari1421,YES
numerals-mari1440-1.csv,mari1440,mari1440,YES
numerals-mart1255-1.csv,mart1255,mart1255,YES
numerals-mart1256-1.csv,mart1256,mart1256,YES
numerals-maru1252-2.csv,maru1252,maru1252,YES
numerals-masa1322-1.csv,masa1322,masa1322,YES
numerals-mata1306-2.csv,mata1306,mata1306,YES
numerals-mati1255-1.csv,mati1255,mati1255,YES
numerals-maun1240-1.csv,maun1240,maun1240,YES
numerals-mawa1270-1.csv,mawa1270,mawa1270,YES
numerals-maxa1247-1.csv,maxa1247,maxa1247,YES
numerals-mayo1264-1.csv,mayo1264,mayo1264,YES
numerals-maza1296-1.csv,maza1296,maza1296,YES
numerals-mbar1260-1_EDIT.csv,mbar1260,mbar1260,YES
numerals-mbed1242-1.csv,mbed1242,mbed1242,YES
numerals-mbuk1243-1.csv,mbuk1243,mbuk1243,YES
numerals-mbya1239-1.csv,mbya1239,mbya1239,YES
numerals-meen1242-1.csv,meen1242,meen1242,YES
numerals-mefe1242-1.csv,mefe1242,mefe1242,YES
numerals-mehi1240-1.csv,mehi1240,mehi1240,YES
numerals-meno1252-1.csv,meno1252,meno1252,YES
numerals-mere1246-1.csv,mere1246,mere1246,YES
numerals-mesk1242-1.csv,mesk1242,mesk1242,YES
numerals-mesm1239-1.csv,mesm1239,mesm1239,YES
numerals-metl1238-1.csv,metl1238,metl1238,YES
numerals-miam1252-1.csv,miam1252,miam1252,YES
numerals-midd1357-1_edit.csv,midd1357,midd1357,YES
numerals-miga1249-1.csv,miga1249,miga1249,YES
numerals-mika1239-1.csv,mika1239,mika1239,YES
numerals-mikm1235-1.csv,mikm1235,mikm1235,YES
numerals-mina1276-1.csv,mina1276,mina1276,YES
numerals-ming1252-1.csv,ming1252,ming1252,YES
numerals-mini1256-1.csv,mini1256,mini1256,YES
numerals-miri1266-1.csv,miri1266,miri1266,YES
numerals-mish1244-1.csv,mish1244,mish1244,YES
numerals-misk1235-1.csv,misk1235,misk1235,YES
numerals-mixt1425-1.csv,mixt1425,mixt1425,YES
numerals-mixt1426-1.csv,mixt1426,mixt1426,YES
numerals-miya1259-1.csv,miya1259,miya1259,YES
numerals-miya1266-1.csv,miya1266,miya1266,YES
numerals-moco1246-1.csv,moco1246,moco1246,YES
numerals-mofu1248-1.csv,mofu1248,mofu1248,YES
numerals-mogh1245-2.csv,mogh1245,mogh1245,YES
numerals-mogu1251-1.csv,mogu1251,mogu1251,YES
numerals-moha1256-1.csv,moha1256,moha1256,YES
numerals-moha1258-1.csv,moha1258,moha1258,YES
numerals-moks1248-1.csv,moks1248,moks1248,YES
numerals-molo1266-1.csv,molo1266,molo1266,YES
numerals-mong1330-1.csv,mong1330,mong1330,YES
numerals-mono1275-1.csv,mono1275,mono1275,YES
numerals-mont1268-1.csv,mont1268,mont1268,YES
numerals-moro1285-1.csv,moro1285,moro1285,YES
numerals-mose1249-1.csv,mose1249,mose1249,YES
numerals-movi1243-1.csv,movi1243,movi1243,YES
numerals-mpad1242-1.csv,mpad1242,mpad1242,YES
numerals-mubi1246-1.csv,mubi1246,mubi1246,YES
numerals-muin1242-1.csv,muin1242,muin1242,YES
numerals-muku1242-1.csv,muku1242,muku1242,YES
numerals-mull1237-1_edit.csv,mull1237,mull1237,YES
numerals-mund1330-1.csv,mund1330,mund1330,YES
numerals-muni1258-1.csv,muni1258,muni1258,YES
numerals-muns1251-1.csv,muns1251,muns1251,YES
numerals-murl1244-1.csv,murl1244,murl1244,YES
numerals-murr1258-1.csv,murr1258,murr1258,YES
numerals-murs1242-1.csv,murs1242,murs1242,YES
numerals-muru1274-1.csv,muru1274,muru1274,YES
numerals-muse1242-1.csv,muse1242,muse1242,YES
numerals-musg1254-1_EDIT.csv,musg1254,musg1254,YES
numerals-muya1243-1.csv,muya1243,muya1243,YES
numerals-mwag1236-1_EDIT.csv,mwag1236,mwag1236,YES
numerals-nade1244-1.csv,nade1244,nade1244,YES
numerals-nafu1238-1.csv,nafu1238,nafu1238,YES
numerals-naha1261-2.csv,naha1261,naha1261,YES
numerals-nama1264-1.csv,nama1264,nama1264,YES
numerals-nana1257-1.csv,nana1257,nana1257,YES
numerals-nanc1253-1.csv,nanc1253,nanc1253,YES
numerals-nang1259-1_edit.csv,nang1259,nang1259,YES
numerals-nant1250-1.csv,nant1250,nant1250,YES
numerals-nari1240-1.csv,nari1240,nari1240,YES
numerals-naro1249-2.csv,naro1249,naro1249,YES
numerals-nask1242-1.csv,nask1242,nask1242,YES
numerals-nauk1242-1.csv,nauk1242,nauk1242,YES
numerals-nava1243-1.csv,nava1243,nava1243,YES
numerals-nayi1243-1.csv,nayi1243,nayi1243,YES
numerals-negi1245-1_edit.csv,negi1245,negi1245,YES
numerals-nene1249-1.csv,nene1249,nene1249,YES
numerals-nezp1238-1.csv,nezp1238,nezp1238,YES
numerals-ngaa1240-1.csv,ngaa1240,ngaa1240,YES
numerals-ngab1239-1.csv,ngab1239,ngab1239,YES
numerals-ngad1258-1.csv,ngad1258,ngad1258,YES
numerals-ngal1292-1_edit.csv,ngal1292,ngal1292,YES
numerals-ngam1282-1.csv,ngam1282,ngam1282,YES
numerals-ngan1291-1.csv,ngan1291,ngan1291,YES
numerals-ngar1284-1_edit.csv,ngar1284,ngar1284,YES
numerals-ngar1287-1.csv,ngar1287,ngar1287,YES
numerals-ngar1296-2.csv,ngar1296,ngar1296,YES
numerals-ngas1240-1.csv,ngas1240,ngas1240,YES
numerals-nggw1242-1.csv,nggw1242,nggw1242,YES
numerals-ngiz1242-1.csv,ngiz1242,ngiz1242,YES
numerals-nhen1239-1.csv,nhen1239,nhen1239,YES
numerals-nina1238-1.csv,nina1238,nina1238,YES
numerals-niva1238-1.csv,niva1238,niva1238,YES
numerals-nkor1239-1.csv,nkor1239,nkor1239,YES
numerals-noga1249-1.csv,noga1249,noga1249,YES
numerals-noma1263-1.csv,noma1263,noma1263,YES
numerals-nonu1241-1.csv,nonu1241,nonu1241,YES
numerals-nook1247-1.csv,nook1247,nook1247,YES
numerals-nopa1235-1.csv,nopa1235,nopa1235,YES
numerals-nort1550-1.csv,nort1550,nort1550,YES
numerals-nort2671-1.csv,nort2671,nort2671,YES
numerals-nort2686-1.csv,nort2686,nort2686,YES
numerals-nort2690-1.csv,nort2690,nort2690,YES
numerals-nort2697-1.csv,nort2697,nort2697,YES
numerals-nort2745-1.csv,nort2745,nort2745,YES
numerals-nort2747-2.csv,nort2747,nort2747,YES
numerals-nort2935-1.csv,nort2935,nort2935,YES
numerals-nort2938-1.csv,nort2938,nort2938,YES
numerals-nort2943-1.csv,nort2943,nort2943,YES
numerals-nort2945-1.csv,nort2945,nort2945,YES
numerals-nort2954-1.csv,nort2954,nort2954,YES
numerals-nort2959-1.csv,nort2959,nort2959,YES
numerals-nort2961-1.csv,nort2961,nort2961,YES
numerals-nort2968-1.csv,nort2968,nort2968,YES
numerals-nort2972-1.csv,nort2972,nort2972,YES
numerals-nort2976-1.csv,nort2976,nort2976,YES
numerals-nort2984-1.csv,nort2984,nort2984,YES
numerals-nort2985-1.csv,nort2985,nort2985,YES
numerals-nort3046-1.csv,nort3046,nort3046,YES
numerals-nort3047-1.csv,nort3047,nort3047,YES
numerals-nucl1301-1.csv,nucl1301,nucl1301,YES
numerals-nucl1302-1.csv,nucl1302,nucl1302,YES
numerals-nucl1643-1.csv,nucl1643,nucl1643,YES
numerals-nucl1649-1.csv,nucl1649,nucl1649,YES
numerals-nucl1683-1.csv,nucl1683,nucl1683,YES
numerals-nucl1692-1.csv,nucl1692,nucl1692,YES
numerals-nucl1695-1.csv,nucl1695,nucl1695,YES
numerals-nucl1696-1.csv,nucl1696,nucl1696,YES
numerals-nuka1242-1.csv,nuka1242,nuka1242,YES
numerals-nung1290-1.csv,nung1290,nung1290,YES
numerals-nuuc1236-1.csv,nuuc1236,nuuc1236,YES
numerals-nyam1271-1.csv,nyam1271,nyam1271,YES
numerals-nyam1285-1.csv,nyam1285,nyam1285,YES
numerals-nyan1313-1.csv,nyan1313,nyan1313,YES
numerals-nyun1247-1.csv,nyun1247,nyun1247,YES
numerals-nzan1240-1.csv,nzan1240,nzan1240,YES
numerals-ocai1244-1.csv,ocai1244,ocai1244,YES
numerals-okan1243-1.csv,okan1243,okan1243,YES
numerals-okod1238-1.csv,okod1238,okod1238,YES
numerals-omag1248-1.csv,omag1248,omag1248,YES
numerals-omah1247-2.csv,omah1247,omah1247,YES
numerals-onaa1245-1.csv,onaa1245,onaa1245,YES
numerals-onei1249-1.csv,onei1249,onei1249,YES
numerals-onon1246-1.csv,onon1246,onon1246,YES
numerals-opuu1239-4.csv,opuu1239,opuu1239,YES
numerals-orej1242-1.csv,orej1242,orej1242,YES
numerals-orma1241-1.csv,orma1241,orma1241,YES
numerals-oroc1248-1.csv,oroc1248,oroc1248,YES
numerals-orok1265-1.csv,orok1265,orok1265,YES
numerals-oroq1238-1.csv,oroq1238,oroq1238,YES
numerals-osag1243-1.csv,osag1243,osag1243,YES
numerals-otor1240-1.csv,otor1240,otor1240,YES
numerals-otta1242-1.csv,otta1242,otta1242,YES
numerals-paci1278-1.csv,paci1278,paci1278,YES
numerals-paez1247-1.csv,paez1247,paez1247,YES
numerals-pahn1237-1.csv,pahn1237,pahn1237,YES
numerals-paip1241-1.csv,paip1241,paip1241,YES
numerals-pali1279-1.csv,pali1279,pali1279,YES
numerals-pana1305-1.csv,pana1305,pana1305,YES
numerals-pana1307-1.csv,pana1307,pana1307,YES
numerals-pana1310-1.csv,pana1310,pana1310,YES
numerals-pano1255-1.csv,pano1255,pano1255,YES
numerals-para1310-1.csv,para1310,para1310,YES
numerals-para1311-1.csv,para1311,para1311,YES
numerals-para1312-1.csv,para1312,para1312,YES
numerals-pare1272-1_ED.csv,pare1272,pare1272,YES
numerals-park1239-1.csv,park1239,park1239,YES
numerals-paum1247-1.csv,paum1247,paum1247,YES
numerals-paun1241-1.csv,paun1241,paun1241,YES
numerals-paus1244-1.csv,paus1244,paus1244,YES
numerals-pawn1254-1.csv,pawn1254,pawn1254,YES
numerals-pech1241-1.csv,pech1241,pech1241,YES
numerals-pemo1248-1.csv,pemo1248,pemo1248,YES
numerals-pent1242-1.csv,pent1242,pent1242,YES
numerals-pero1241-1_EDIT.csv,pero1241,pero1241,YES
numerals-peve1243-1.csv,peve1243,peve1243,YES
numerals-piap1246-1.csv,piap1246,piap1246,YES
numerals-piar1243-2.csv,piar1243,piar1243,YES
numerals-pich1237-1.csv,pich1237,pich1237,YES
numerals-pila1245-1.csv,pila1245,pila1245,YES
numerals-pima1248-1.csv,pima1248,pima1248,YES
numerals-pini1244-1.csv,pini1244,pini1244,YES
numerals-pint1251-1.csv,pint1251,pint1251,YES
numerals-pipi1250-1.csv,pipi1250,pipi1250,YES
numerals-pira1253-1.csv,pira1253,pira1253,YES
numerals-pira1254-1.csv,pira1254,pira1254,YES
numerals-pisa1237-1.csv,pisa1237,pisa1237,YES
numerals-pite1240-1.csv,pite1240,pite1240,YES
numerals-piya1245-1.csv,piya1245,piya1245,YES
numerals-plai1258-1.csv,plai1258,plai1258,YES
numerals-plai1259-1.csv,plai1259,plai1259,YES
numerals-play1240-1.csv,play1240,play1240,YES
numerals-polc1243-1.csv,polc1243,polc1243,YES
numerals-poqo1254-1.csv,poqo1254,poqo1254,YES
numerals-pota1247-1.csv,pota1247,pota1247,YES
numerals-poya1241-1.csv,poya1241,poya1241,YES
numerals-psik1239-1.csv,psik1239,psik1239,YES
numerals-puin1248-1.csv,puin1248,puin1248,YES
numerals-pume1238-1_ED.csv,pume1238,pume1238,YES
numerals-pure1242-1.csv,pure1242,pure1242,YES
numerals-puru1264-1.csv,puru1264,puru1264,YES
numerals-puta1243-1.csv,puta1243,puta1243,YES
numerals-qanj1241-1.csv,qanj1241,qanj1241,YES
numerals-qash1240-1.csv,qash1240,qash1240,YES
numerals-qawa1238-1.csv,qawa1238,qawa1238,YES
numerals-qima1242-1.csv,qima1242,qima1242,YES
numerals-quap1242-1.csv,quap1242,quap1242,YES
numerals-quec1382-1.csv,quec1382,quec1382,YES
numerals-quil1240-1.csv,quil1240,quil1240,YES
numerals-quin1251-1.csv,quin1251,quin1251,YES
numerals-quio1240-1.csv,quio1240,quio1240,YES
numerals-quio1241-1.csv,quio1241,quio1241,YES
numerals-rama1270-2.csv,rama1270,rama1270,YES
numerals-rayo1235-1.csv,rayo1235,rayo1235,YES
numerals-rend1243-1.csv,rend1243,rend1243,YES
numerals-resi1247-1.csv,resi1247,resi1247,YES
numerals-reye1240-1.csv,reye1240,reye1240,YES
numerals-rikb1245-1.csv,rikb1245,rikb1245,YES
numerals-ronn1241-1.csv,ronn1241,ronn1241,YES
numerals-rung1258-1.csv,rung1258,rung1258,YES
numerals-rutu1240-1.csv,rutu1240,rutu1240,YES
numerals-saba1268-1.csv,saba1268,saba1268,YES
numerals-saca1238-1.csv,saca1238,saca1238,YES
numerals-saho1246-1.csv,saho1246,saho1246,YES
numerals-saki1248-1.csv,saki1248,saki1248,YES
numerals-sala1264-2.csv,sala1264,sala1264,YES
numerals-sala1272-1.csv,sala1272,sala1272,YES
numerals-sali1298-2.csv,sali1298,sali1298,YES
numerals-sana1298-1.csv,sana1298,sana1298,YES
numerals-sanb1242-1.csv,sanb1242,sanb1242,YES
numerals-sanf1258-1.csv,sanf1258,sanf1258,YES
numerals-sanf1262-1.csv,sanf1262,sanf1262,YES
numerals-sanj1286-1.csv,sanj1286,sanj1286,YES
numerals-sanm1287-1.csv,sanm1287,sanm1287,YES
numerals-sanm1298-1.csv,sanm1298,sanm1298,YES
numerals-sanm1301-1.csv,sanm1301,sanm1301,YES
numerals-sanp1260-1.csv,sanp1260,sanp1260,YES
numerals-sanp1261-1.csv,sanp1261,sanp1261,YES
numerals-sant1424-1.csv,sant1424,sant1424,YES
numerals-sant1451-1.csv,sant1451,sant1451,YES
numerals-sanu1240-1.csv,sanu1240,sanu1240,YES
numerals-sars1236-1.csv,sars1236,sars1236,YES
numerals-sate1243-2.csv,sate1243,sate1243,YES
numerals-sawk1238-1.csv,sawk1238,sawk1238,YES
numerals-saya1246-1.csv,saya1246,saya1246,YES
numerals-sech1246-1.csv,sech1246,sech1246,YES
numerals-seco1241-1.csv,seco1241,seco1241,YES
numerals-seka1250-1.csv,seka1250,seka1250,YES
numerals-selk1253-1.csv,selk1253,selk1253,YES
numerals-sene1264-1.csv,sene1264,sene1264,YES
numerals-senh1238-1.csv,senh1238,senh1238,YES
numerals-seri1257-1.csv,seri1257,seri1257,YES
numerals-serr1255-1.csv,serr1255,serr1255,YES
numerals-seve1240-1.csv,seve1240,seve1240,YES
numerals-seze1235-1.csv,seze1235,seze1235,YES
numerals-shan1283-1.csv,shan1283,shan1283,YES
numerals-shat1244-1.csv,shat1244,shat1244,YES
numerals-shaw1249-1.csv,shaw1249,shaw1249,YES
numerals-shee1238-1.csv,shee1238,shee1238,YES
numerals-shor1247-1.csv,shor1247,shor1247,YES
numerals-shua1254-1.csv,shua1254,shua1254,YES
numerals-shua1257-1.csv,shua1257,shua1257,YES
numerals-shus1248-1.csv,shus1248,shus1248,YES
numerals-sida1246-1.csv,sida1246,sida1246,YES
numerals-siks1238-1.csv,siks1238,siks1238,YES
numerals-sion1247-1.csv,sion1247,sion1247,YES
numerals-sipa1247-2.csv,sipa1247,sipa1247,YES
numerals-sire1246-1.csv,sire1246,sire1246,YES
numerals-siri1273-3.csv,siri1273,siri1273,YES
numerals-siwi1239-1.csv,siwi1239,siwi1239,YES
numerals-skol1241-1.csv,skol1241,skol1241,YES
numerals-soch1239-1.csv,soch1239,soch1239,YES
numerals-soko1263-1.csv,soko1263,soko1263,YES
numerals-soma1255-1.csv,soma1255,soma1255,YES
numerals-somr1248-1.csv,somr1248,somr1248,YES
numerals-sooo1256-2.csv,sooo1256,sooo1256,YES
numerals-sout2674-1.csv,sout2674,sout2674,YES
numerals-sout2694-1.csv,sout2694,sout2694,YES
numerals-sout2699-1.csv,sout2699,sout2699,YES
numerals-sout2750-1.csv,sout2750,sout2750,YES
numerals-sout2754-1.csv,sout2754,sout2754,YES
numerals-sout2956-1.csv,sout2956,sout2956,YES
numerals-sout2957-1.csv,sout2957,sout2957,YES
numerals-sout2959-1.csv,sout2959,sout2959,YES
numerals-sout2961-1.csv,sout2961,sout2961,YES
numerals-sout2976-1.csv,sout2976,sout2976,YES
numerals-sout2982-1.csv,sout2982,sout2982,YES
numerals-sout2984-1.csv,sout2984,sout2984,YES
numerals-sout2985-1.csv,sout2985,sout2985,YES
numerals-sout2990-1.csv,sout2990,sout2990,YES
numerals-sout2994-1_ED.csv,sout2994,sout2994,YES
numerals-sout3000-1.csv,sout3000,sout3000,YES
numerals-sout3051-1.csv,sout3051,sout3051,YES
numerals-sout3261-1.csv,sout3261,sout3261,YES
numerals-spok1245-1.csv,spok1245,spok1245,YES
numerals-squa1248-1.csv,squa1248,squa1248,YES
numerals-ston1242-1.csv,ston1242,ston1242,YES
numerals-stra1244-2.csv,stra1244,stra1244,YES
numerals-suku1272-2.csv,suku1272,suku1272,YES
numerals-surb1238-1_edit.csv,surb1238,surb1238,YES
numerals-suri1267-1.csv,suri1267,suri1267,YES
numerals-suru1262-1.csv,suru1262,suru1262,YES
numerals-suru1263-1.csv,suru1263,suru1263,YES
numerals-suya1243-2.csv,suya1243,suya1243,YES
numerals-svan1243-1.csv,svan1243,svan1243,YES
numerals-taba1259-1.csv,taba1259,taba1259,YES
numerals-taca1256-1.csv,taca1256,taca1256,YES
numerals-tach1250-1.csv,tach1250,tach1250,YES
numerals-tada1238-1.csv,tada1238,tada1238,YES
numerals-taga1278-1.csv,taga1278,taga1278,YES
numerals-tago1246-1.csv,tago1246,tago1246,YES
numerals-taha1241-1.csv,taha1241,taha1241,YES
numerals-tahl1239-1.csv,tahl1239,tahl1239,YES
numerals-tall1250-1.csv,tall1250,tall1250,YES
numerals-tama1365-1.csv,tama1365,tama1365,YES
numerals-tamk1242-1.csv,tamk1242,tamk1242,YES
numerals-tani1257-1_ED.csv,tani1257,tani1257,YES
numerals-tapi1253-1.csv,tapi1253,tapi1253,YES
numerals-tapi1254-1.csv,tapi1254,tapi1254,YES
numerals-tari1256-1.csv,tari1256,tari1256,YES
numerals-tari1263-1.csv,tari1263,tari1263,YES
numerals-tasa1240-1.csv,tasa1240,tasa1240,YES
numerals-tata1255-1.csv,tata1255,tata1255,YES
numerals-tata1258-1.csv,tata1258,tata1258,YES
numerals-tatu1247-2.csv,tatu1247,tatu1247,YES
numerals-taus1253-1.csv,taus1253,taus1253,YES
numerals-tawa1286-1.csv,tawa1286,tawa1286,YES
numerals-taya1257-1.csv,taya1257,taya1257,YES
numerals-tazn1238-1.csv,tazn1238,tazn1238,YES
numerals-teda1241-1.csv,teda1241,teda1241,YES
numerals-tehu1242-1.csv,tehu1242,tehu1242,YES
numerals-tekt1235-1.csv,tekt1235,tekt1235,YES
numerals-tena1240-1.csv,tena1240,tena1240,YES
numerals-tenh1241-1.csv,tenh1241,tenh1241,YES
numerals-tenn1246-1.csv,tenn1246,tenn1246,YES
numerals-tera1251-1.csv,tera1251,tera1251,YES
numerals-tere1279-1.csv,tere1279,tere1279,YES
numerals-teri1250-1.csv,teri1250,teri1250,YES
numerals-ters1235-1.csv,ters1235,ters1235,YES
numerals-tewa1260-1.csv,tewa1260,tewa1260,YES
numerals-thay1249-1.csv,thay1249,thay1249,YES
numerals-thom1243-1.csv,thom1243,thom1243,YES
numerals-ticu1245-1.csv,ticu1245,ticu1245,YES
numerals-till1254-1.csv,till1254,till1254,YES
numerals-tima1241-1.csv,tima1241,tima1241,YES
numerals-tind1238-1.csv,tind1238,tind1238,YES
numerals-tiwi1244-1_edit.csv,tiwi1244,tiwi1244,YES
numerals-tlac1235-1.csv,tlac1235,tlac1235,YES
numerals-tlin1245-1.csv,tlin1245,tlin1245,YES
numerals-toba1268-1.csv,toba1268,toba1268,YES
numerals-toba1269-1.csv,toba1269,toba1269,YES
numerals-toca1235-1.csv,toca1235,toca1235,YES
numerals-toho1245-1.csv,toho1245,toho1245,YES
numerals-toll1241-1.csv,toll1241,toll1241,YES
numerals-tolo1259-1.csv,tolo1259,tolo1259,YES
numerals-torn1244-1.csv,torn1244,torn1244,YES
numerals-toto1305-1.csv,toto1305,toto1305,YES
numerals-trin1274-1.csv,trin1274,trin1274,YES
numerals-trio1238-2.csv,trio1238,trio1238,YES
numerals-trum1247-1.csv,trum1247,trum1247,YES
numerals-tsak1249-1.csv,tsak1249,tsak1249,YES
numerals-tsam1247-1.csv,tsam1247,tsam1247,YES
numerals-tsoa1238-1.csv,tsoa1238,tsoa1238,YES
numerals-tuca1252-1.csv,tuca1252,tuca1252,YES
numerals-tuli1249-1.csv,tuli1249,tuli1249,YES
numerals-tuma1248-1.csv,tuma1248,tuma1248,YES
numerals-tuma1260-1.csv,tuma1260,tuma1260,YES
numerals-tumz1238-1_EDIT.csv,tumz1238,tumz1238,YES
numerals-tund1254-1.csv,tund1254,tund1254,YES
numerals-tuni1252-1.csv,tuni1252,tuni1252,YES
numerals-tunn1238-1.csv,tunn1238,tunn1238,YES
numerals-tupa1250-1.csv,tupa1250,tupa1250,YES
numerals-turk1303-1.csv,turk1303,turk1303,YES
numerals-turk1304-1.csv,turk1304,turk1304,YES
numerals-tusc1257-1.csv,tusc1257,tusc1257,YES
numerals-tuvi1240-1.csv,tuvi1240,tuvi1240,YES
numerals-tuyu1244-1.csv,tuyu1244,tuyu1244,YES
numerals-twan1247-1.csv,twan1247,twan1247,YES
numerals-tzel1254-1.csv,tzel1254,tzel1254,YES
numerals-tzot1259-1.csv,tzot1259,tzot1259,YES
numerals-ubii1238-1.csv,ubii1238,ubii1238,YES
numerals-ubyk1235-1.csv,ubyk1235,ubyk1235,YES
numerals-udih1248-1.csv,udih1248,udih1248,YES
numerals-udii1243-1.csv,udii1243,udii1243,YES
numerals-udmu1245-1.csv,udmu1245,udmu1245,YES
numerals-uduk1239-2.csv,uduk1239,uduk1239,YES
numerals-uigh1240-1.csv,uigh1240,uigh1240,YES
numerals-ulch1241-1.csv,ulch1241,ulch1241,YES
numerals-ulga1234-1.csv,ulga1234,sout2958,YES
numerals-umat1237-1.csv,umat1237,umat1237,YES
numerals-umes1235-1.csv,umes1235,umes1235,YES
numerals-umpi1239-1_edit.csv,umpi1239,umpi1239,YES
numerals-unam1242-1.csv,unam1242,unam1242,YES
numerals-uppe1275-1.csv,uppe1275,uppe1275,YES
numerals-uppe1437-1.csv,uppe1437,uppe1437,YES
numerals-uppe1438-1.csv,uppe1438,uppe1438,YES
numerals-uppe1439-1.csv,uppe1439,uppe1439,YES
numerals-urar1246-1_ED.csv,urar1246,urar1246,YES
numerals-urub1250-1.csv,urub1250,urub1250,YES
numerals-urue1240-1.csv,urue1240,urue1240,YES
numerals-urum1249-1.csv,urum1249,urum1249,YES
numerals-uruu1244-1.csv,uruu1244,uruu1244,YES
numerals-vame1236-1.csv,vame1236,vame1236,YES
numerals-vemg1240-1.csv,vemg1240,vemg1240,YES
numerals-veps1250-1.csv,veps1250,veps1250,YES
numerals-vile1241-1.csv,vile1241,vile1241,YES
numerals-voti1245-1.csv,voti1245,voti1245,YES
numerals-wage1238-1.csv,wage1238,wage1238,YES
numerals-waim1253-1.csv,waim1253,waim1253,YES
numerals-waim1255-1_ED.csv,waim1255,waim1255,YES
numerals-waiw1244-2.csv,waiw1244,waiw1244,YES
numerals-waja1257-1.csv,waja1257,waja1257,YES
numerals-wall1238-1.csv,wall1238,wall1238,YES
numerals-wand1278-1.csv,wand1278,wand1278,YES
numerals-waor1240-1.csv,waor1240,waor1240,YES
numerals-wapi1253-1.csv,wapi1253,wapi1253,YES
numerals-wara1303-2.csv,wara1303,wara1303,YES
numerals-warn1244-1.csv,warn1244,warn1244,YES
numerals-waru1265-1.csv,waru1265,waru1265,YES
numerals-wash1253-1.csv,wash1253,wash1253,YES
numerals-waur1244-1.csv,waur1244,waur1244,YES
numerals-waya1269-1.csv,waya1269,waya1269,YES
numerals-waya1270-2.csv,waya1270,waya1270,YES
numerals-wayu1243-1.csv,wayu1243,wayu1243,YES
numerals-west2392-1.csv,west2392,west2392,YES
numerals-west2402-1.csv,west2402,west2402,YES
numerals-west2430-1.csv,west2430,west2430,YES
numerals-west2441-1.csv,west2441,west2441,YES
numerals-west2615-1.csv,west2615,west2615,YES
numerals-west2624-1.csv,west2624,west2624,YES
numerals-west2632-1.csv,west2632,west2632,YES
numerals-west2643-1.csv,west2643,west2643,YES
numerals-west2644-1.csv,west2644,west2644,YES
numerals-west2721-1.csv,west2721,west2721,YES
numerals-wich1260-1.csv,wich1260,wich1260,YES
numerals-wich1264-1.csv,wich1264,wich1264,YES
numerals-wikn1245-1.csv,wikn1245,wikn1245,YES
numerals-wint1259-1.csv,wint1259,wint1259,YES
numerals-wood1236-1.csv,wood1236,wood1236,YES
numerals-woun1238-1.csv,woun1238,woun1238,YES
numerals-wuna1248-1.csv,wuna1248,wuna1248,YES
numerals-wuzl1236-1.csv,wuzl1236,wuzl1236,YES
numerals-xamt1239-1.csv,xamt1239,xamt1239,YES
numerals-xava1240-1.csv,xava1240,xava1240,YES
numerals-xere1240-1.csv,xere1240,xere1240,YES
numerals-xeta1241-1.csv,xeta1241,xeta1241,YES
numerals-xibe1242-1.csv,xibe1242,xibe1242,YES
numerals-xinc1246-1.csv,xinc1246,xinc1246,YES
numerals-xing1248-1.csv,xing1248,xing1248,YES
numerals-xokl1240-1.csv,xokl1240,xokl1240,YES
numerals-yaba1248-1.csv,yaba1248,yaba1248,YES
numerals-yaey1239-1.csv,yaey1239,yaey1239,YES
numerals-yagu1244-1.csv,yagu1244,yagu1244,YES
numerals-yaki1237-1.csv,yaki1237,yaki1237,YES
numerals-yaku1245-1.csv,yaku1245,yaku1245,YES
numerals-yama1264-1.csv,yama1264,yama1264,YES
numerals-yane1238-1.csv,yane1238,yane1238,YES
numerals-yano1261-1.csv,yano1261,yano1261,YES
numerals-yano1262-1.csv,yano1262,yano1262,YES
numerals-yaqu1251-1.csv,yaqu1251,yaqu1251,YES
numerals-yawa1260-1.csv,yawa1260,yawa1260,YES
numerals-yawa1261-1.csv,yawa1261,yawa1261,YES
numerals-yind1247-1.csv,yind1247,yind1247,YES
numerals-yine1238-1.csv,yine1238,yine1238,YES
numerals-ying1247-1.csv,ying1247,ying1247,YES
numerals-yiry1245-1.csv,yiry1245,yiry1245,YES
numerals-yoku1256-1.csv,yoku1256,yoku1256,YES
numerals-yora1241-1.csv,yora1241,yora1241,YES
numerals-youn1235-1.csv,youn1235,youn1235,YES
numerals-yuch1247-1.csv,yuch1247,yuch1247,YES
numerals-yucu1253-2.csv,yucu1253,yucu1253,YES
numerals-yugh1239-1.csv,yugh1239,yugh1239,YES
numerals-yuhu1238-1.csv,yuhu1238,yuhu1238,YES
numerals-yukp1241-2.csv,yukp1241,yukp1241,YES
numerals-yuqu1240-1.csv,yuqu1240,yuqu1240,YES
numerals-yura1255-1.csv,yura1255,yura1255,YES
numerals-yuro1248-1.csv,yuro1248,yuro1248,YES
numerals-yuru1263-1.csv,yuru1263,yuru1263,YES
numerals-yuwa1244-1.csv,yuwa1244,yuwa1244,YES
numerals-zaca1242-1.csv,zaca1242,zaca1242,YES
numerals-zagh1240-1.csv,zagh1240,zagh1240,YES
numerals-zang1255-1.csv,zang1255,zang1255,YES
numerals-zarm1239-1.csv,zarm1239,zarm1239,YES
numerals-zena1248-1.csv,zena1248,zena1248,YES
numerals-zenz1235-1.csv,zenz1235,zenz1235,YES
numerals-zire1244-1.csv,zire1244,zire1244,YES
numerals-zizi1238-1.csv,zizi1238,zizi1238,YES
numerals-zoee1240-1.csv,zoee1240,zoee1240,YES
numerals-zoog1238-1.csv,zoog1238,zoog1238,YES
numerals-zulg1242-1.csv,zulg1242,zulg1242,YES
numerals-zull1239-1.csv,zull1239,zull1239,YES
numerals-zuni1245-1.csv,zuni1245,zuni1245,YES
PAP001_barlowpacific-tamb1257-1.csv,tamb1257,tamb1257,YES
PAP002_numerals-kaer1234-1.csv,kaer1234,kaer1234,YES
PAP003_EDIT_numerals-lamm1241-1_EDIT.csv,lamm1241,lamm1241,YES
PAP004_EDIT_numerals-teiw1235-1_EDIT.csv,teiw1235,teiw1235,YES
PAP005_barlowpacific-nede1245-1.csv,nede1245,nede1245,YES
PAP006_numerals-blag1240-1.csv,blag1240,blag1240,YES
PAP007_barlowpacific-tere1277-1.csv,tere1277,tere1277,YES
PAP008_numerals-rett1240-1.csv,rett1240,rett1240,YES
PAP009_numerals-sarr1247-1.csv,sarr1247,sarr1247,YES
PAP010_numerals-kelo1247-1.csv,kelo1247,kelo1247,YES
PAP011_numerals-adan1251-1.csv,adan1251,adan1251,YES
PAP012_numerals-hama1240-1.csv,hama1240,hama1240,YES
PAP013_barlowpacific-kafo1240-1.csv,kafo1240,kafo1240,YES
PAP014_numerals-kabo1247-1.csv,kabo1247,kabo1247,YES
PAP015_numerals-abui1241-1.csv,abui1241,abui1241,YES
PAP016_numerals-kuii1253-1.csv,kuii1253,kuii1253,YES
PAP017_numerals-kama1365-1.csv,kama1365,kama1365,YES
PAP018_numerals-wers1238-1.csv,wers1238,wers1238,YES
PAP019_numerals-kula1280-2.csv,kula1280,kula1280,YES
PAP020_numerals-sawi1256-1.csv,sawi1256,sawi1256,YES
PAP021_numerals-buna1278-1.csv,buna1278,buna1278,YES
PAP022_numerals-maka1316-1.csv,maka1316,maka1316,YES
PAP023_numerals-fata1247-1.csv,fata1247,fata1247,YES
PAP024_numerals-oira1263-1.csv,oira1263,oira1263,YES
PAP025_numerals-tern1247-1.csv,tern1247,tern1247,YES
PAP026_numerals-tido1248-1.csv,tido1248,tido1248,YES
PAP027_numerals-sahu1245-1.csv,sahu1245,sahu1245,YES
PAP028_numerals-waio1238-1.csv,waio1238,waio1238,YES
PAP029_barlowpacific-gamk1238-1.csv,gamk1238,gamk1238,YES
PAP030_barlowpacific-ibuu1240-1.csv,ibuu1240,ibuu1240,YES
PAP031_numerals-taba1263-1.csv,taba1263,taba1263,YES
PAP032_barlowpacific-modo1249-1.csv,modo1249,modo1249,YES
PAP033_barlowpacific-lolo1264-2.csv,lolo1264,lolo1264,YES
PAP034_numerals-pagu1249-1.csv,pagu1249,pagu1249,YES
PAP036_numerals-tobe1252-1.csv,tobe1252,tobe1252,YES
PAP037_numerals-tugu1246-1.csv,tugu1246,tugu1246,YES
PAP038_numerals-gale1259-1.csv,gale1259,gale1259,YES
PAP039_barlowpacific-west2600-8.csv,west2600,west2600,YES
PAP040_barlowpacific-duri1243-1.csv,duri1243,duri1243,YES
PAP041_numerals-suab1238-1.csv,suab1238,suab1238,YES
PAP042_barlowpacific-sege1235-2.csv,sege1235,sege1235,YES
PAP043_numerals-moii1235-1.csv,moii1235,moii1235,YES
PAP044_barlowpacific-kala1256-1.csv,kala1256,kala1256,YES
PAP045_barlowpacific-mora1239-1.csv,mora1239,mora1239,YES
PAP046_numerals-tehi1237-1.csv,tehi1237,tehi1237,YES
PAP047_barlowpacific-kond1303-1.csv,kond1303,kond1303,YES
PAP048_barlowpacific-yaha1248-1.csv,yaha1248,yaha1248,YES
PAP049_numerals-ihaa1241-1.csv,ihaa1241,ihaa1241,YES
PAP050_barlowpacific-baha1258-1.csv,baha1258,baha1258,YES
PAP051_numerals-kara1499-1.csv,kara1499,kara1499,YES
PAP052_barlowpacific-pura1253-1.csv,pura1253,pura1253,YES
PAP053_barlowpacific-kais1235-1.csv,kais1235,kais1235,YES
PAP054_numerals-koko1265-1.csv,koko1265,koko1265,YES
PAP055_barlowpacific-kabu1249-1.csv,kabu1249,kabu1249,YES
PAP056_barlowpacific-aran1237-1.csv,aran1237,aran1237,YES
PAP057_barlowpacific-kemb1235-2.csv,kemb1235,kemb1235,YES
PAP058_numerals-abun1252-1.csv,abun1252,abun1252,YES
PAP059_numerals-karo1303-1.csv,karo1303,karo1303,YES
PAP059_numerals-maib1239-1.csv,maib1239,maib1239,YES
PAP060_barlowpacific-morb1239-4.csv,morb1239,morb1239,YES
PAP061_numerals-mosk1236-1.csv,mosk1236,mosk1236,YES
PAP062_numerals-meya1236-1.csv,meya1236,meya1236,YES
PAP063_numerals-mani1235-1.csv,mani1235,mani1235,YES
PAP064_numerals-mpur1239-1.csv,mpur1239,mpur1239,YES
PAP065_barlowpacific-tana1288-1.csv,tana1288,tana1288,YES
PAP066_numerals-buru1308-1.csv,buru1308,buru1308,YES
PAP067_numerals-kamb1302-1.csv,kamb1302,kamb1302,YES
PAP068_barlowpacific-kamo1255-7.csv,kamo1255,kamo1255,YES
PAP069_barlowpacific-semp1241-1.csv,semp1241,semp1241,YES
PAP070_barlowpacific-nort2917-1.csv,nort2917,nort2917,YES
PAP071_barlowpacific-cent2117-3.csv,cent2117,cent2117,YES
PAP072_EDIT_barlowpacific-casu1237-1_EDIT.csv,casu1237,casu1237,YES
PAP073_barlowpacific-yaos1235-2.csv,yaos1235,yaos1235,YES
PAP074_barlowpacific-tamn1235-1.csv,tamn1235,tamn1235,YES
PAP076_numerals-cita1245-1.csv,cita1245,cita1245,YES
PAP077_numerals-sawi1257-1.csv,sawi1257,sawi1257,YES
PAP078_barlowpacific-asue1235-1.csv,asue1235,asue1235,YES
PAP079_barlowpacific-sout2941-3.csv,sout2941,sout2941,YES
PAP080_numerals-cent2118-1.csv,cent2118,cent2118,YES
PAP081_barlowpacific-eder1237-4.csv,eder1237,eder1237,YES
PAP082_barlowpacific-aghu1255-1.csv,aghu1255,aghu1255,YES
PAP084_barlowpacific-jair1235-1.csv,jair1235,jair1235,YES
PAP085_barlowpacific-komb1274-1.csv,komb1274,komb1274,YES
PAP086_numerals-wang1299-1.csv,wang1299,wang1299,YES
PAP087_barlowpacific-mand1445-3.csv,mand1445,mand1445,YES
PAP088_numerals-wamb1259-1.csv,wamb1259,wamb1259,YES
PAP089_barlowpacific-koke1241-1.csv,koke1241,koke1241,YES
PAP090_barlowpacific-ketu1238-1.csv,ketu1238,ketu1238,YES
PAP091_barlowpacific-mand1444-2.csv,mand1444,mand1444,YES
PAP092_numerals-koro1312-1.csv,koro1312,koro1312,YES
PAP093_numerals-tsak1250-1.csv,tsak1250,tsak1250,YES
PAP094_numerals-komy1238-1.csv,komy1238,komy1238,YES
PAP095_barlowpacific-kopk1238-1.csv,kopk1238,kopk1238,YES
PAP096_barlowpacific-kwer1265-1.csv,kwer1265,kwer1265,YES
PAP097_barlowpacific-buru1307-1.csv,buru1307,buru1307,YES
PAP098_numerals-tang1353-1.csv,tang1353,tang1353,YES
PAP099_numerals-naka1265-2.csv,naka1265,naka1265,YES
PAP100_barlowpacific-sout2940-2.csv,sout2940,sout2940,YES
PAP101_barlowpacific-nort2916-1.csv,nort2916,nort2916,YES
PAP102_numerals-ning1274-1.csv,ning1274,ning1274,YES
PAP103_numerals-yong1280-1.csv,yong1280,yong1280,YES
PAP104_numerals-iwur1240-1.csv,iwur1240,iwur1240,YES
PAP105_barlowpacific-ngal1298-1.csv,ngal1298,ngal1298,YES
PAP106_barlowpacific-suga1249-1.csv,suga1249,suga1249,YES
PAP107_numerals-tifa1245-1.csv,tifa1245,tifa1245,YES
PAP108_numerals-mian1256-1.csv,mian1256,mian1256,YES
PAP110_numerals-faiw1243-1.csv,faiw1243,faiw1243,YES
PAP111_barlowpacific-tele1256-2.csv,tele1256,tele1256,YES
PAP112_barlowpacific-seta1246-1.csv,seta1246,seta1246,YES
PAP113_barlowpacific-bimi1240-1.csv,bimi1240,bimi1240,YES
PAP114_numerals-oksa1245-2.csv,oksa1245,oksa1245,YES
PAP115_barlowpacific-ekar1243-5.csv,ekar1243,ekar1243,YES
PAP116_numerals-auye1238-1.csv,auye1238,auye1238,YES
PAP117_EDIT_numerals-daoo1238-1_EDIT.csv,daoo1238,daoo1238,YES
PAP118_barlowpacific-wola1243-1.csv,wola1243,wola1243,YES
PAP119_numerals-moni1261-1.csv,moni1261,moni1261,YES
PAP120_numerals-wano1243-1.csv,wano1243,wano1243,YES
PAP121_EDIT_numerals-west2594-1_EDIT.csv,west2594,west2594,YES
PAP122_numerals-wala1269-1.csv,wala1269,wala1269,YES
PAP123_EDIT_barlowpacific-uppe1430-1_EDIT.csv,uppe1430,uppe1430,YES
PAP124_barlowpacific-midg1235-1.csv,midg1235,midg1235,YES
PAP125_barlowpacific-lowe1415-1.csv,lowe1415,lowe1415,YES
PAP127_EDIT_numerals-ndug1245-1_EDIT.csv,ndug1245,ndug1245,YES
PAP128_EDIT_barlowpacific-sili1249-1_EDIT.csv,sili1249,sili1249,YES
PAP129_EDIT_barlowpacific-pass1247-1_EDIT.csv,pass1247,pass1247,YES
PAP130_numerals-nini1235-1.csv,nini1235,nini1235,YES
PAP131_barlowpacific-angg1239-1.csv,angg1239,angg1239,YES
PAP132_numerals-ngge1241-1.csv,ngge1241,ngge1241,YES
PAP133_numerals-kosa1249-1.csv,kosa1249,kosa1249,YES
PAP134_numerals-koru1245-1.csv,koru1245,koru1245,YES
PAP135_EDIT_barlowpacific-kora1298-1_EDIT.csv,kora1298,kora1298,YES
PAP136_numerals-nips1240-1.csv,nips1240,nips1240,YES
PAP137_EDIT_numerals-nalc1240-1_EDIT.csv,nalc1240,nalc1240,YES
PAP138_numerals-eipo1242-1.csv,eipo1242,eipo1242,YES
PAP139_numerals-unaa1239-1.csv,unaa1239,unaa1239,YES
PAP140_numerals-kete1254-1.csv,kete1254,kete1254,YES
PAP141_barlowpacific-huli1244-1.csv,huli1244,huli1244,YES
PAP142_barlowpacific-anga1292-1.csv,anga1292,anga1292,YES
PAP143_barlowpacific-anga1294-1.csv,anga1294,anga1294,YES
PAP144_barlowpacific-anga1293-1.csv,anga1293,anga1293,YES
PAP145_numerals-west2599-1.csv,west2599,west2599,YES
PAP146_barlowpacific-erav1244-1.csv,erav1244,erav1244,YES
PAP147_barlowpacific-east2516-1.csv,east2516,east2516,YES
PAP148_barlowpacific-samb1321-2.csv,samb1321,samb1321,YES
PAP149_barlowpacific-nete1240-1.csv,nete1240,nete1240,YES
PAP150_numerals-ipil1240-1.csv,ipil1240,ipil1240,YES
PAP151_barlowpacific-biso1243-1.csv,biso1243,biso1243,YES
PAP152_barlowpacific-enga1252-3.csv,enga1252,enga1252,YES
PAP153_barlowpacific-lemb1266-2.csv,lemb1266,lemb1266,YES
PAP154_barlowpacific-kyak1244-2.csv,kyak1244,kyak1244,YES
PAP155_barlowpacific-umbu1258-1.csv,umbu1258,umbu1258,YES
PAP156_barlowpacific-imbo1238-1.csv,imbo1238,imbo1238,YES
PAP157_numerals-boun1245-1.csv,boun1245,boun1245,YES
PAP158_barlowpacific-melp1238-1.csv,melp1238,melp1238,YES
PAP159_barlowpacific-niii1240-2.csv,niii1240,niii1240,YES
PAP160_barlowpacific-nucl1620-1.csv,nucl1620,nucl1620,YES
PAP161_EDIT_barlowpacific-nort2921-1_EDIT.csv,nort2921,nort2921,YES
PAP162_barlowpacific-mari1435-2.csv,mari1435,mari1435,YES
PAP163_barlowpacific-nara1264-2.csv,nara1264,nara1264,YES
PAP164_numerals-kand1303-1.csv,kand1303,kand1303,YES
PAP165_numerals-goli1247-1.csv,goli1247,goli1247,YES
PAP166_numerals-domm1246-1.csv,domm1246,domm1246,YES
PAP167_numerals-kuma1280-1.csv,kuma1280,kuma1280,YES
PAP168_numerals-salt1242-1.csv,salt1242,salt1242,YES
PAP169_numerals-sina1271-1.csv,sina1271,sina1271,YES
PAP170_barlowpacific-noma1262-1.csv,noma1262,noma1262,YES
PAP171_numerals-chua1250-1.csv,chua1250,chua1250,YES
PAP172_barlowpacific-kobo1249-2.csv,kobo1249,kobo1249,YES
PAP173_barlowpacific-kala1397-1.csv,kala1397,kala1397,YES
PAP174_numerals-taii1241-1.csv,taii1241,taii1241,YES
PAP175_barlowpacific-gant1244-1.csv,gant1244,gant1244,YES
PAP176_barlowpacific-magi1243-2.csv,magi1243,magi1243,YES
PAP177_barlowpacific-musa1266-2.csv,musa1266,musa1266,YES
PAP178_barlowpacific-fait1240-2.csv,fait1240,fait1240,YES
PAP179_barlowpacific-atem1241-2.csv,atem1241,atem1241,YES
PAP180_numerals-payn1244-1.csv,payn1244,payn1244,YES
PAP181_barlowpacific-nend1239-1.csv,nend1239,nend1239,YES
PAP182_numerals-apal1256-1.csv,apal1256,apal1256,YES
PAP184_numerals-mumm1238-1.csv,mumm1238,mumm1238,YES
PAP185_barlowpacific-sile1255-2.csv,sile1255,sile1255,YES
PAP186_barlowpacific-utar1238-1.csv,utar1238,utar1238,YES
PAP187_barlowpacific-wada1263-1.csv,wada1263,wada1263,YES
PAP188_barlowpacific-more1258-1.csv,more1258,more1258,YES
PAP189_barlowpacific-anam1248-1.csv,anam1248,anam1248,YES
PAP190_barlowpacific-anam1247-1.csv,anam1247,anam1247,YES
PAP191_barlowpacific-mala1494-1.csv,mala1494,mala1494,YES
PAP192_numerals-maia1254-1.csv,maia1254,maia1254,YES
PAP193_barlowpacific-maia1253-2.csv,maia1253,maia1253,YES
PAP194_EDIT_barlowpacific-mian1254-1_EDIT.csv,mian1254,mian1254,YES
PAP195_barlowpacific-mawa1266-1.csv,mawa1266,mawa1266,YES
PAP196_numerals-pamo1253-1.csv,pamo1253,pamo1253,YES
PAP197_barlowpacific-mauw1238-1.csv,mauw1238,mauw1238,YES
PAP198_barlowpacific-kowa1245-1.csv,kowa1245,kowa1245,YES
PAP199_barlowpacific-musa1265-1.csv,musa1265,musa1265,YES
PAP200_barlowpacific-wana1269-1.csv,wana1269,wana1269,YES
PAP201_barlowpacific-bepo1240-1.csv,bepo1240,bepo1240,YES
PAP202_barlowpacific-moer1240-1.csv,moer1240,moer1240,YES
PAP203_barlowpacific-yabe1255-1.csv,yabe1255,yabe1255,YES
PAP204_numerals-usan1239-1.csv,usan1239,usan1239,YES
PAP205_barlowpacific-para1307-1.csv,para1307,para1307,YES
PAP206_barlowpacific-yara1250-1.csv,yara1250,yara1250,YES
PAP207_barlowpacific-ukur1240-1.csv,ukur1240,ukur1240,YES
PAP208_barlowpacific-bila1257-1.csv,bila1257,bila1257,YES
PAP209_barlowpacific-brem1238-2.csv,brem1238,brem1238,YES
PAP210_barlowpacific-mala1495-1.csv,mala1495,mala1495,YES
PAP211_barlowpacific-dimi1244-1.csv,dimi1244,dimi1244,YES
PAP212_barlowpacific-kora1296-1.csv,kora1296,kora1296,YES
PAP213_numerals-wask1241-2.csv,wask1241,wask1241,YES
PAP214_barlowpacific-pall1244-1.csv,pall1244,pall1244,YES
PAP215_barlowpacific-kobo1248-1.csv,kobo1248,kobo1248,YES
PAP216_barlowpacific-amai1246-1.csv,amai1246,amai1246,YES
PAP217_numerals-gira1247-1.csv,gira1247,gira1247,YES
PAP218_numerals-kein1239-1.csv,kein1239,kein1239,YES
PAP219_barlowpacific-muni1257-1.csv,muni1257,muni1257,YES
PAP220_barlowpacific-kare1341-1.csv,kare1341,kare1341,YES
PAP221_barlowpacific-utuu1240-1.csv,utuu1240,utuu1240,YES
PAP222_barlowpacific-saru1243-1.csv,saru1243,saru1243,YES
PAP223_barlowpacific-silo1240-1.csv,silo1240,silo1240,YES
PAP224_barlowpacific-mawa1267-1.csv,mawa1267,mawa1267,YES
PAP225_barlowpacific-bagu1252-1.csv,bagu1252,bagu1252,YES
PAP226_barlowpacific-samo1306-1.csv,samo1306,samo1306,YES
PAP227_barlowpacific-wama1247-1.csv,wama1247,wama1247,YES
PAP228_barlowpacific-mosi1248-1.csv,mosi1248,mosi1248,YES
PAP229_barlowpacific-muru1273-1.csv,muru1273,muru1273,YES
PAP230_barlowpacific-baim1245-1.csv,baim1245,baim1245,YES
PAP231_barlowpacific-gall1278-1.csv,gall1278,gall1278,YES
PAP232_numerals-nobo1238-1.csv,nobo1238,nobo1238,YES
PAP233_barlowpacific-wagi1249-2.csv,wagi1249,wagi1249,YES
PAP234_barlowpacific-mate1260-1.csv,mate1260,mate1260,YES
PAP235_barlowpacific-nake1240-1.csv,nake1240,nake1240,YES
PAP236_barlowpacific-rapt1240-1.csv,rapt1240,rapt1240,YES
PAP237_barlowpacific-garu1246-2.csv,garu1246,garu1246,YES
PAP238_barlowpacific-yoid1240-1.csv,yoid1240,yoid1240,YES
PAP239_barlowpacific-remp1241-2.csv,remp1241,remp1241,YES
PAP240_barlowpacific-siha1245-1.csv,siha1245,siha1245,YES
PAP241_numerals-bauu1244-1.csv,bauu1244,bauu1244,YES
PAP242_barlowpacific-guma1255-1.csv,guma1255,guma1255,YES
PAP243_numerals-amel1241-1.csv,amel1241,amel1241,YES
PAP244_barlowpacific-iseb1246-1.csv,iseb1246,iseb1246,YES
PAP245_barlowpacific-pani1258-1.csv,pani1258,pani1258,YES
PAP246_barlowpacific-yamb1257-1.csv,yamb1257,yamb1257,YES
PAP247_numerals-barg1252-1.csv,barg1252,barg1252,YES
PAP248_barlowpacific-biyo1244-1.csv,biyo1244,biyo1244,YES
PAP249_numerals-tauy1241-1.csv,tauy1241,tauy1241,YES
PAP250_barlowpacific-wase1252-1.csv,wase1252,wase1252,YES
PAP251_numerals-sopp1247-1.csv,sopp1247,sopp1247,YES
PAP252_barlowpacific-dana1254-1.csv,dana1254,dana1254,YES
PAP253_barlowpacific-suma1270-1.csv,suma1270,suma1270,YES
PAP254_barlowpacific-urig1240-1.csv,urig1240,urig1240,YES
PAP255_barlowpacific-uyaa1238-1.csv,uyaa1238,uyaa1238,YES
PAP256_barlowpacific-kwat1244-1.csv,kwat1244,kwat1244,YES
PAP257_barlowpacific-dudu1240-1.csv,dudu1240,dudu1240,YES
PAP258_barlowpacific-ogea1238-1.csv,ogea1238,ogea1238,YES
PAP259_barlowpacific-yang1298-1.csv,yang1298,yang1298,YES
PAP260_barlowpacific-saus1246-1.csv,saus1246,saus1246,YES
PAP261_barlowpacific-kesa1244-1.csv,kesa1244,kesa1244,YES
PAP262_numerals-sins1241-1.csv,sins1241,sins1241,YES
PAP263_barlowpacific-dump1243-1.csv,dump1243,dump1243,YES
PAP264_barlowpacific-jili1241-1.csv,jili1241,jili1241,YES
PAP265_barlowpacific-rera1240-1.csv,rera1240,rera1240,YES
PAP266_barlowpacific-anja1238-1.csv,anja1238,anja1238,YES
PAP267_barlowpacific-male1291-3.csv,male1291,male1291,YES
PAP268_barlowpacific-bong1291-1.csv,bong1291,bong1291,YES
PAP269_numerals-samm1244-1.csv,samm1244,samm1244,YES
PAP270_barlowpacific-pula1267-1.csv,pula1267,pula1267,YES
PAP271_barlowpacific-araw1272-1.csv,araw1272,araw1272,YES
PAP272_numerals-siro1249-1.csv,siro1249,siro1249,YES
PAP273_barlowpacific-kolo1267-2.csv,kolo1267,kolo1267,YES
PAP274_barlowpacific-lemi1243-1.csv,lemi1243,lemi1243,YES
PAP275_numerals-saep1240-1.csv,saep1240,saep1240,YES
PAP277_barlowpacific-gang1270-1.csv,gang1270,gang1270,YES
PAP278_barlowpacific-yabo1240-1.csv,yabo1240,yabo1240,YES
PAP280_barlowpacific-gend1249-1.csv,gend1249,gend1249,YES
PAP281_barlowpacific-gimi1243-1.csv,gimi1243,gimi1243,YES
PAP282_numerals-fore1270-1.csv,fore1270,fore1270,YES
PAP283_barlowpacific-sian1257-2.csv,sian1257,sian1257,YES
PAP284_barlowpacific-yawe1241-2.csv,yawe1241,yawe1241,YES
PAP285_numerals-yaga1260-1.csv,yaga1260,yaga1260,YES
PAP286_numerals-keya1238-1.csv,keya1238,keya1238,YES
PAP287_barlowpacific-bena1264-3.csv,bena1264,bena1264,YES
PAP288_EDIT_numerals-inok1238-1_EDIT.csv,inok1238,inok1238,YES
PAP289_barlowpacific-kani1286-1.csv,kani1286,kani1286,YES
PAP290_barlowpacific-abag1245-1.csv,abag1245,abag1245,YES
PAP291_barlowpacific-kama1370-3.csv,kama1370,kama1370,YES
PAP292_numerals-dano1240-1.csv,dano1240,dano1240,YES
PAP293_barlowpacific-toka1244-1.csv,toka1244,toka1244,YES
PAP294_barlowpacific-alek1238-3.csv,alek1238,alek1238,YES
PAP295_barlowpacific-isab1240-1.csv,isab1240,isab1240,YES
PAP296_numerals-usar1243-1.csv,usar1243,usar1243,YES
PAP297_barlowpacific-awap1236-1.csv,awap1236,awap1236,YES
PAP298_barlowpacific-awiy1238-1.csv,awiy1238,awiy1238,YES
PAP300_numerals-agar1252-1.csv,agar1252,agar1252,YES
PAP301_numerals-gads1258-1.csv,gads1258,gads1258,YES
PAP302_barlowpacific-sout2943-1.csv,sout2943,sout2943,YES
PAP303_numerals-nort2920-2.csv,nort2920,nort2920,YES
PAP304_numerals-waff1241-1.csv,waff1241,waff1241,YES
PAP305_EDIT_numerals-binu1245-1_EDIT.csv,binu1245,binu1245,YES
PAP308_numerals-rawa1267-1.csv,rawa1267,rawa1267,YES
PAP309_numerals-iyoo1238-1.csv,iyoo1238,iyoo1238,YES
PAP310_barlowpacific-ufim1240-2.csv,ufim1240,ufim1240,YES
PAP311_barlowpacific-nekg1240-1.csv,nekg1240,nekg1240,YES
PAP312_barlowpacific-neko1240-1.csv,neko1240,neko1240,YES
PAP313_numerals-ngai1241-1.csv,ngai1241,ngai1241,YES
PAP314_numerals-madi1261-1.csv,madi1261,madi1261,YES
PAP315_numerals-mapa1244-1.csv,mapa1244,mapa1244,YES
PAP316_barlowpacific-nank1250-1.csv,nank1250,nank1250,YES
PAP318_numerals-yopn1238-1.csv,yopn1238,yopn1238,YES
PAP319_barlowpacific-domu1246-1.csv,domu1246,domu1246,YES
PAP320_barlowpacific-bonk1244-1.csv,bonk1244,bonk1244,YES
PAP321_numerals-awar1248-1.csv,awar1248,awar1248,YES
PAP322_numerals-want1252-1.csv,want1252,want1252,YES
PAP323_numerals-tuma1250-1.csv,tuma1250,tuma1250,YES
PAP326_EDIT_barlowpacific-gwah1244-1.csv,gwah1244,gwah1244,YES
PAP327_barlowpacific-asar1240-1.csv,asar1240,asar1240,YES
PAP328_barlowpacific-mole1239-1.csv,mole1239,mole1239,YES
PAP329_EDIT_barlowpacific-mura1271-1.csv,mura1271,mura1271,YES
PAP330_EDIT_barlowpacific-fora1245-1.csv,fora1245,fora1245,YES
PAP331_barlowpacific-dege1247-1.csv,dege1247,dege1247,YES
PAP332_barlowpacific-yago1240-1.csv,yago1240,yago1240,YES
PAP333_barlowpacific-mama1277-1.csv,mama1277,mama1277,YES
PAP334_barlowpacific-fino1238-1.csv,fino1238,fino1238,YES
PAP335_barlowpacific-gusa1246-1.csv,gusa1246,gusa1246,YES
PAP336_barlowpacific-urii1240-2.csv,urii1240,urii1240,YES
PAP337_barlowpacific-nimi1240-1.csv,nimi1240,nimi1240,YES
PAP338_EDIT_numerals-sauk1252-1_EDIT.csv,sauk1252,sauk1252,YES
PAP339_numerals-numa1254-1.csv,numa1254,numa1254,YES
PAP340_barlowpacific-mung1272-1.csv,mung1272,mung1272,YES
PAP341_barlowpacific-naka1264-2.csv,naka1264,naka1264,YES
PAP342_EDIT_numerals-nekk1240-1_EDIT.csv,nekk1240,nekk1240,YES
PAP343_barlowpacific-nukk1240-1.csv,nukk1240,nukk1240,YES
PAP344_barlowpacific-somm1240-1.csv,somm1240,somm1240,YES
PAP345_numerals-saka1292-1.csv,saka1292,saka1292,YES
PAP346_barlowpacific-yaum1237-1.csv,yaum1237,yaum1237,YES
PAP347_EDIT_numerals-nukn1238-1_EDIT.csv,nukn1238,nukn1238,YES
PAP348_barlowpacific-weli1239-1.csv,weli1239,weli1239,YES
PAP349_numerals-naba1256-1.csv,naba1256,naba1256,YES
PAP350_barlowpacific-mese1244-1.csv,mese1244,mese1244,YES
PAP351_numerals-buru1306-1.csv,buru1306,buru1306,YES
PAP352_numerals-boro1279-1.csv,boro1279,boro1279,YES
PAP353_numerals-kube1244-1.csv,kube1244,kube1244,YES
PAP354_numerals-dedu1240-1.csv,dedu1240,dedu1240,YES
PAP355_numerals-timb1251-1.csv,timb1251,timb1251,YES
PAP356_EDIT_numerals-sele1250-1_EDIT.csv,sele1250,sele1250,YES
PAP357_numerals-komb1273-1.csv,komb1273,komb1273,YES
PAP358_barlowpacific-kumu1247-1.csv,kumu1247,kumu1247,YES
PAP359_barlowpacific-kina1251-1.csv,kina1251,kina1251,YES
PAP360_barlowpacific-nomu1240-1.csv,nomu1240,nomu1240,YES
PAP361_barlowpacific-sial1240-1.csv,sial1240,sial1240,YES
PAP362_numerals-onoo1246-1.csv,onoo1246,onoo1246,YES
PAP363_numerals-mape1249-1.csv,mape1249,mape1249,YES
PAP364_numerals-miga1241-1.csv,miga1241,miga1241,YES
PAP365_numerals-kate1253-1.csv,kate1253,kate1253,YES
PAP366_barlowpacific-moma1243-1.csv,moma1243,moma1243,YES
PAP367_barlowpacific-sene1263-1.csv,sene1263,sene1263,YES
PAP368_barlowpacific-kova1243-1.csv,kova1243,kova1243,YES
PAP369_numerals-guhu1244-1.csv,guhu1244,guhu1244,YES
PAP370_numerals-yeko1240-1.csv,yeko1240,yeko1240,YES
PAP371_numerals-suen1241-1.csv,suen1241,suen1241,YES
PAP372_numerals-ziaa1250-1.csv,ziaa1250,ziaa1250,YES
PAP373_barlowpacific-bina1277-4.csv,bina1277,bina1277,YES
PAP374_barlowpacific-hunj1241-1.csv,hunj1241,hunj1241,YES
PAP375_barlowpacific-aeka1244-1.csv,aeka1244,aeka1244,YES
PAP376_numerals-orok1269-1.csv,orok1269,orok1269,YES
PAP377_barlowpacific-ewag1241-2.csv,ewag1241,ewag1241,YES
PAP378_EDIT_barlowpacific-gain1243-1_EDIT.csv,gain1243,gain1243,YES
PAP379_barlowpacific-baru1269-1.csv,baru1269,baru1269,YES
PAP380_barlowpacific-dogh1241-1.csv,dogh1241,dogh1241,YES
PAP381_barlowpacific-kora1294-1.csv,kora1294,kora1294,YES
PAP382_barlowpacific-mans1260-1.csv,mans1260,mans1260,YES
PAP383_numerals-hata1243-1.csv,hata1243,hata1243,YES
PAP384_numerals-nucl1594-1.csv,nucl1594,nucl1594,YES
PAP385_numerals-semi1264-1.csv,semi1264,semi1264,YES
PAP386_numerals-merr1239-1.csv,merr1239,merr1239,YES
PAP387_barlowpacific-tung1293-2.csv,tung1293,tung1293,YES
PAP388_EDIT_numerals-bura1276-1_EDIT.csv,bura1276,bura1276,YES
PAP389_numerals-wori1246-1.csv,wori1246,wori1246,YES
PAP390_numerals-demi1242-1.csv,demi1242,demi1242,YES
PAP391_numerals-tefa1238-1.csv,tefa1238,tefa1238,YES
PAP392_numerals-saur1251-1.csv,saur1251,saur1251,YES
PAP393_numerals-kofe1239-1.csv,kofe1239,kofe1239,YES
PAP394_numerals-bara1375-1.csv,bara1375,bara1375,YES
PAP395_numerals-nisa1239-1.csv,nisa1239,nisa1239,YES
PAP396_EDIT_numerals-bauz1241-1_EDIT.csv,bauz1241,bauz1241,YES
PAP397_numerals-awer1241-1.csv,awer1241,awer1241,YES
PAP398_numerals-rasa1243-1.csv,rasa1243,rasa1243,YES
PAP399_numerals-sapo1254-1.csv,sapo1254,sapo1254,YES
PAP400_numerals-fayu1238-1.csv,fayu1238,fayu1238,YES
PAP401_numerals-taus1252-1.csv,taus1252,taus1252,YES
PAP402_numerals-kiri1256-1.csv,kiri1256,kiri1256,YES
PAP403_numerals-edop1238-2.csv,edop1238,edop1238,YES
PAP404_numerals-biri1259-1.csv,biri1259,biri1259,YES
PAP405_numerals-iauu1242-1.csv,iauu1242,iauu1242,YES
PAP406_numerals-obok1239-1.csv,obok1239,obok1239,YES
PAP407_numerals-duvl1242-1.csv,duvl1242,duvl1242,YES
PAP408_numerals-erit1239-1.csv,erit1239,erit1239,YES
PAP409_barlowpacific-kwer1264-1.csv,kwer1264,kwer1264,YES
PAP410_numerals-kaiy1239-1.csv,kaiy1239,kaiy1239,YES
PAP411_numerals-dout1240-1.csv,dout1240,dout1240,YES
PAP412_numerals-sika1263-1.csv,sika1263,sika1263,YES
PAP413_numerals-wari1264-1.csv,wari1264,wari1264,YES
PAP414_numerals-papa1269-1.csv,papa1269,papa1269,YES
PAP415_numerals-tawo1244-1.csv,tawo1244,tawo1244,YES
PAP416_numerals-foau1240-1.csv,foau1240,foau1240,YES
PAP417_barlowpacific-kehu1238-1.csv,kehu1238,kehu1238,YES
PAP418_numerals-nucl1454-1.csv,nucl1454,nucl1454,YES
PAP419_barlowpacific-sawe1240-1.csv,sawe1240,sawe1240,YES
PAP420_numerals-dama1272-1.csv,dama1272,dama1272,YES
PAP421_barlowpacific-demm1245-2.csv,demm1245,demm1245,YES
PAP422_barlowpacific-bagu1251-1.csv,bagu1251,bagu1251,YES
PAP423_barlowpacific-trim1239-1.csv,trim1239,trim1239,YES
PAP424_numerals-kauw1242-1.csv,kauw1242,kauw1242,YES
PAP425_barlowpacific-airo1242-1.csv,airo1242,airo1242,YES
PAP426_barlowpacific-sama1240-1.csv,sama1240,sama1240,YES
PAP427_numerals-kwer1263-1.csv,kwer1263,kwer1263,YES
PAP428_numerals-nucl1595-1.csv,nucl1595,nucl1595,YES
PAP429_numerals-isir1237-1.csv,isir1237,isir1237,YES
PAP430_barlowpacific-ndom1245-1.csv,ndom1245,ndom1245,YES
PAP431_barlowpacific-kima1246-1.csv,kima1246,kima1246,YES
PAP432_barlowpacific-rian1263-1.csv,rian1263,rian1263,YES
PAP433_numerals-kone1241-1.csv,kone1241,kone1241,YES
PAP434_barlowpacific-nucl1452-1.csv,nucl1452,nucl1452,YES
PAP435_barlowpacific-burm1264-1.csv,burm1264,burm1264,YES
PAP436_barlowpacific-mass1263-1.csv,mass1263,mass1263,YES
PAP437_EDIT_barlowpacific-wark1247-1_EDIT.csv,wark1247,wark1247,YES
PAP438_barlowpacific-yaqa1246-5.csv,yaqa1246,yaqa1246,YES
PAP439_numerals-nucl1622-1.csv,nucl1622,nucl1622,YES
PAP440_numerals-bian1251-1.csv,bian1251,bian1251,YES
PAP441_numerals-kuni1265-1.csv,kuni1265,kuni1265,YES
PAP442_barlowpacific-zima1244-1.csv,zima1244,zima1244,YES
PAP444_barlowpacific-maka1315-2.csv,maka1315,maka1315,YES
PAP445_numerals-bitu1242-1.csv,bitu1242,bitu1242,YES
PAP446_numerals-abom1238-1.csv,abom1238,abom1238,YES
PAP447_barlowpacific-muba1238-1.csv,muba1238,muba1238,YES
PAP448_barlowpacific-bara1378-1.csv,bara1378,bara1378,YES
PAP449_EDIT_barlowpacific-mahi1249-1_EDIT.csv,mahi1249,mahi1249,YES
PAP452_barlowpacific-mina1274-1.csv,mina1274,mina1274,YES
PAP453_barlowpacific-ipik1244-1.csv,ipik1244,ipik1244,YES
PAP454_barlowpacific-atoh1238-3.csv,atoh1238,atoh1238,YES
PAP455_numerals-tama1336-1.csv,tama1336,tama1336,YES
PAP456_numerals-kaya1328-1.csv,kaya1328,kaya1328,YES
PAP457_numerals-mand1443-1.csv,mand1443,mand1443,YES
PAP458_barlowpacific-kwes1245-1.csv,kwes1245,kwes1245,YES
PAP459_numerals-beri1254-1.csv,beri1254,beri1254,YES
PAP460_barlowpacific-kede1239-1.csv,kede1239,kede1239,YES
PAP461_barlowpacific-vito1235-2.csv,vito1235,vito1235,YES
PAP462_barlowpacific-dabe1239-1.csv,dabe1239,dabe1239,YES
PAP463_barlowpacific-bone1255-1.csv,bone1255,bone1255,YES
PAP464_barlowpacific-beta1253-1.csv,beta1253,beta1253,YES
PAP466_barlowpacific-itik1240-1.csv,itik1240,itik1240,YES
PAP468_barlowpacific-mare1261-1.csv,mare1261,mare1261,YES
PAP469_barlowpacific-orya1242-2.csv,orya1242,orya1242,YES
PAP470_barlowpacific-abin1243-1.csv,abin1243,abin1243,YES
PAP471_barlowpacific-wana1273-3.csv,wana1273,wana1273,YES
PAP472_barlowpacific-makl1246-2.csv,makl1246,makl1246,YES
PAP473_barlowpacific-yelm1242-4.csv,yelm1242,yelm1242,YES
PAP474_numerals-momu1241-2.csv,momu1241,momu1241,YES
PAP476_EDIT_numerals-bayo1260-1_EDIT.csv,bayo1260,bayo1260,YES
PAP477_barlowpacific-awbo1238-1.csv,awbo1238,awbo1238,YES
PAP478_numerals-saus1247-1.csv,saus1247,saus1247,YES
PAP479_barlowpacific-mawe1251-1.csv,mawe1251,mawe1251,YES
PAP480_EDIT_barlowpacific-kapo1250-1_EDIT.csv,kapo1250,kapo1250,YES
PAP481_numerals-kaur1271-1.csv,kaur1271,kaur1271,YES
PAP482_EDIT_barlowpacific-kosa1251-2_EDIT.csv,kosa1251,kosa1251,YES
PAP483_barlowpacific-demt1241-1.csv,demt1241,demt1241,YES
PAP484_barlowpacific-tabl1243-1.csv,tabl1243,tabl1243,YES
PAP485_numerals-nucl1632-1.csv,nucl1632,nucl1632,YES
PAP486_barlowpacific-nafr1241-1.csv,nafr1241,nafr1241,YES
PAP487_numerals-nucl1633-1.csv,nucl1633,nucl1633,YES
PAP488_barlowpacific-mlap1238-1.csv,mlap1238,mlap1238,YES
PAP489_barlowpacific-gres1240-1.csv,gres1240,gres1240,YES
PAP490_barlowpacific-mekw1241-1.csv,mekw1241,mekw1241,YES
PAP491_numerals-kemt1242-1.csv,kemt1242,kemt1242,YES
PAP492_barlowpacific-else1239-1.csv,else1239,else1239,YES
PAP495_barlowpacific-murk1238-1.csv,murk1238,murk1238,YES
PAP496_barlowpacific-usku1243-1.csv,usku1243,usku1243,YES
PAP497_barlowpacific-molo1262-1.csv,molo1262,molo1262,YES
PAP498_barlowpacific-tofa1246-1.csv,tofa1246,tofa1246,YES
PAP499_barlowpacific-naml1240-2.csv,naml1240,naml1240,YES
PAP500_barlowpacific-awyi1241-5.csv,awyi1241,awyi1241,YES
PAP501_barlowpacific-taik1255-1.csv,taik1255,taik1255,YES
PAP502_barlowpacific-seng1285-1.csv,seng1285,seng1285,YES
PAP503_barlowpacific-sowa1245-1.csv,sowa1245,sowa1245,YES
PAP504_barlowpacific-wari1266-4.csv,wari1266,wari1266,YES
PAP505_barlowpacific-mane1266-1.csv,mane1266,mane1266,YES
PAP507_EDIT_barlowpacific-umed1238-1_EDIT.csv,umed1238,umed1238,YES
PAP508_barlowpacific-imon1245-1.csv,imon1245,imon1245,YES
PAP509_barlowpacific-aman1265-1.csv,aman1265,aman1265,YES
PAP510_numerals-kilm1241-1.csv,kilm1241,kilm1241,YES
PAP511_barlowpacific-daon1243-1.csv,daon1243,daon1243,YES
PAP512_barlowpacific-pagi1244-1.csv,pagi1244,pagi1244,YES
PAP513_barlowpacific-auwe1239-1.csv,auwe1239,auwe1239,YES
PAP514_barlowpacific-ning1275-1.csv,ning1275,ning1275,YES
PAP515_barlowpacific-yetf1238-1.csv,yetf1238,yetf1238,YES
PAP516_barlowpacific-moro1289-1.csv,moro1289,moro1289,YES
PAP517_EDIT_barlowpacific-badi1247-1.csv,badi1247,badi1247,YES
PAP518_barlowpacific-ngka1235-1.csv,ngka1235,ngka1235,YES
PAP519_numerals-yeii1239-1.csv,yeii1239,yeii1239,YES
PAP520_numerals-smar1235-1.csv,smar1235,smar1235,YES
PAP521_numerals-sota1242-1.csv,sota1242,sota1242,YES
PAP522_EDIT_barlowpacific-rema1238-1_EDIT.csv,rema1238,rema1238,YES
PAP523_numerals-blaf1238-1.csv,blaf1238,blaf1238,YES
PAP524_EDIT_barlowpacific-gunt1241-1.csv,gunt1241,gunt1241,YES
PAP525_barlowpacific-kunj1246-1.csv,kunj1246,kunj1246,YES
PAP526_numerals-aram1253-1.csv,aram1253,aram1253,YES
PAP527_EDIT_barlowpacific-wara1294-2_EDIT.csv,wara1294,wara1294,YES
PAP528_EDIT_barlowpacific-nama1267-1_EDIT.csv,nama1267,nama1267,YES
PAP529_EDIT_barlowpacific-dree1234-1.csv,dree1234,dree1234,YES
PAP530_numerals-nama1266-1.csv,nama1266,nama1266,YES
PAP531_barlowpacific-namo1246-1.csv,namo1246,namo1246,YES
PAP532_barlowpacific-neme1244-1.csv,neme1244,neme1244,YES
PAP533_barlowpacific-namb1293-1.csv,namb1293,namb1293,YES
PAP534_numerals-nenn1238-1.csv,nenn1238,nenn1238,YES
PAP535_EDIT_barlowpacific-lenn1234-1_EDIT.csv,lenn1234,lenn1234,YES
PAP536_barlowpacific-dubu1240-1.csv,dubu1240,dubu1240,YES
PAP537_barlowpacific-towe1240-1.csv,towe1240,towe1240,YES
PAP538_barlowpacific-yafi1240-1.csv,yafi1240,yafi1240,YES
PAP539_barlowpacific-emum1240-1.csv,emum1240,emum1240,YES
PAP540_barlowpacific-kark1258-1.csv,kark1258,kark1258,YES
PAP541_numerals-kimk1238-1.csv,kimk1238,kimk1238,YES
PAP542_barlowpacific-nucl1634-2.csv,nucl1634,nucl1634,YES
PAP543_numerals-wutu1244-1.csv,wutu1244,wutu1244,YES
PAP544_barlowpacific-vani1248-1.csv,vani1248,vani1248,YES
PAP545_barlowpacific-kris1246-1.csv,kris1246,kris1246,YES
PAP546_barlowpacific-rawo1244-1.csv,rawo1244,rawo1244,YES
PAP547_barlowpacific-leit1234-1.csv,leit1234,leit1234,YES
PAP548_barlowpacific-puar1240-1.csv,puar1240,puar1240,YES
PAP550_barlowpacific-boun1246-1.csv,boun1246,boun1246,YES
PAP551_barlowpacific-wara1302-3.csv,wara1302,wara1302,YES
PAP552_EDIT_barlowpacific-unii1234-1_EDIT.csv,unii1234,unii1234,YES
PAP553_barlowpacific-dera1245-2.csv,dera1245,dera1245,YES
PAP554_barlowpacific-ango1254-3.csv,ango1254,ango1254,YES
PAP555_barlowpacific-pyuu1245-1.csv,pyuu1245,pyuu1245,YES
PAP556_numerals-naii1241-1.csv,naii1241,naii1241,YES
PAP557_numerals-nucl1593-1.csv,nucl1593,nucl1593,YES
PAP558_barlowpacific-abau1245-4.csv,abau1245,abau1245,YES
PAP559_barlowpacific-akkk1240-1.csv,akkk1240,akkk1240,YES
PAP560_numerals-nami1256-1.csv,nami1256,nami1256,YES
PAP561_EDIT_barlowpacific-iwam1256-1_EDIT.csv,iwam1256,iwam1256,YES
PAP562_numerals-pouy1238-1.csv,pouy1238,pouy1238,YES
PAP563_barlowpacific-awtu1239-1.csv,awtu1239,awtu1239,YES
PAP564_barlowpacific-amal1242-1.csv,amal1242,amal1242,YES
PAP565_barlowpacific-awun1245-1.csv,awun1245,awun1245,YES
PAP566_barlowpacific-kara1495-1.csv,kara1495,kara1495,YES
PAP567_EDIT_barlowpacific-sepi1255-1_EDIT.csv,sepi1255,sepi1255,YES
PAP568_barlowpacific-kalo1262-1.csv,kalo1262,kalo1262,YES
PAP569_barlowpacific-pahi1246-1.csv,pahi1246,pahi1246,YES
PAP571_barlowpacific-chen1259-1.csv,chen1259,chen1259,YES
PAP572_barlowpacific-sani1270-2.csv,sani1270,sani1270,YES
PAP573_EDIT_barlowpacific-woga1249-1_EDIT.csv,woga1249,woga1249,YES
PAP575_barlowpacific-niks1238-1.csv,niks1238,niks1238,YES
PAP577_numerals-mehe1243-1.csv,mehe1243,mehe1243,YES
PAP579_numerals-hewa1241-1.csv,hewa1241,hewa1241,YES
PAP580_numerals-yess1239-1.csv,yess1239,yess1239,YES
PAP581_numerals-kwom1262-1.csv,kwom1262,kwom1262,YES
PAP582_numerals-mend1268-1.csv,mend1268,mend1268,YES
PAP583_numerals-kwan1278-1.csv,kwan1278,kwan1278,YES
PAP585_barlowpacific-piam1243-2.csv,piam1243,piam1243,YES
PAP586_numerals-bahi1254-1.csv,bahi1254,bahi1254,YES
PAP592_barlowpacific-kapr1245-2.csv,kapr1245,kapr1245,YES
PAP593_numerals-alam1246-1.csv,alam1246,alam1246,YES
PAP594_numerals-odia1239-1.csv,odia1239,odia1239,YES
PAP595_barlowpacific-amto1250-1.csv,amto1250,amto1250,YES
PAP596_numerals-siaw1243-1.csv,siaw1243,siaw1243,YES
PAP597_barlowpacific-baib1251-2.csv,baib1251,baib1251,YES
PAP598_numerals-fass1245-1.csv,fass1245,fass1245,YES
PAP599_barlowpacific-bopa1235-1.csv,bopa1235,bopa1235,YES
PAP600_barlowpacific-nimo1247-1.csv,nimo1247,nimo1247,YES
PAP601_barlowpacific-iter1241-5.csv,iter1241,iter1241,YES
PAP602_numerals-nakw1240-1.csv,nakw1240,nakw1240,YES
PAP603_barlowpacific-amap1240-1.csv,amap1240,amap1240,YES
PAP604_numerals-owin1240-1.csv,owin1240,owin1240,YES
PAP605_barlowpacific-aeky1238-1.csv,aeky1238,aeky1238,YES
PAP606_barlowpacific-pare1271-1.csv,pare1271,pare1271,YES
PAP607_barlowpacific-kamu1260-1.csv,kamu1260,kamu1260,YES
PAP608_numerals-yale1246-1.csv,yale1246,yale1246,YES
PAP609_barlowpacific-guri1248-1.csv,guri1248,guri1248,YES
PAP610_barlowpacific-seta1245-1.csv,seta1245,seta1245,YES
PAP611_numerals-molm1235-1.csv,molm1235,molm1235,YES
PAP612_barlowpacific-seti1248-1.csv,seti1248,seti1248,YES
PAP615_barlowpacific-yiss1240-1.csv,yiss1240,yiss1240,YES
PAP617_barlowpacific-ineb1235-1.csv,ineb1235,ineb1235,YES
PAP618_numerals-nort2907-1.csv,nort2907,nort2907,YES
PAP619_numerals-yaus1235-1.csv,yaus1235,yaus1235,YES
PAP620_barlowpacific-elke1240-2.csv,elke1240,elke1240,YES
PAP621_numerals-auuu1241-1.csv,auuu1241,auuu1241,YES
PAP622_barlowpacific-oloo1241-2.csv,oloo1241,oloo1241,YES
PAP623_barlowpacific-yill1241-1.csv,yill1241,yill1241,YES
PAP626_barlowpacific-diaa1238-1.csv,diaa1238,diaa1238,YES
PAP627_barlowpacific-ning1273-1.csv,ning1273,ning1273,YES
PAP628_barlowpacific-nabi1239-1.csv,nabi1239,nabi1239,YES
PAP629_barlowpacific-mini1253-1.csv,mini1253,mini1253,YES
PAP630_barlowpacific-beli1258-2.csv,beli1258,beli1258,YES
PAP631_barlowpacific-sina1269-1.csv,sina1269,sina1269,YES
PAP632_barlowpacific-agii1245-1.csv,agii1245,agii1245,YES
PAP633_barlowpacific-sili1247-1.csv,sili1247,sili1247,YES
PAP634_barlowpacific-yaha1247-1.csv,yaha1247,yaha1247,YES
PAP635_numerals-yapu1240-1.csv,yapu1240,yapu1240,YES
PAP637_barlowpacific-heyo1240-2.csv,heyo1240,heyo1240,YES
PAP638_barlowpacific-aruo1240-1.csv,aruo1240,aruo1240,YES
PAP641_barlowpacific-valm1241-4.csv,valm1241,valm1241,YES
PAP642_barlowpacific-wana1268-1.csv,wana1268,wana1268,YES
PAP643_numerals-yang1296-1.csv,yang1296,yang1296,YES
PAP644_EDIT_barlowpacific-amol1235-1_EDIT.csv,amol1235,amol1235,YES
PAP647_numerals-torr1259-1.csv,torr1259,torr1259,YES
PAP648_numerals-urim1252-1.csv,urim1252,urim1252,YES
PAP649_numerals-komb1272-1.csv,komb1272,komb1272,YES
PAP650_barlowpacific-arue1240-1.csv,arue1240,arue1240,YES
PAP652_EDIT_numerals-urat1244-1_EDIT.csv,urat1244,urat1244,YES
PAP653_numerals-bumb1241-1.csv,bumb1241,bumb1241,YES
PAP654_barlowpacific-womp1235-1.csv,womp1235,womp1235,YES
PAP655_barlowpacific-abua1245-1.csv,abua1245,abua1245,YES
PAP656_barlowpacific-mufi1238-3.csv,mufi1238,mufi1238,YES
PAP657_numerals-buki1249-1.csv,buki1249,buki1249,YES
PAP658_numerals-juwa1238-1.csv,juwa1238,juwa1238,YES
PAP659_barlowpacific-urim1251-1.csv,urim1251,urim1251,YES
PAP660_barlowpacific-wiar1238-1.csv,wiar1238,wiar1238,YES
PAP661_numerals-bung1270-1.csv,bung1270,bung1270,YES
PAP662_numerals-kama1367-1.csv,kama1367,kama1367,YES
PAP663_barlowpacific-elep1240-1.csv,elep1240,elep1240,YES
PAP664_EDIT_barlowpacific-buna1277-2_EDIT.csv,buna1277,buna1277,YES
PAP665_EDIT_numerals-suki1245-1_EDIT.csv,suki1245,suki1245,YES
PAP666_barlowpacific-arii1243-1.csv,arii1243,arii1243,YES
PAP667_barlowpacific-waru1267-1.csv,waru1267,waru1267,YES
PAP668_barlowpacific-gogo1265-2.csv,gogo1265,gogo1265,YES
PAP670_barlowpacific-papi1255-1.csv,papi1255,papi1255,YES
PAP671_numerals-kona1242-3.csv,kona1242,kona1242,YES
PAP672_barlowpacific-kubo1242-1.csv,kubo1242,kubo1242,YES
PAP673_numerals-samo1303-2.csv,samo1303,samo1303,YES
PAP674_barlowpacific-goba1246-1.csv,goba1246,goba1246,YES
PAP675_numerals-femb1238-1.csv,femb1238,femb1238,YES
PAP676_numerals-odoo1238-1.csv,odoo1238,odoo1238,YES
PAP677_numerals-tuwa1242-1.csv,tuwa1242,tuwa1242,YES
PAP678_barlowpacific-yawi1238-1.csv,yawi1238,yawi1238,YES
PAP679_barlowpacific-nucl1453-1.csv,nucl1453,nucl1453,YES
PAP680_barlowpacific-peii1238-1.csv,peii1238,peii1238,YES
PAP681_barlowpacific-boga1247-1.csv,boga1247,boga1247,YES
PAP682_numerals-duna1248-1.csv,duna1248,duna1248,YES
PAP683_barlowpacific-ngal1300-1.csv,ngal1300,ngal1300,YES
PAP684_barlowpacific-yelo1243-1.csv,yelo1243,yelo1243,YES
PAP685_barlowpacific-hang1263-1.csv,hang1263,hang1263,YES
PAP686_numerals-mana1298-1.csv,mana1298,mana1298,YES
PAP687_EDIT_barlowpacific-seng1284-1_EDIT.csv,seng1284,seng1284,YES
PAP688_barlowpacific-buru1309-1.csv,buru1309,buru1309,YES
PAP689_numerals-ambu1247-1.csv,ambu1247,ambu1247,YES
PAP690_EDIT_barlowpacific-gaik1242-2_EDIT.csv,gaik1242,gaik1242,YES
PAP691_numerals-keak1239-1.csv,keak1239,keak1239,YES
PAP692_numerals-iatm1242-1.csv,iatm1242,iatm1242,YES
PAP693_barlowpacific-sosk1235-1.csv,sosk1235,sosk1235,YES
PAP694_numerals-boik1241-1.csv,boik1241,boik1241,YES
PAP695_EDIT_barlowpacific-koiw1243-1_EDIT.csv,koiw1243,koiw1243,YES
PAP696_EDIT_numerals-beam1240-1_EDIT.csv,beam1240,beam1240,YES
PAP697_EDIT_barlowpacific-soni1260-1_EDIT.csv,soni1260,soni1260,YES
PAP698_barlowpacific-edol1239-3.csv,edol1239,edol1239,YES
PAP699_numerals-aime1238-1.csv,aime1238,aime1238,YES
PAP700_numerals-onob1238-1.csv,onob1238,onob1238,YES
PAP701_numerals-kalu1248-1.csv,kalu1248,kalu1248,YES
PAP702_numerals-kasu1251-1.csv,kasu1251,kasu1251,YES
PAP703_numerals-idii1243-1.csv,idii1243,idii1243,YES
PAP704_numerals-ende1235-1.csv,ende1235,agob1244,YES
PAP707_barlowpacific-dibi1240-1.csv,dibi1240,dibi1240,YES
PAP708_barlowpacific-gizr1240-2.csv,gizr1240,gizr1240,YES
PAP709_barlowpacific-bine1240-1.csv,bine1240,bine1240,YES
PAP710_EDIT_barlowpacific-wipi1242-1_EDIT.csv,wipi1242,wipi1242,YES
PAP711_numerals-meri1244-1.csv,meri1244,meri1244,YES
PAP712_barlowpacific-yera1243-2.csv,yera1243,yera1243,YES
PAP713_barlowpacific-cham1313-2.csv,cham1313,cham1313,YES
PAP714_numerals-yima1243-1.csv,yima1243,yima1243,YES
PAP715_barlowpacific-tabr1243-1.csv,tabr1243,tabr1243,YES
PAP716_barlowpacific-ango1255-1.csv,ango1255,ango1255,YES
PAP717_barlowpacific-muri1260-2.csv,muri1260,muri1260,YES
PAP718_numerals-kopa1248-1.csv,kopa1248,kopa1248,YES
PAP719_barlowpacific-kara1497-1.csv,kara1497,kara1497,YES
PAP720_barlowpacific-sout2949-3.csv,sout2949,sout2949,YES
PAP721_barlowpacific-wabo1241-1.csv,wabo1241,wabo1241,YES
PAP722_barlowpacific-bamu1257-1.csv,bamu1257,bamu1257,YES
PAP723_numerals-mori1271-1.csv,mori1271,mori1271,YES
PAP724_barlowpacific-kere1286-1.csv,kere1286,kere1286,YES
PAP725_numerals-nort2930-1.csv,nort2930,nort2930,YES
PAP726_barlowpacific-fasu1242-4.csv,fasu1242,fasu1242,YES
PAP727_barlowpacific-tabo1241-1.csv,tabo1241,tabo1241,YES
PAP728_EDIT_barlowpacific-tape1242-1_EDIT.csv,tape1242,tape1242,YES
PAP729_EDIT_barlowpacific-anda1283-1_EDIT.csv,anda1283,anda1283,YES
PAP730_numerals-awia1234-1.csv,awia1234,awia1234,YES
PAP731_barlowpacific-meak1234-1.csv,meak1234,meak1234,YES
PAP732_barlowpacific-nanu1240-2.csv,nanu1240,nanu1240,YES
PAP733_barlowpacific-foii1241-1.csv,foii1241,foii1241,YES
PAP735_barlowpacific-ikob1240-1.csv,ikob1240,ikob1240,YES
PAP736_barlowpacific-mouw1234-2.csv,mouw1234,mouw1234,YES
PAP737_barlowpacific-bari1298-1.csv,bari1298,bari1298,YES
PAP738_barlowpacific-rumu1243-1.csv,rumu1243,rumu1243,YES
PAP739_barlowpacific-chan1319-1.csv,chan1319,chan1319,YES
PAP740_barlowpacific-mekm1240-1.csv,mekm1240,mekm1240,YES
PAP741_barlowpacific-kyen1243-1.csv,kyen1243,kyen1243,YES
PAP742_barlowpacific-biwa1243-3.csv,biwa1243,biwa1243,YES
PAP743_barlowpacific-bunn1240-1.csv,bunn1240,bunn1240,YES
PAP744_barlowpacific-lang1328-2.csv,lang1328,lang1328,YES
PAP745_barlowpacific-mong1344-3.csv,mong1344,mong1344,YES
PAP746_barlowpacific-yaul1241-1.csv,yaul1241,yaul1241,YES
PAP747_barlowpacific-apma1241-1.csv,apma1241,apma1241,YES
PAP748_barlowpacific-amba1269-5.csv,amba1269,amba1269,YES
PAP749_numerals-pina1252-1.csv,pina1252,pina1252,YES
PAP750_EDIT_barlowpacific-haru1245-2_EDIT.csv,haru1245,haru1245,YES
PAP751_barlowpacific-wiru1244-1.csv,wiru1244,wiru1244,YES
PAP752_barlowpacific-kibi1239-1.csv,kibi1239,kibi1239,YES
PAP753_barlowpacific-bana1292-1.csv,bana1292,bana1292,YES
PAP754_barlowpacific-abuu1241-2.csv,abuu1241,abuu1241,YES
PAP755_barlowpacific-raoo1244-2.csv,raoo1244,raoo1244,YES
PAP756_barlowpacific-wata1253-3.csv,wata1253,wata1253,YES
PAP757_barlowpacific-goro1261-2.csv,goro1261,goro1261,YES
PAP758_barlowpacific-bosn1248-2.csv,bosn1248,bosn1248,YES
PAP759_barlowpacific-romk1240-4.csv,romk1240,romk1240,YES
PAP760_numerals-brer1240-1.csv,brer1240,brer1240,YES
PAP761_barlowpacific-kire1240-5.csv,kire1240,kire1240,YES
PAP762_barlowpacific-bore1247-1.csv,bore1247,bore1247,YES
PAP763_barlowpacific-kaia1245-1.csv,kaia1245,kaia1245,YES
PAP764_barlowpacific-aiom1240-2.csv,aiom1240,aiom1240,YES
PAP765_barlowpacific-anda1284-1.csv,anda1284,anda1284,YES
PAP766_barlowpacific-komi1271-1.csv,komi1271,komi1271,YES
PAP767_barlowpacific-anor1241-1.csv,anor1241,anor1241,YES
PAP768_barlowpacific-sepe1240-1.csv,sepe1240,sepe1240,YES
PAP769_barlowpacific-kang1291-1.csv,kang1291,kang1291,YES
PAP770_barlowpacific-akru1241-1.csv,akru1241,akru1241,YES
PAP771_barlowpacific-awar1249-2.csv,awar1249,awar1249,YES
PAP772_barlowpacific-igan1243-1.csv,igan1243,igan1243,YES
PAP773_numerals-arua1260-1.csv,arua1260,arua1260,YES
PAP774_barlowpacific-inap1241-1.csv,inap1241,inap1241,YES
PAP775_barlowpacific-tang1355-4.csv,tang1355,tang1355,YES
PAP776_numerals-tang1356-1.csv,tang1356,tang1356,YES
PAP777_numerals-folo1238-2.csv,folo1238,folo1238,YES
PAP778_numerals-dadi1250-1.csv,dadi1250,dadi1250,YES
PAP779_barlowpacific-taia1239-2.csv,taia1239,taia1239,YES
PAP780_barlowpacific-nucl1458-2.csv,nucl1458,nucl1458,YES
PAP781_barlowpacific-lila1246-1.csv,lila1246,lila1246,YES
PAP782_barlowpacific-pura1257-5.csv,pura1257,pura1257,YES
PAP783_barlowpacific-pawa1255-1.csv,pawa1255,pawa1255,YES
PAP784_barlowpacific-orok1267-1.csv,orok1267,orok1267,YES
PAP785_barlowpacific-keor1235-1.csv,keor1235,keor1235,YES
PAP786_numerals-tair1256-1.csv,tair1256,tair1256,YES
PAP787_numerals-opao1240-1.csv,opao1240,opao1240,YES
PAP788_barlowpacific-toar1246-5.csv,toar1246,toar1246,YES
PAP789_numerals-simb1255-1.csv,simb1255,simb1255,YES
PAP790_numerals-baru1267-1.csv,baru1267,baru1267,YES
PAP791_barlowpacific-akoy1238-1.csv,akoy1238,akoy1238,YES
PAP792_numerals-tain1253-1.csv,tain1253,tain1253,YES
PAP793_numerals-anka1246-1.csv,anka1246,anka1246,YES
PAP794_EDIT_numerals-yagw1240-1_EDIT.csv,yagw1240,yagw1240,YES
PAP795_numerals-meny1245-1.csv,meny1245,meny1245,YES
PAP796_numerals-hamt1247-1.csv,hamt1247,hamt1247,YES
PAP797_barlowpacific-safe1240-2.csv,safe1240,safe1240,YES
PAP798_barlowpacific-kama1360-1.csv,kama1360,kama1360,YES
PAP799_barlowpacific-kawa1276-1.csv,kawa1276,kawa1276,YES
PAP800_barlowpacific-susu1251-1.csv,susu1251,susu1251,YES
PAP801_numerals-anga1290-1.csv,anga1290,anga1290,YES
PAP802_numerals-kaki1249-1.csv,kaki1249,kaki1249,YES
PAP803_numerals-bian1252-1.csv,bian1252,bian1252,YES
PAP804_numerals-kuni1267-1.csv,kuni1267,kuni1267,YES
PAP805_numerals-weri1253-2.csv,weri1253,weri1253,YES
PAP806_barlowpacific-amam1246-1.csv,amam1246,amam1246,YES
PAP807_barlowpacific-koit1244-1.csv,koit1244,koit1244,YES
PAP808_barlowpacific-moun1252-1.csv,moun1252,moun1252,YES
PAP809_barlowpacific-gras1249-1.csv,gras1249,gras1249,YES
PAP810_barlowpacific-biag1234-1.csv,biag1234,biag1234,YES
PAP811_numerals-nucl1630-1.csv,nucl1630,nucl1630,YES
PAP812_barlowpacific-omie1241-1.csv,omie1241,omie1241,YES
PAP814_numerals-esee1247-1.csv,esee1247,esee1247,YES
PAP815_barlowpacific-taua1242-1.csv,taua1242,taua1242,YES
PAP816_barlowpacific-fuyu1242-1.csv,fuyu1242,fuyu1242,YES
PAP817_barlowpacific-mula1254-2.csv,mula1254,mula1254,YES
PAP818_barlowpacific-hume1246-1.csv,hume1246,hume1246,YES
PAP819_numerals-uare1241-1.csv,uare1241,uare1241,YES
PAP820_numerals-doro1266-1.csv,doro1266,doro1266,YES
PAP821_barlowpacific-mari1438-1.csv,mari1438,mari1438,YES
PAP822_barlowpacific-nawa1258-1.csv,nawa1258,nawa1258,YES
PAP823_barlowpacific-moik1239-1.csv,moik1239,moik1239,YES
PAP824_barlowpacific-bari1290-1.csv,bari1290,bari1290,YES
PAP825_barlowpacific-anem1248-1.csv,anem1248,anem1248,YES
PAP826_barlowpacific-yare1248-1.csv,yare1248,yare1248,YES
PAP827_barlowpacific-domu1245-1.csv,domu1245,domu1245,YES
PAP828_barlowpacific-mora1273-1.csv,mora1273,mora1273,YES
PAP829_barlowpacific-bina1274-1.csv,bina1274,bina1274,YES
PAP830_barlowpacific-bauw1240-1.csv,bauw1240,bauw1240,YES
PAP831_barlowpacific-bina1275-2.csv,bina1275,bina1275,YES
PAP832_barlowpacific-ooku1235-1.csv,ooku1235,ooku1235,YES
PAP833_barlowpacific-laua1245-1.csv,laua1245,laua1245,YES
PAP834_numerals-mail1248-1.csv,mail1248,mail1248,YES
PAP835_numerals-anem1249-1.csv,anem1249,anem1249,YES
PAP836_barlowpacific-onjo1240-2.csv,onjo1240,onjo1240,YES
PAP837_numerals-daga1275-1.csv,daga1275,daga1275,YES
PAP838_numerals-maiw1251-1.csv,maiw1251,maiw1251,YES
PAP841_barlowpacific-dima1252-1.csv,dima1252,dima1252,YES
PAP842_numerals-uman1240-1.csv,uman1240,uman1240,YES
PAP843_barlowpacific-ginu1240-1.csv,ginu1240,ginu1240,YES
PAP844_EDIT_numerals-kana1288-1_EDIT.csv,kana1288,kana1288,YES
PAP845_numerals-pele1245-1.csv,pele1245,pele1245,YES
PAP846_numerals-kuot1243-1.csv,kuot1243,kuot1243,YES
PAP847_barlowpacific-kolp1236-1.csv,kolp1236,kolp1236,YES
PAP848_numerals-qaqe1238-1.csv,qaqe1238,qaqe1238,YES
PAP849_barlowpacific-mako1250-1.csv,mako1250,mako1250,YES
PAP850_numerals-urap1240-1.csv,urap1240,urap1240,YES
PAP852_numerals-kair1267-1.csv,kair1267,kair1267,YES
PAP853_numerals-mali1284-1.csv,mali1284,mali1284,YES
PAP854_numerals-sulk1246-1.csv,sulk1246,sulk1246,YES
PAP855_numerals-taul1251-1.csv,taul1251,taul1251,YES
PAP856_barlowpacific-buta1242-1.csv,buta1242,buta1242,YES
PAP857_numerals-yele1255-1.csv,yele1255,yele1255,YES
PAP858_barlowpacific-rapo1238-1.csv,rapo1238,rapo1238,YES
PAP859_barlowpacific-ramo1245-1.csv,ramo1245,ramo1245,YES
PAP860_numerals-roto1249-1.csv,roto1249,roto1249,YES
PAP861_barlowpacific-asko1238-2.csv,asko1238,asko1238,YES
PAP862_EDIT_barlowpacific-avai1234-1_EDIT.csv,avai1234,avai1234,YES
PAP863_barlowpacific-sibe1248-1.csv,sibe1248,sibe1248,YES
PAP864_barlowpacific-sime1242-1.csv,sime1242,sime1242,YES
PAP866_numerals-naas1242-1.csv,naas1242,naas1242,YES
PAP867_barlowpacific-koro1313-1.csv,koro1313,koro1313,YES
PAP869_numerals-siwa1245-1.csv,siwa1245,siwa1245,YES
PAP870_numerals-uisa1238-1.csv,uisa1238,uisa1238,YES
PAP871_EDIT_numerals-tere1278-1_EDIT.csv,tere1278,tere1278,YES
PAP872_numerals-bilu1245-1.csv,bilu1245,bilu1245,YES
PAP873_EDIT_numerals-touo1238-1_EDIT.csv,touo1238,touo1238,YES
PAP874_EDIT_numerals-lavu1241-1_EDIT.csv,lavu1241,lavu1241,YES
PAP875_numerals-savo1255-1.csv,savo1255,savo1255,YES
ST001-numerals-dakp1242-1.csv,dakp1242,dakp1242,YES
ST002-numerals-dzal1238-1-edited.csv,dzal1238,dzal1238,YES
ST003-numerals-dolp1239-1.csv,dolp1239,dolp1239,YES
ST004-numerals-tich1238-1.csv,tich1238,tich1238,YES
ST005-numerals-tsum1240-1edited.csv,tsum1240,tsum1240,YES
ST006-numerals-hela1238-1-edited.csv,hela1238,hela1238,YES
ST007-numerals-lhom1239-1_edited.csv,lhom1239,lhom1239,YES
ST008-numerals-lowa1242-1-edited.csv,lowa1242,lowa1242,YES
ST009-numerals-mugo1238-1_edited.csv,mugo1238,mugo1238,YES
ST010-numerals-jire1238-1.csv,jire1238,jire1238,YES
ST011-numerals-sher1255-1.csv,sher1255,sher1255,YES
ST012-numerals-tibe1272-1.csv,tibe1272,tibe1272,YES
ST013-numerals-baim1244-1.csv,baim1244,baim1244,YES
ST014-numerals-kham1282-1-edited.csv,kham1282,kham1282,YES
ST015-numerals-jadd1243-1.csv,jadd1243,jadd1243,YES
ST016-numerals-spit1240-1.csv,spit1240,spit1240,YES
ST017-sand-Bhoti-edited.csv,stod1241,stod1241,YES
ST018-numerals-dzon1239-1.csv,dzon1239,dzon1239,YES
ST019-numerals-sikk1242-1.csv,sikk1242,sikk1242,YES
ST020-numerals-amdo1237-1.csv,amdo1237,amdo1237,YES
ST021-numerals-chan1309-1.csv,chan1309,chan1309,YES
ST022-numerals-lada1244-1.csv,lada1244,lada1244,YES
ST023-numerals-zang1248-1.csv,zang1248,zang1248,YES
ST024-numerals-balt1258-1.csv,balt1258,balt1258,YES
ST025-numerals-puri1258-1.csv,puri1258,puri1258,YES
ST026-numerals-kurt1248-1edited-edited.csv,kurt1248,kurt1248,YES
ST027-numerals-nyen1254-1.csv,nyen1254,nyen1254,YES
ST028-numerals-kuta1241-1.csv,kuta1241,kuta1241,YES
ST029-numerals-sout2715-1.csv,sout2715,sout2715,YES
ST030-numerals-guru1261-1.csv,guru1261,guru1261,YES
ST031-numerals-mana1288-2.csv,mana1288,mana1288,YES
ST032-numerals-narp1239-1.csv,narp1239,narp1239,YES
ST033-numerals-chan1310-1.csv,chan1310,chan1310,YES
ST034-numerals-thak1245-2edited.csv,thak1245,thak1245,YES
ST035-numerals-east2347-1.csv,east2347,east2347,YES
ST036-numerals-west2415-1.csv,west2415,west2415,YES
ST037-numerals-seke1240-1-edited.csv,seke1240,seke1240,YES
ST038-numerals-kaik1246-1-edited.csv,kaik1246,kaik1246,YES
ST039-numerals-tsha1245-1.csv,tsha1245,tsha1245,YES
ST040-numerals-gahr1239-1.csv,gahr1239,gahr1239,YES
ST041-numerals-rong1264-2.csv,rong1264,rong1264,YES
ST042-numerals-chau1259-1.csv,chau1259,chau1259,YES
ST043-numerals-dhul1234-1.csv,dhul1234,byan1241,YES
ST044-numerals-darm1243-1.csv,darm1243,darm1243,YES
ST045-numerals-rang1266-1.csv,rang1266,rang1266,YES
ST046-numerals-chit1279-1.csv,chit1279,chit1279,YES
ST047-numerals-kinn1249-1.csv,kinn1249,kinn1249,YES
ST048-numerals-jang1254-1.csv,jang1254,jang1254,YES
ST049-numerals-shum1243-1.csv,shum1243,shum1243,YES
ST050-numerals-patt1248-1.csv,patt1248,patt1248,YES
ST051-numerals-dima1251-1.csv,dima1251,dima1251,YES
ST052-numerals-kokb1239-1edited-edited.csv,kokb1239,kokb1239,YES
ST053-numerals-rian1262-1_edited.csv,rian1262,rian1262,YES
ST054-numerals-tipp1239-1-edited.csv,tipp1239,tipp1239,YES
ST055-numerals-usui1238-1_edited.csv,usui1238,usui1238,YES
ST056-numerals-bodo1269-1-edited.csv,bodo1269,bodo1269,YES
ST057-numerals-tiwa1253-1_edited.csv,tiwa1253,tiwa1253,YES
ST058-numerals-deor1238-1.csv,deor1238,deor1238,YES
ST059-numerals-garo1247-1_edited.csv,garo1247,garo1247,YES
ST060-numerals-aton1241-1-edited.csv,aton1241,aton1241,YES
ST061-numerals-koch1250-1.csv,koch1250,koch1250,YES
ST062-numerals-rabh1238-1-edited.csv,rabh1238,rabh1238,YES
ST063-numerals-ruga1238-1_edited.csv,ruga1238,ruga1238,YES
ST064-numerals-sing1264-1-edited.csv,sing1264,sing1264,YES
ST065-numerals-kach1280-1.csv,kach1280,kach1280,YES
ST066-numerals-chak1270-1.csv,chak1270,chak1270,YES
ST067-numerals-kado1242-1.csv,kado1242,kado1242,YES
ST068-numerals-noct1238-1.csv,noct1238,noct1238,YES
ST069-numerals-tuts1235-1.csv,tuts1235,tuts1235,YES
ST070-numerals-mung1264-1.csv,mung1264,tase1235,YES
ST071-sand-TikhakTangsa-edited.csv,tikh1243,tikh1243,YES
ST072-sand-Khiamniungan-edited.csv,khia1236,khia1236,YES
ST073-numerals-lein1237-1.csv,lein1237,lein1237,YES
ST074-numerals-maky1235-1-edited.csv,maky1235,maky1235,YES
ST075-numerals-chan1313-1_edited.csv,chan1313,chan1313,YES
ST076-numerals-kony1248-1-edited.csv,kony1248,kony1248,YES
ST077-numerals-phom1236-1.csv,phom1236,phom1236,YES
ST078-numerals-wanc1238-1.csv,wanc1238,wanc1238,YES
ST079-numerals-lash1243-1.csv,lash1243,lash1243,YES
ST080-numerals-maru1249-1.csv,maru1249,maru1249,YES
ST081-numerals-pela1242-1.csv,pela1242,pela1242,YES
ST082-numerals-zaiw1241-1.csv,zaiw1241,zaiw1241,YES
ST083-numerals-acha1249-1.csv,acha1249,acha1249,YES
ST084-numerals-marm1234-1.csv,marm1234,marm1234,YES
ST085-numerals-rakh1245-1.csv,rakh1245,rakh1245,YES
ST086-numerals-nucl1310-1.csv,nucl1310,nucl1310,YES
ST087-numerals-coon1239-1.csv,coon1239,coon1239,YES
ST088-numerals-sang1320-1.csv,sang1320,sang1320,YES
ST089-numerals-bisu1244-1.csv,bisu1244,bisu1244,YES
ST090-numerals-laom1237-1.csv,laom1237,laom1237,YES
ST091-numerals-pyen1239-1.csv,pyen1239,pyen1239,YES
ST092-numerals-phun1245-1.csv,phun1245,phun1245,YES
ST093-numerals-biyo1243-1.csv,biyo1243,biyo1243,YES
ST094-numerals-mpii1239-1.csv,mpii1239,mpii1239,YES
ST095-numerals-akeu1235-1.csv,akeu1235,akeu1235,YES
ST096-numerals-akha1245-1.csv,akha1245,akha1245,YES
ST097-numerals-hani1248-1.csv,hani1248,hani1248,YES
ST098-numerals-honi1244-1.csv,honi1244,honi1244,YES
ST099-numerals-phan1254-1.csv,phan1254,phan1254,YES
ST100-numerals-sila1247-1.csv,sila1247,sila1247,YES
ST101-numerals-youl1235-1.csv,youl1235,youl1235,YES
ST102-numerals-lahu1253-1.csv,lahu1253,lahu1253,YES
ST103-numerals-lahu1252-1.csv,lahu1252,lahu1252,YES
ST104-numerals-kats1235-1.csv,kats1235,kats1235,YES
ST105-numerals-sadu1234-1.csv,sadu1234,sadu1234,YES
ST106-numerals-sama1295-1.csv,sama1295,sama1295,YES
ST107-numerals-lipo1242-1.csv,lipo1242,lipo1242,YES
ST108-numerals-miqi1235-1.csv,miqi1235,miqi1235,YES
ST109-numerals-lolo1259-1.csv,lolo1259,lolo1259,YES
ST110-numerals-hler1235-1.csv,hler1235,hler1235,YES
ST111-numerals-kuan1249-1.csv,kuan1249,kuan1249,YES
ST112-numerals-kuam1234-1.csv,kuam1234,kuam1234,YES
ST113-numerals-sona1244-1.csv,sona1244,sona1244,YES
ST114-numerals-xish1235-1.csv,xish1235,xish1235,YES
ST115-numerals-dong1286-1.csv,dong1286,dong1286,YES
ST116-numerals-talu1238-1.csv,talu1238,talu1238,YES
ST117-numerals-lisu1250-1.csv,lisu1250,lisu1250,YES
ST118-numerals-tang1372-1.csv,tang1372,tang1372,YES
ST119-numerals-azha1235-1.csv,azha1235,azha1235,YES
ST120-numerals-sani1269-1.csv,sani1269,sani1269,YES
ST121-numerals-axiy1235-1.csv,axiy1235,axiy1235,YES
ST122-numerals-azhe1235-1.csv,azhe1235,azhe1235,YES
ST123-numerals-lagh1245-1.csv,lagh1245,lagh1245,YES
ST124-numerals-sout2722-1.csv,sout2722,sout2722,YES
ST125-numerals-hlep1236-1.csv,hlep1236,hlep1236,YES
ST126-numerals-sout2723-1.csv,sout2723,sout2723,YES
ST127-numerals-gepo1234-1.csv,gepo1234,gepo1234,YES
ST128-numerals-wusa1235-1.csv,wusa1235,wusa1235,YES
ST129-numerals-sich1238-1.csv,sich1238,sich1238,YES
ST130-numerals-awuu1235-1.csv,awuu1235,awuu1235,YES
ST131-numerals-phuz1235-1.csv,phuz1235,phuz1235,YES
ST132-numerals-phol1237-1.csv,phol1237,phol1237,YES
ST133-numerals-nusu1239-1.csv,nusu1239,nusu1239,YES
ST134-numerals-zauz1238-1.csv,zauz1238,zauz1238,YES
ST135-numerals-mant1265-1.csv,mant1265,mant1265,YES
ST136-numerals-ugon1239-1.csv,ugon1239,ugon1239,YES
ST137-numerals-ersu1241-1.csv,ersu1241,ersu1241,YES
ST138-numerals-guiq1238-1.csv,guiq1238,guiq1238,YES
ST139-numerals-laze1238-1.csv,laze1238,laze1238,YES
ST140-numerals-naxi1245-1.csv,naxi1245,naxi1245,YES
ST141-numerals-namu1246-1.csv,namu1246,namu1246,YES
ST142-numerals-shix1238-1.csv,shix1238,shix1238,YES
ST143-numerals-japh1234-1.csv,japh1234,japh1234,YES
ST144-numerals-zbua1234-1.csv,zbua1234,zbua1234,YES
ST145-numerals-situ1238-1.csv,situ1238,situ1238,YES
ST146-numerals-horp1239-1edited-edited.csv,horp1239,horp1239,YES
ST147-numerals-guan1252-2.csv,guan1252,guan1266,YES
ST149-numerals-nort2723-1.csv,nort2723,nort2723,YES
ST150-numerals-sout2729-1.csv,sout2729,sout2729,YES
ST151-numerals-sout2728-1_edited.csv,sout2728,sout2728,YES
ST152-numerals-nort2722-1.csv,nort2722,nort2722,YES
ST153-numerals-quey1238-1.csv,quey1238,quey1238,YES
ST154-numerals-zhab1238-1.csv,zhab1238,zhab1238,YES
ST155-numerals-nort2732-1.csv,nort2732,nort2732,YES
ST156-numerals-sout2739-1.csv,sout2739,sout2739,YES
ST157-numerals-dhim1246-1.csv,dhim1246,dhim1246,YES
ST158-numerals-toto1302-2-edited.csv,toto1302,toto1302,YES
ST159-numerals-idum1241-2.csv,idum1241,idum1241,YES
ST160-numerals-diga1241-1.csv,diga1241,diga1241,YES
ST161-numerals-lepc1244-2.csv,lepc1244,lepc1244,YES
ST162-numerals-bujh1238-1.csv,bujh1238,bujh1238,YES
ST163-numerals-chep1245-1.csv,chep1245,chep1245,YES
ST164-numerals-dura1244-1.csv,dura1244,dura1244,YES
ST165-numerals-gama1251-1.csv,gama1251,gama1251,YES
ST166-numerals-east2354-1.csv,east2354,east2354,YES
ST167-numerals-west2420-1.csv,west2420,west2420,YES
ST168-numerals-shes1236-1.csv,shes1236,shes1236,YES
ST169-numerals-east2352-1_edited.csv,east2352,east2352,YES
ST170-numerals-west2418-1-edited.csv,west2418,west2418,YES
ST171-sand-Jerung-edited.csv,jeru1240,jeru1240,YES
ST172-sand-Wambule-edited.csv,wamb1257,wamb1257,YES
ST173-numerals-kulu1253-1.csv,kulu1253,kulu1253,YES
ST174-sand-Nachering-edited.csv,nach1240,nach1240,YES
ST175-sand-Sampang-edited.csv,samp1249,samp1249,YES
ST176-numerals-bant1281-3-edited.csv,bant1281,bant1281,YES
ST177-numerals-caml1239-3.csv,caml1239,caml1239,YES
ST178-numerals-dung1252-1.csv,dung1252,dung1252,YES
ST179-sand-Puma-edited.csv,puma1239,puma1239,YES
ST180-numerals-chhu1238-1.csv,chhu1238,chhu1238,YES
ST181-numerals-chhi1245-3.csv,chhi1245,chhi1245,YES
ST182-numerals-limb1266-1.csv,limb1266,limb1266,YES
ST183-numerals-athp1241-1.csv,athp1241,athp1241,YES
ST184-numerals-belh1239-1.csv,belh1239,belh1239,YES
ST185-numerals-yakk1236-1.csv,yakk1236,yakk1236,YES
ST186-numerals-nort2727-1-edited.csv,nort2727,nort2727,YES
ST187-numerals-yamp1242-1.csv,yamp1242,yamp1242,YES
ST188-numerals-west2422-1.csv,west2422,west2422,YES
ST189-numerals-bahi1252-1-edited.csv,bahi1252,bahi1252,YES
ST190-numerals-sunw1242-1-edited.csv,sunw1242,sunw1242,YES
ST191-numerals-wayu1241-1.csv,wayu1241,wayu1241,YES
ST192-sand-Koyee-edited.csv,koii1238,koii1238,YES
ST193-numerals-thul1246-2.csv,thul1246,thul1246,YES
ST194-numerals-tilu1238-1.csv,tilu1238,tilu1238,YES
ST195-numerals-dumi1241-1.csv,dumi1241,dumi1241,YES
ST196-numerals-khal1275-1.csv,khal1275,khal1275,YES
ST197-numerals-newa1246-1.csv,newa1246,newa1246,YES
ST198-numerals-than1259-1.csv,than1259,than1259,YES
ST199-numerals-bwek1238-1.csv,bwek1238,bwek1238,YES
ST200-numerals-geba1237-1.csv,geba1237,geba1237,YES
ST201-numerals-east2342-1_edited.csv,east2342,east2342,YES
ST202-numerals-west2409-1-edited.csv,west2409,west2409,YES
ST203-numerals-yint1235-1.csv,yint1235,yint1235,YES
ST204-numerals-brek1238-2.csv,brek1238,brek1238,YES
ST205-numerals-manu1255-2.csv,manu1255,manu1255,YES
ST206-numerals-mobw1234-2edited.csv,mobw1234,mobw1234,YES
ST207-numerals-geko1235-1.csv,geko1235,geko1235,YES
ST208-numerals-kaya1315-1-edited.csv,kaya1315,kaya1315,YES
ST209-numerals-zaye1235-1.csv,zaye1235,zaye1235,YES
ST210-numerals-yinb1236-1.csv,yinb1236,yinb1236,YES
ST211-numerals-paok1235-1.csv,paok1235,paok1235,YES
ST212-numerals-pwoe1235-1.csv,pwoe1235,pwoe1235,YES
ST213-numerals-pwow1235-1.csv,pwow1235,pwow1235,YES
ST214-numerals-phra1235-1.csv,phra1235,phra1235,YES
ST215-numerals-pwon1235-1edited.csv,pwon1235,pwon1235,YES
ST216-numerals-paku1238-1.csv,paku1238,paku1238,YES
ST217-numerals-sgaw1245-1.csv,sgaw1245,sgaw1245,YES
ST218-numerals-bugu1246-1.csv,bugu1246,bugu1246,YES
ST219-numerals-sulu1241-1.csv,sulu1241,sulu1241,YES
ST220-numerals-chug1252-1-edited.csv,chug1252,chug1252,YES
ST221-numerals-lish1235-1_edited.csv,lish1235,lish1235,YES
ST222-numerals-sart1249-1.csv,sart1249,sart1249,YES
ST223-numerals-sher1257-1_edited.csv,sher1257,sher1257,YES
ST224-numerals-miju1243-1.csv,miju1243,miju1243,YES
ST225-numerals-zakh1243-1.csv,zakh1243,zakh1243,YES
ST226-numerals-anga1288-1.csv,anga1288,anga1288,YES
ST227-sand-ChakesangChokri-edited.csv,chok1243,chok1243,YES
ST228-numerals-khez1235-1.csv,khez1235,khez1235,YES
ST229-numerals-maon1238-1.csv,maon1238,maon1238,YES
ST230-numerals-poum1235-1.csv,poum1235,poum1235,YES
ST231-numerals-nort2725-1.csv,nort2725,nort2725,YES
ST232-numerals-poch1243-1.csv,poch1243,poch1243,YES
ST233-sand-Rengma_edited.csv,sout2732,sout2732,YES
ST234-numerals-sumi1235-2.csv,sumi1235,sumi1235,YES
ST235-numerals-aona1235-2-edited.csv,aona1235,aona1235,YES
ST236-numerals-loth1237-1-edited.csv,loth1237,loth1237,YES
ST237-numerals-sang1321-1_edited.csv,sang1321,sang1321,YES
ST238-numerals-para1302-1-edited.csv,para1302,para1302,YES
ST239-numerals-maku1273-1.csv,maku1273,maku1273,YES
ST240-numerals-yimc1240-1.csv,yimc1240,yimc1240,YES
ST241-numerals-amri1238-1.csv,amri1238,amri1238,YES
ST242-numerals-karb1241-1.csv,karb1241,karb1241,YES
ST243-numerals-tawr1235-1.csv,tawr1235,tawr1235,YES
ST244-numerals-bawm1236-1-edited.csv,bawm1236,bawm1236,YES
ST245-numerals-fala1243-1.csv,fala1243,fala1243,YES
ST246-numerals-haka1240-1.csv,haka1240,haka1240,YES
ST247-numerals-biet1238-1.csv,biet1238,biet1238,YES
ST248-numerals-hmar1241-1.csv,hmar1241,hmar1241,YES
ST249-numerals-hran1239-1.csv,hran1239,hran1239,YES
ST250-numerals-lush1249-1.csv,lush1249,lush1249,YES
ST251-numerals-pank1249-1.csv,pank1249,pank1249,YES
ST252-numerals-mara1382-1.csv,mara1382,mara1382,YES
ST253-numerals-zyph1238-1.csv,zyph1238,zyph1238,YES
ST254-numerals-sent1260-1-edited.csv,sent1260,sent1260,YES
ST255-numerals-zotu1235-1.csv,zotu1235,zotu1235,YES
ST256-numerals-anal1239-1.csv,anal1239,anal1239,YES
ST257-numerals-lamk1238-1.csv,lamk1238,lamk1238,YES
ST258-numerals-mons1234-1.csv,mons1234,mons1234,YES
ST259-numerals-moyo1238-1.csv,moyo1238,moyo1238,YES
ST260-numerals-aimo1244-1.csv,aimo1244,aimo1244,YES
ST261-numerals-chir1283-1.csv,chir1283,chir1283,YES
ST262-numerals-puru1266-1.csv,puru1266,puru1266,YES
ST263-numerals-chot1239-1_edited.csv,chot1239,chot1239,YES
ST264-numerals-koir1240-1.csv,koir1240,koir1240,YES
ST265-numerals-komi1270-1.csv,komi1270,komi1270,YES
ST266-numerals-sorb1250-1.csv,sorb1250,sorb1250,YES
ST267-numerals-rang1267-1.csv,rang1267,rang1267,YES
ST268-numerals-saka1283-1.csv,saka1283,saka1283,YES
ST269-numerals-syri1242-1.csv,syri1242,syri1242,YES
ST270-numerals-khum1248-1-edited.csv,khum1248,khum1248,YES
ST271-numerals-mroc1235-1.csv,mroc1235,mroc1235,YES
ST272-numerals-gang1266-1.csv,gang1266,gang1266,YES
ST273-numerals-vaip1239-1.csv,vaip1239,vaip1239,YES
ST274-numerals-ngaw1239-1.csv,ngaw1239,ngaw1239,YES
ST275-numerals-simt1238-1.csv,simt1238,simt1238,YES
ST276-numerals-zouu1235-1.csv,zouu1235,zouu1235,YES
ST277-numerals-pait1244-1.csv,pait1244,pait1244,YES
ST278-numerals-tedi1235-1.csv,tedi1235,tedi1235,YES
ST279-numerals-thad1238-2.csv,thad1238,thad1238,YES
ST280-numerals-asho1236-1.csv,asho1236,asho1236,YES
ST281-numerals-chin1478-1.csv,chin1478,chin1478,YES
ST282-numerals-daai1236-1.csv,daai1236,daai1236,YES
ST283-numerals-munc1235-1.csv,munc1235,munc1235,YES
ST284-numerals-mani1292-1.csv,mani1292,mani1292,YES
ST285-sand-Khoibu-edited.csv,khoi1251,khoi1251,YES
ST286-numerals-mari1416-1.csv,mari1416,mari1416,YES
ST287-numerals-tang1336-1.csv,tang1336,tang1336,YES
ST288-numerals-mara1379-1edited-edited.csv,mara1379,mara1379,YES
ST289-numerals-lian1251-1-edited.csv,lian1251,lian1251,YES
ST290-numerals-mzie1235-1.csv,mzie1235,mzie1235,YES
ST291-numerals-zeme1240-3_edited.csv,zeme1240,zeme1240,YES
ST292-numerals-rong1266-3.csv,rong1266,rong1266,YES
ST293-numerals-than1255-1_edited.csv,than1255,than1255,YES
ST294-numerals-nort2724-1.csv,nort2724,nort2724,YES
ST295-numerals-cent2004-1_edited.csv,cent2004,cent2004,YES
ST296-numerals-sout2730-1.csv,sout2730,sout2730,YES
ST297-numerals-koro1316-1.csv,koro1316,koro1316,YES
ST298-numerals-mila1245-2-edited.csv,mila1245,mila1245,YES
ST299-numerals-kark1255-1.csv,kark1255,bori1243,YES
ST300-numerals-misi1242-1.csv,misi1242,misi1242,YES
ST301-numerals-apat1240-1.csv,apat1240,apat1240,YES
ST302-numerals-tagi1241-1.csv,tagi1241,tagi1241,YES
ST303-numerals-galo1242-1.csv,galo1242,galo1242,YES
ST304-numerals-nyis1236-1.csv,nyis1236,nyis1236,YES
ST305-numerals-leva1238-1-edited.csv,leva1238,bang1369,YES
ST306-numerals-saja1240-1-edited.csv,saja1240,saja1240,YES
ST307-numerals-anuu1243-1.csv,anuu1243,anuu1241,YES
ST308-numerals-mruu1242-1.csv,mruu1242,mruu1242,YES
ST309-numerals-drun1238-1.csv,drun1238,drun1238,YES
ST310-numerals-nung1282-1.csv,nung1282,nung1282,YES
ST311-numerals-rawa1265-3.csv,rawa1265,rawa1265,YES
ST312-numerals-raji1240-1.csv,raji1240,raji1240,YES
ST313-numerals-raut1239-1_edited.csv,raut1239,raut1239,YES
ST314-numerals-ganc1239-1.csv,ganc1239,ganc1239,YES
ST315-numerals-shan1292-1.csv,shan1292,hakk1236,YES
ST316-numerals-jiny1235-1.csv,jiny1235,jiny1235,YES
ST317-numerals-mand1415-1.csv,mand1415,mand1415,YES
ST318-numerals-tang1373-1.csv,tang1373,tang1373,YES
ST319-numerals-wutu1241-1.csv,wutu1241,wutu1241,YES
ST320-numerals-jixi1238-1.csv,jixi1238,huiz1242,YES
ST321-numerals-wuch1236-1.csv,wuch1236,wuch1236,YES
ST322-numerals-xian1251-1.csv,xian1251,xian1251,YES
ST323-numerals-yuec1235-1.csv,yuec1235,yuec1235,YES
ST324-numerals-mind1253-1.csv,mind1253,mind1253,YES
ST325-numerals-puxi1243-1.csv,puxi1243,puxi1243,YES
ST326-numerals-minn1241-1-edited.csv,minn1241,minn1241,YES
ST327-numerals-jian1240-1-edited.csv,jian1240,minb1236,YES
ST328-numerals-shun1239-1.csv,shun1239,shao1234,YES
ST329-numerals-minz1235-1-edited.csv,minz1235,minz1235,YES
ST330-numerals-waxi1236-2.csv,waxi1236,waxi1236,YES
TK001-numerals-jiam1236-2.csv,jiam1236,jiam1236,YES
TK002-numerals-cunn1236-1-edited.csv,cunn1236,cunn1236,YES
TK003-numerals-hlai1239-1.csv,hlai1239,hlai1239,YES
TK004-numerals-ennn1243-1.csv,ennn1243,ennn1243,YES
TK005-numerals-lang1316-1.csv,lang1316,lang1316,YES
TK006-numerals-yero1238-1.csv,yero1238,yero1238,YES
TK007-numerals-qabi1235-1.csv,qabi1235,qabi1235,YES
TK008-numerals-baha1256-1.csv,baha1256,baha1256,YES
TK009-numerals-laha1250-1.csv,laha1250,laha1250,YES
TK010-numerals-qaua1234-1.csv,qaua1234,qaua1234,YES
TK011-numerals-aoua1234-1.csv,aoua1234,aoua1234,YES
TK012-numerals-redg1235-1.csv,redg1235,redg1235,YES
TK013-numerals-gela1264-1.csv,gela1264,gela1264,YES
TK014-numerals-whit1267-1.csv,whit1267,whit1267,YES
TK015-numerals-sanc1245-1.csv,sanc1245,gree1278,YES
TK016-numerals-lach1248-1.csv,lach1248,lach1248,YES
TK017-numerals-ling1262-1.csv,ling1262,ling1262,YES
TK018-numerals-nong1247-2.csv,nong1247,nong1247,YES
TK019-numerals-nung1283-1.csv,nung1283,nung1283,YES
TK020-numerals-yang1286-1-edited.csv,yang1286,yang1286,YES
TK021-numerals-taid1247-1.csv,taid1247,taid1247,YES
TK022-numerals-taid1249-1.csv,taid1249,taid1249,YES
TK023-numerals-taid1250-1edited.csv,taid1250,taid1250,YES
TK024-numerals-shan1277-1.csv,shan1277,shan1277,YES
TK025-numerals-taih1246-1.csv,taih1246,taih1246,YES
TK026-numerals-khun1259-1.csv,khun1259,khun1259,YES
TK027-numerals-nort2740-1.csv,nort2740,nort2740,YES
TK028-numerals-kham1290-1.csv,kham1290,kham1290,YES
TK029-numerals-aito1238-1.csv,aito1238,aito1238,YES
TK030-numerals-luuu1242-1.csv,luuu1242,luuu1242,YES
TK031-numerals-yong1277-1.csv,yong1277,yong1277,YES
TK032-numerals-tain1252-1.csv,tain1252,tain1252,YES
TK033-numerals-laoo1244-1.csv,laoo1244,laoo1244,YES
TK034-numerals-nort2741-1.csv,nort2741,nort2741,YES
TK035-numerals-yoyy1238-1.csv,yoyy1238,yoyy1238,YES
TK036-numerals-thai1261-1.csv,thai1261,thai1261,YES
TK037-numerals-phua1239-1.csv,phua1239,phua1239,YES
TK038-numerals-tayy1238-1.csv,tayy1238,tayy1238,YES
TK039-numerals-bouy1240-1.csv,bouy1240,bouy1240,YES
TK040-numerals-eeee1240-1.csv,eeee1240,eeee1240,YES
TK041-numerals-yong1276-1.csv,yong1276,yong1276,YES
TK042-numerals-zuoj1238-1.csv,zuoj1238,zuoj1238,YES
TK043-numerals-saek1240-1.csv,saek1240,saek1240,YES
TK044-numerals-nort2735-1.csv,nort2735,nort2735,YES
TK045-numerals-sout2741-1.csv,sout2741,sout2741,YES
TK046-numerals-mula1253-1.csv,mula1253,mula1253,YES
TK047-numerals-aich1238-1edited.csv,aich1238,aich1238,YES
TK048-numerals-makc1235-1.csv,makc1235,makc1235,YES
TK049-numerals-chad1240-1.csv,chad1240,chad1240,YES
TK050-numerals-maon1241-1.csv,maon1241,maon1241,YES
TK051-numerals-suii1243-1.csv,suii1243,suii1243,YES
TK052-numerals-tenn1245-1.csv,tenn1245,tenn1245,YES
TK053-numerals-biao1253-1.csv,biao1253,biao1253,YES
TK054-numerals-lakk1238-1.csv,lakk1238,lakk1238,YES
TNO-numerals-anfi1235-1.csv,anfi1235,anfi1235,YES
TNO-numerals-bask1236-1.csv,bask1236,bask1236,YES
TNO-numerals-benc1235-1.csv,benc1235,benc1235,YES
TNO-numerals-boro1277-1.csv,boro1277,boro1277,YES
TNO-numerals-char1269-1.csv,char1269,char1269,YES
TNO-numerals-dorz1235-1.csv,dorz1235,dorz1235,YES
TNO-numerals-gofa1235-1.csv,gofa1235,gofa1235,YES
TNO-numerals-kach1284-2.csv,kach1284,kach1284,YES
TNO-numerals-kafa1242-1.csv,kafa1242,kafa1242,YES
TNO-numerals-koor1239-1.csv,koor1239,koor1239,YES
TNO-numerals-male1284-1.csv,male1284,male1284,YES
TNO-numerals-oyda1235-1.csv,oyda1235,oyda1235,YES
TNO-numerals-shek1244-1.csv,shek1244,shek1244,YES
TNO-numerals-wola1242-1_edited.csv,wola1242,wola1242,YES
TNO-numerals-yems1235-1.csv,yems1235,yems1235,YES
TNO-numerals-zays1235-1.csv,zays1235,zays1235,YES
XX01_EDIT_barlowpacific-yila1234-1_EDIT.csv,yila1234,yila1234,YES
XX01-numerals-buru1296-1-edited.csv,buru1296,buru1296,YES
XX02-numerals-hrus1242-1-edited.csv,hrus1242,hrus1242,YES
XX03-numerals-kusu1250-1.csv,kusu1250,kusu1250,YES
XX04-numerals-niha1238-1-edited-glottocode.csv,niha1238,niha1238,YES
XX17_EDIT_barlowpacific-efat1235-1_EDIT.csv,efat1235,efat1235,YES
XX21_barlowpacific-chin1253-1.csv,chin1253,chin1253,YES
XX26_barlowpacific-hiri1237-1.csv,hiri1237,hiri1237,YES
XX39_barlowpacific-samo1307-1.csv,samo1307,samo1307,YES
XX43_barlowpacific-yima1244-1.csv,yima1244,yima1244,YES
zariquiey-amah1246-1.csv,amah1246,amah1246,YES
zariquiey-capa1241-1.csv,capa1241,capa1241,YES
zariquiey-chac1251-1.csv,chac1251,chac1251,YES
zariquiey-chan1321-1.csv,chan1321,shar1245,YES
zariquiey-isco1239-1.csv,isco1239,isco1239,YES
zariquiey-kaka1249-1.csv,kaka1249,cash1251,YES
zariquiey-mats1244-1.csv,mats1244,mats1244,YES
zariquiey-peru1238-1.csv,peru1238,cash1254,YES
zariquiey-ship1254-1.csv,ship1254,ship1254,YES
zariquiey-yami1256-1.csv,yami1256,yami1256,YES
AA027a-numerals-kave1238-1.csv,kave1238,lave1249,NO
AA027b-numerals-krun1240-1-edit.csv,krun1240,lave1249,NO
AA030a-numerals-jeng1241-1.csv,jeng1241,oyyy1238,NO
AA055a-numerals-jowa1238-1.csv,jowa1238,pnar1238,NO
AA055b-numerals-rali1240-1.csv,rali1240,pnar1238,NO
AA099a-numerals-bhum1234-1.csv,bhum1234,mund1320,NO
AA118a-numerals-suoy1242-2-edit_new-doculect-separated-from-Chan.csv,suoy1242,suoy1242,NO
abar1238.csv,abar1238,abar1238,NO
abee1242.csv,abee1242,abee1242,NO
abid1235.csv,abid1235,abid1235,NO
abua1244.csv,abua1244,abua1244,NO
abur1244.csv,abur1244,abur1244,NO
acol1236.csv,acol1236,acol1236,NO
adel1244.csv,adel1244,adel1244,NO
adho1243.csv,adho1243,adho1243,NO
agat1236.csv,agat1236,agat1236,NO
agwa1247.csv,agwa1247,agwa1247,NO
akum1238.csv,akum1238,akum1238,NO
alum1246.csv,alum1246,alum1246,NO
alur1250.csv,alur1250,alur1250,NO
anua1242.csv,anua1242,anua1242,NO
atti1239.csv,atti1239,atti1239,NO
avok1242.csv,avok1242,avok1242,NO
awak1250.csv,awak1250,awak1250,NO
awin1248.csv,awin1248,awin1248,NO
ayer1245.csv,ayer1245,ayer1245,NO
ayuu1242.csv,ayuu1242,ayuu1242,NO
baat1238.csv,baat1238,baat1238,NO
baba1264.csv,baba1264,baba1264,NO
baba1266.csv,baba1266,baba1266,NO
bada1258.csv,bada1258,bada1258,NO
bady1239.csv,bady1239,bady1239,NO
bafa1249.csv,bafa1249,bafa1249,NO
bafu1246.csv,bafu1246,bafu1246,NO
baga1270.csv,baga1270,baga1270,NO
baga1272.csv,baga1272,baga1272,NO
bago1245.csv,bago1245,bago1245,NO
baka1272.csv,baka1272,baka1272,NO
bako1249.csv,bako1249,bako1249,NO
bala1301.csv,bala1301,bala1301,NO
bali1274.csv,bali1274,bali1274,NO
bama1251.csv,bama1251,bama1251,NO
bamb1265.csv,bamb1265,bamb1265,NO
bamb1266.csv,bamb1266,bamb1266,NO
bamu1254.csv,bamu1254,bamu1254,NO
bamu1256.csv,bamu1256,bamu1256,NO
band1340.csv,band1340,band1340,NO
band1344.csv,band1344,band1344,NO
bang1348.csv,bang1348,bang1348,NO
bang1350.csv,bang1350,bang1350,NO
bang1353.csv,bang1353,bang1353,NO
bang1356.csv,bang1356,bang1356,NO
bara1362.csv,bara1362,bara1362,NO
bari1284.csv,bari1284,bari1284,NO
barlowpacific-ahin1234-1.csv,ahin1234,ahin1234,NO
barlowpacific-bowa1234-3.csv,bowa1234,bowa1234,NO
barlowpacific-plat1254-1.csv,plat1254,plat1254,NO
barlowpacific-torr1261-1.csv,torr1261,torr1261,NO
basa1282.csv,basa1282,basa1282,NO
bati1251.csv,bati1251,bati1251,NO
bayo1255.csv,bayo1255,bayo1255,NO
bebe1248.csv,bebe1248,bebe1248,NO
bebe1250.csv,bebe1250,bebe1250,NO
bebi1242.csv,bebi1242,bebi1242,NO
bedj1245.csv,bedj1245,bedj1245,NO
beez1238.csv,beez1238,beez1238,NO
bekw1241.csv,bekw1241,bekw1241,NO
bela1255.csv,bela1255,bela1255,NO
bela1256.csv,bela1256,bela1256,NO
bero1242.csv,bero1242,bero1242,NO
besm1235.csv,besm1235,besm1235,NO
beti1249.csv,beti1249,ewon1239,NO
bhel1238.csv,bhel1238,bhel1238,NO
biaf1240.csv,biaf1240,biaf1240,NO
bial1238.csv,bial1238,bial1238,NO
bimo1239.csv,bimo1239,bimo1239,NO
bini1246.csv,bini1246,bini1246,NO
binj1249.csv,binj1249,binj1249,NO
birw1238.csv,birw1238,birw1238,NO
boko1261.csv,boko1261,boko1261,NO
boky1238.csv,boky1238,boky1238,NO
bolo1263.csv,bolo1263,bolo1263,NO
bomw1238.csv,bomw1238,bomw1238,NO
bond1246.csv,bond1246,bond1246,NO
bond1247.csv,bond1247,bond1247,NO
bong1284.csv,bong1284,bong1284,NO
bong1285.csv,bong1285,bong1285,NO
boun1243.csv,boun1243,boun1243,NO
bowernnumerals-Awabak.csv,awab1243,awab1243,NO
bowernnumerals-BalNer.csv,yuwa1243,gami1243,NO
bowernnumerals-Bili.csv,bili1250,ngar1235,NO
bowernnumerals-Culgoa.csv,wayi1238,wang1291,NO
bowernnumerals-Dhuwa_edit.csv,nucl1333,dhuw1249,NO
bowernnumerals-GawlRang_edit.csv,bang1339,bang1339,NO
bowernnumerals-Jamin.csv,jami1236,djam1255,NO
bowernnumerals-Jawi_edit.csv,jawi1238,bard1255,NO
bowernnumerals-Kaurn2_edit.csv,kaur1267,kaur1267,NO
bowernnumerals-Malng.csv,maln1239,guri1247,NO
bowernnumerals-Ngali.csv,ngal1294,djam1255,NO
bowernnumerals-Nhirr.csv,nhir1234,yand1253,NO
bowernnumerals-PitPit_edit.csv,pitt1246,[subgroup],NO
bowernnumerals-Punth_edit.csv,punt1240,ngur1261,NO
bowernnumerals-YarlEyr.csv,yari1238,ngam1265,NO
bowernnumerals-Yawi_edit.csv,yawi1239,worr1237,NO
bowernnumerals-Yuwlar_edit.csv,yuwa1242,gami1243,NO
buam1238.csv,buam1238,buam1238,NO
budu1250.csv,budu1250,budu1250,NO
budz1238.csv,budz1238,budz1238,NO
buku1249.csv,buku1249,buku1249,NO
buli1254.csv,buli1254,buli1254,NO
bull1247.csv,bull1247,bull1247,NO
bumm1238.csv,bumm1238,bumm1238,NO
bura1271.csv,bura1271,bura1271,NO
buru1301.csv,buru1301,buru1301,NO
bush1247.csv,bush1247,bush1247,NO
buuu1244.csv,buuu1244,buuu1244,NO
byep1241.csv,byep1241,byep1241,NO
came1252.csv,came1252,came1252,NO
ceba1235.csv,ceba1235,ceba1235,NO
cent2018.csv,cent2018,cent2018,NO
cerm1238.csv,cerm1238,cerm1238,NO
chak1271.csv,chak1271,chak1271,NO
chal1269.csv,chal1269,chal1269,NO
chee1238.csv,chee1238,chee1238,NO
cher1271.csv,cher1271,cher1271,NO
chig1238.csv,chig1238,chig1238,NO
chok1245.csv,chok1245,chok1245,NO
chop1243.csv,chop1243,chop1243,NO
chuk1274.csv,chuk1274,chuk1274,NO
chum1261.csv,chum1261,chum1261,NO
chuw1238.csv,chuw1238,chuw1238,NO
cici1237.csv,cici1237,cici1237,NO
cind1241.csv,cind1241,cind1241,NO
clel1238.csv,clel1238,clel1238,NO
como1258.csv,como1258,como1258,NO
cros1244.csv,cros1244,cros1244,NO
cwib1235.csv,cwib1235,cwib1235,NO
dadi1249.csv,dadi1249,dadi1249,NO
dagb1246.csv,dagb1246,dagb1246,NO
dato1239.csv,dato1239,dato1239,NO
dayy1236.csv,dayy1236,dayy1236,NO
Decimal-Africa - numerals-bamb1262-1.csv,bamb1262,bamb1262,NO
Decimal-Africa - numerals-bira1253-1.csv,bira1253,bira1253,NO
Decimal-Africa - numerals-dard1243-1.csv,dard1243,dard1243,NO
Decimal-Africa - numerals-didi1258-1.csv,didi1258,didi1258,NO
Decimal-Africa - numerals-dime1235-1.csv,dime1235,dime1235,NO
Decimal-Africa - numerals-furr1244-1-EDITED.csv,furr1244,furr1244,NO
Decimal-Africa - numerals-gumu1244-1.csv,gumu1244,gumu1244,NO
Decimal-Africa - numerals-kale1246-1.csv,kale1246,[subgroup],NO
Decimal-Africa - numerals-katl1237-1.csv,katl1237,katl1237,NO
Decimal-Africa - numerals-koyr1242-1.csv,koyr1242,koyr1242,NO
Decimal-Africa - numerals-kuna1268-1.csv,kuna1268,kuna1268,NO
Decimal-Africa - numerals-kxoe1243-1-EDITED.csv,kxoe1243,kxoe1243,NO
Decimal-Africa - numerals-laal1242-2.csv,laal1242,laal1242,NO
Decimal-Africa - numerals-mang1394-1.csv,mang1394,mang1394,NO
Decimal-Africa - numerals-mang1399-1.csv,mang1399,mang1399,NO
Decimal-Africa - numerals-melo1242-1.csv,melo1242,melo1242,NO
Decimal-Africa - numerals-nara1262-1.csv,nara1262,nara1262,NO
Decimal-Africa - numerals-nobi1240-1.csv,nobi1240,nobi1240,NO
Decimal-Africa - numerals-nucl1440-1.csv,nucl1440,nucl1440,NO
Decimal-Africa - numerals-nuuu1241-1.csv,nuuu1241,[subgroup],NO
Decimal-Africa - numerals-shek1245-1.csv,shek1245,shek1245,NO
Decimal-Africa - numerals-tama1331-2.csv,tama1331,tama1331,NO
Decimal-Africa - numerals-tega1236-1.csv,tega1236,tega1236,NO
Decimal-Africa - numerals-tira1254-1.csv,tira1254,tira1254,NO
Decimal-Africa - numerals-toro1253-1.csv,toro1253,toro1253,NO
dege1246.csv,dege1246,dege1246,NO
degg1238.csv,degg1238,degg1238,NO
delo1240.csv,delo1240,delo1240,NO
deng1250.csv,deng1250,deng1250,NO
deny1238.csv,deny1238,deny1238,NO
digo1243.csv,digo1243,digo1243,NO
diii1241.csv,diii1241,diii1241,NO
diji1241.csv,diji1241,diji1241,NO
ding1239.csv,ding1239,ding1239,NO
diri1252.csv,diri1252,diri1252,NO
dita1238.csv,dita1238,dita1238,NO
djim1235.csv,djim1235,djim1235,NO
dogo1295.csv,dogo1295,dogo1295,NO
domp1238.csv,domp1238,domp1238,NO
dong1290.csv,dong1290,dong1290,NO
doon1238.csv,doon1238,doon1238,NO
doya1240.csv,doya1240,doya1240,NO
dual1243.csv,dual1243,dual1243,NO
dugu1248.csv,dugu1248,dugu1248,NO
duma1253.csv,duma1253,duma1253,NO
duru1249.csv,duru1249,duru1249,NO
DV006a-numerals-kuru1302-1.csv,kuru1302,kuru1301,NO
DV006b-numerals-nepa1253-1.csv,nepa1253,kuru1301,NO
DV033a-numerals-nort2702-1.csv,nort2702,nort2702,NO
DV035-numerals-sout2711-1.csv,sout2711,[subgroup],NO
dyan1251.csv,dyan1251,dyan1251,NO
dzaa1238.csv,dzaa1238,dzaa1238,NO
east2387.csv,east2387,east2387,NO
east2398.csv,east2398,east2398,NO
ebir1243.csv,ebir1243,ebir1243,NO
ebug1241.csv,ebug1241,ebug1241,NO
edec1238.csv,edec1238,edec1238,NO
edei1244.csv,edei1244,edei1244,NO
edei1246.csv,edei1246,edei1246,NO
efai1241.csv,efai1241,efai1241,NO
efee1239.csv,efee1239,efee1239,NO
efik1245.csv,efik1245,efik1245,NO
eggo1239.csv,eggo1239,eggo1239,NO
ejag1239.csv,ejag1239,ejag1239,NO
EK_NK-Decimal-Africa - numerals-kale1246-1.csv,kale1246,[subgroup],NO
EK_NK-Decimal-Africa - numerals-nuuu1241-1.csv,nuuu1241,[subgroup],NO
EK_NK-Semitic_numerals-chal1275-1.csv,chal1275,chal1275,NO
EK_NK-Semitic_other West Semitic - numerals-mehr1241-1.csv,mehr1241,mehr1241,NO
ekaj1238.csv,ekaj1238,ekaj1238,NO
ekpe1253.csv,ekpe1253,ekpe1253,NO
elem1253.csv,elem1253,elem1253,NO
emai1241.csv,emai1241,emai1241,NO
enah1238.csv,enah1238,makh1264,NO
enge1239.csv,enge1239,enge1239,NO
english_mongolian_sogdian.tsv,[multiple],[multiple],NO
esan1238.csv,esan1238,esan1238,NO
esim1238.csv,esim1238,esim1238,NO
eten1239.csv,eten1239,eten1239,NO
etul1245.csv,etul1245,etul1245,NO
fali1264.csv,fali1264,sout2782,NO
fare1241.csv,fare1241,fare1241,NO
fonn1241.csv,fonn1241,fonn1241,NO
food1238.csv,food1238,food1238,NO
fuli1240.csv,fuli1240,fuli1240,NO
fung1245.csv,fung1245,fung1245,NO
furu1242.csv,furu1242,furu1242,NO
fyam1238.csv,fyam1238,fyam1238,NO
gaaa1244.csv,gaaa1244,gaaa1244,NO
gaam1241.csv,gaam1241,gaam1241,NO
gaan1243.csv,gaan1243,gaan1243,NO
gabr1253.csv,gabr1253,gabr1253,NO
gala1264.csv,gala1264,gala1264,NO
gamo1243.csv,gamo1243,gamo1243,NO
ganz1246.csv,ganz1246,ganz1246,NO
garr1259.csv,garr1259,garr1259,NO
gava1241.csv,gava1241,gava1241,NO
gaww1239.csv,gaww1239,gaww1239,NO
gayi1237.csv,gayi1237,gayi1237,NO
gban1258.csv,gban1258,gban1258,NO
gban1260.csv,gban1260,gban1260,NO
gbar1246.csv,gbar1246,gbar1246,NO
gbay1281.csv,gbay1281,gbay1281,NO
gbay1287.csv,gbay1287,gbay1287,NO
ghom1247.csv,ghom1247,ghom1247,NO
ghot1243.csv,ghot1243,ghot1243,NO
gimm1241.csv,gimm1241,gimm1241,NO
gito1238.csv,gito1238,gito1238,NO
goka1239.csv,goka1239,goka1239,NO
gola1255.csv,gola1255,gola1255,NO
googleuninum-arb.csv,stan1318,stan1318,NO
googleuninum-aze_az.csv,azer1255,[subgroup],NO
googleuninum-ctg.csv,chit1275,chit1275,NO
googleuninum-hat.csv,hait1244,hait1244,NO
googleuninum-hmn.csv,nucl1720,[subgroup],NO
googleuninum-hrv.csv,croa1245,sout1528,NO
googleuninum-mon.csv,mong1331,[subgroup],NO
googleuninum-mwr.csv,raja1256,[subgroup],NO
googleuninum-ori.csv,macr1269,[subgroup],NO
googleuninum-orm.csv,nucl1736,[subgroup],NO
googleuninum-pus.csv,nucl1276,[subgroup],NO
googleuninum-que_quechua.csv,quec1387,[subgroup],NO
googleuninum-que_spanish.csv,span1267,[subgroup],NO
googleuninum-rkt.csv,rang1265,rang1265,NO
googleuninum-sqi.csv,alba1267,[subgroup],NO
googleuninum-srd.csv,sard1257,[subgroup],NO
googleuninum-tks.csv,take1255,take1255,NO
googleuninum-uzb.csv,uzbe1247,[subgroup],NO
googleuninum-wne.csv,wane1241,wane1241,NO
googleuninum-yid.csv,yidd1255,[subgroup],NO
guaa1238.csv,guaa1238,guaa1238,NO
gula1268.csv,gula1268,gula1268,NO
gung1250.csv,gung1250,gung1250,NO
gusi1246.csv,gusi1246,gusi1246,NO
gwer1238.csv,gwer1238,gwer1238,NO
gyel1242.csv,gyel1242,gyel1242,NO
hang1258.csv,hang1258,hang1258,NO
hema1238.csv,hema1238,hema1238,NO
hiju1238.csv,hiju1238,hiju1238,NO
hone1235.csv,hone1235,hone1235,NO
huns1239.csv,huns1239,huns1239,NO
hyam1245.csv,hyam1245,hyam1245,NO
ibib1240.csv,ibib1240,ibib1240,NO
idak1243.csv,idak1243,idak1243,NO
idom1241.csv,idom1241,idom1241,NO
IE001a-googleuninum-sqi.csv,alba1267,[subgroup],NO
IE014a-googleuninum-hrv.csv,croa1245,sout1528,NO
IE014b-numerals-mont1282-1.csv,mont1282,sout1528,NO
IE014c-numerals-serb1264-1.csv,serb1264,sout1528,NO
IE088a-googleuninum-ori.csv,macr1269,[subgroup],NO
IE094a-numerals-mirp1238-1.csv,mirp1238,paha1251,NO
IE100a-numerals-decc1239-1.csv,decc1239,mara1378,NO
IE118a-googleuninum-mwr.csv,raja1256,[subgroup],NO
IE134a-numerals-east1436-1.csv,east1436,[subgroup],NO
IE149a-numerals-chha1249-1.csv,chha1249,chha1249,NO
IE153a-numerals-zarg1238-1.csv,zarg1238,balk1252,NO
IE191a-numerals-aret1240-1.csv,aret1240,nort2666,NO
IE191b-numerals-chal1263-1.csv,chal1263,nort2666,NO
IE191c-numerals-nort2666-1_edited.csv,nort2666,nort2666,NO
IE193a-numerals-nort2665-1edited.csv,nort2665,nort2665,NO
IE193b-numerals-sanj1275-1.csv,sanj1275,nort2665,NO
IE197a-numerals-shug1248-1.csv,shug1248,shug1248,NO
IE199a-numerals-munj1244-1.csv,munj1244,munj1244,NO
IE226a-googleuninum-pus.csv,nucl1276,[subgroup],NO
IE230-numerals-sang1343-1-edited.csv,sang1343,[subgroup],NO
IE245a-numerals-kamv1242-1-edited.csv,kamv1242,kati1270,NO
IE276a-numerals-auve1239-1.csv,auve1239,occi1239,NO
IE276b-numerals-lang1309-1_edit-edited.csv,lang1309,occi1239,NO
IE276c-numerals-limo1246-1_edit-edited.csv,limo1246,occi1239,NO
IE276d-numerals-prov1235-1-edited.csv,prov1235,occi1239,NO
IE288a-googleuninum-srd.csv,sard1257,[subgroup],NO
ifee1241.csv,ifee1241,ifee1241,NO
iged1239.csv,iged1239,iged1239,NO
igoo1238.csv,igoo1238,igoo1238,NO
igut1238.csv,igut1238,igut1238,NO
ikul1238.csv,ikul1238,ikul1238,NO
ikwe1242.csv,ikwe1242,ikwe1242,NO
irig1241.csv,irig1241,irig1241,NO
isok1239.csv,isok1239,isok1239,NO
isum1240.csv,isum1240,isum1240,NO
ivbi1241.csv,ivbi1241,ivbi1241,NO
iyiv1238.csv,iyiv1238,iyiv1238,NO
izer1241.csv,izer1241,izer1241,NO
izie1238.csv,izie1238,izie1238,NO
jara1263.csv,jara1263,jara1263,NO
jaya1242.csv,jaya1242,jaya1242,NO
jiba1237.csv,jiba1237,jiba1237,NO
jibu1239.csv,jibu1239,jibu1239,NO
jjuu1238.csv,jjuu1238,jjuu1238,NO
jola1262.csv,jola1262,jola1262,NO
jola1263.csv,jola1263,jola1263,NO
jurm1239.csv,jurm1239,jurm1239,NO
jwir1241.csv,jwir1241,jwir1241,NO
kaan1246.csv,kaan1246,kaan1246,NO
kaan1247.csv,kaan1247,kaan1247,NO
kaba1281.csv,kaba1281,kaba1281,NO
kabi1261.csv,kabi1261,kabi1261,NO
kabw1241.csv,kabw1241,kabw1241,NO
kagf1238.csv,kagf1238,kagf1238,NO
kaka1264.csv,kaka1264,kaka1264,NO
kala1384.csv,kala1384,kala1384,NO
kale1246.csv,kale1246,[subgroup],NO
kama1357.csv,kama1357,kama1357,NO
kamm1249.csv,kamm1249,kamm1249,NO
kant1249.csv,kant1249,kant1249,NO
kapy1238.csv,kapy1238,kapy1238,NO
kara1478.csv,kara1478,kara1478,NO
kara1482.csv,kara1482,kara1482,NO
kara1483.csv,kara1483,kara1483,NO
karo1294.csv,karo1294,karo1294,NO
kase1253.csv,kase1253,kase1253,NO
keiy1238.csv,keiy1238,keiy1238,NO
keli1248.csv,keli1248,keli1248,NO
keme1240.csv,keme1240,keme1240,NO
kemp1234.csv,kemp1234,kemp1234,NO
keng1240.csv,keng1240,keng1240,NO
keny1279.csv,keny1279,keny1279,NO
khan1278.csv,khan1278,khan1278,NO
khis1238.csv,khis1238,khis1238,NO
kimm1246.csv,kimm1246,kimm1246,NO
kiny1244.csv,kiny1244,kiny1244,NO
kisi1243.csv,kisi1243,kisi1243,NO
kolb1240.csv,kolb1240,kolb1240,NO
koma1266.csv,koma1266,koma1266,NO
konk1269.csv,konk1269,konk1269,NO
konn1242.csv,konn1242,konn1242,NO
kono1265.csv,kono1265,kono1265,NO
koro1298.csv,koro1298,koro1298,NO
koro1304.csv,koro1304,koro1304,NO
koti1238.csv,koti1238,koti1238,NO
kpas1242.csv,kpas1242,kpas1242,NO
krac1238.csv,krac1238,krac1238,NO
krim1238.csv,krim1238,bomk1234,NO
kuke1242.csv,kuke1242,kuke1242,NO
kukk1239.csv,kukk1239,kukk1239,NO
kuma1275.csv,kuma1275,kuma1275,NO
kung1260.csv,kung1260,kung1260,NO
kuoo1238.csv,kuoo1238,kuoo1238,NO
kups1238.csv,kups1238,kups1238,NO
kura1249.csv,kura1249,kura1249,NO
kusa1250.csv,kusa1250,kusa1250,NO
kute1248.csv,kute1248,kute1248,NO
kutu1263.csv,kutu1263,kutu1263,NO
kuwa1246.csv,kuwa1246,kuwa1246,NO
kwaa1262.csv,kwaa1262,kwaa1262,NO
kwaj1242.csv,kwaj1242,kwaj1242,NO
kwak1266.csv,kwak1266,kwak1266,NO
kwan1273.csv,kwan1273,kwan1273,NO
kwan1276.csv,kwan1276,kwan1276,NO
kwas1243.csv,kwas1243,kwas1243,NO
kway1241.csv,kway1241,kway1241,NO
kwer1261.csv,kwer1261,kwer1261,NO
laal1241.csv,laal1241,laal1241,NO
laar1238.csv,laar1238,laar1238,NO
laim1240.csv,laim1240,laim1240,NO
lala1265.csv,lala1265,lala1264,NO
lama1275.csv,lama1275,lama1275,NO
lamn1239-1.csv,lamn1239,lamn1239,NO
land1256.csv,land1256,land1256,NO
lang1318.csv,lang1318,lang1318,NO
lang1324.csv,lang1324,lang1324,NO
lega1249.csv,lega1249,lega1249,NO
leha1242.csv,leha1242,leha1242,NO
lele1265.csv,lele1265,lele1265,NO
leng1258.csv,leng1258,leng1258,NO
lenj1248.csv,lenj1248,lenj1248,NO
liji1238.csv,liji1238,liji1238,NO
lika1243.csv,lika1243,lika1243,NO
likw1239.csv,likw1239,likw1239,NO
lima1246.csv,lima1246,lima1246,NO
limb1268.csv,limb1268,limb1268,NO
loba1239.csv,loba1239,loba1239,NO
lobi1245.csv,lobi1245,lobi1245,NO
logo1259.csv,logo1259,logo1259,NO
loka1252.csv,loka1252,loka1252,NO
long1387.csv,long1387,long1387,NO
long1389.csv,long1389,long1389,NO
lopi1242.csv,lopi1242,lopi1242,NO
luba1249.csv,luba1249,luba1249,NO
luba1250.csv,luba1250,luba1250,NO
luch1239.csv,luch1239,luch1239,NO
lufu1237.csv,lufu1237,lufu1237,NO
lugb1240.csv,lugb1240,lugb1240,NO
lumb1249.csv,lumb1249,lumb1249,NO
luok1236.csv,luok1236,luok1236,NO
luto1241.csv,luto1241,luto1241,NO
luwo1239.csv,luwo1239,luwo1239,NO
lyel1241.csv,lyel1241,lyel1241,NO
maba1273.csv,maba1273,maba1273,NO
mach1266.csv,mach1266,mach1266,NO
mada1282.csv,mada1282,mada1282,NO
madi1260.csv,madi1260,madi1260,NO
makh1261.csv,makh1261,makh1261,NO
makh1262.csv,makh1262,makh1262,NO
makw1236.csv,makw1236,makw1236,NO
malb1235.csv,malb1235,malb1235,NO
mamp1244.csv,mamp1244,mamp1244,NO
mang1394.csv,mang1394,mang1394,NO
mang1398.csv,mang1398,mang1398,NO
mank1251.csv,mank1251,mank1251,NO
mans1259.csv,mans1259,mans1259,NO
mark1255.csv,mark1255,mark1255,NO
mbaa1245.csv,mbaa1245,mbaa1245,NO
mban1263.csv,mban1263,mban1263,NO
mbay1241.csv,mbay1241,mbay1241,NO
mbel1240.csv,mbel1240,mbel1240,NO
mbug1242.csv,mbug1242,mbug1242,NO
mbuk1240.csv,mbuk1240,mbuk1240,NO
mbul1258.csv,mbul1258,mbul1258,NO
mbul1262.csv,mbul1262,mbul1262,NO
mbuu1238.csv,mbuu1238,mbuu1238,NO
medu1238.csv,medu1238,medu1238,NO
mend1261.csv,mend1261,mend1261,NO
meng1263.csv,meng1263,eton1253,NO
meng1264.csv,meng1264,meng1264,NO
mfum1238.csv,mfum1238,mfum1238,NO
miyo1238.csv,miyo1238,miyo1238,NO
moba1244.csv,moba1244,moba1244,NO
mogh1246.csv,mogh1246,meta1238,NO
momj1237.csv,momj1237,momj1237,NO
mono1270.csv,mono1270,mono1270,NO
monz1249.csv,monz1249,monz1249,NO
moru1253.csv,moru1253,moru1253,NO
moss1236.csv,moss1236,moss1236,NO
mpon1254.csv,mpon1254,mpon1254,NO
mund1325.csv,mund1325,mund1325,NO
mund1326.csv,mund1326,mund1326,NO
mund1327.csv,mund1327,mund1327,NO
mund1328.csv,mund1328,mund1328,NO
mung1267.csv,mung1267,ncan1245,NO
mush1238.csv,mush1238,zigu1244,NO
mvub1239.csv,mvub1239,mvub1239,NO
mwes1234.csv,mwes1234,mwes1234,NO
naba1253.csv,naba1253,naba1253,NO
nafa1258.csv,nafa1258,nafa1258,NO
naki1238.csv,naki1238,naki1238,NO
nalu1240.csv,nalu1240,nalu1240,NO
nand1264.csv,nand1264,nand1264,NO
nate1242.csv,nate1242,nate1242,NO
nawd1238.csv,nawd1238,nawd1238,NO
ndan1241.csv,ndan1241,ndan1241,NO
ndem1249.csv,ndem1249,ndem1249,NO
nden1249.csv,nden1249,nden1249,NO
nden1250.csv,nden1250,nden1250,NO
ndog1248.csv,ndog1248,ndog1248,NO
ndoo1241.csv,ndoo1241,ndoo1241,NO
ndoo1242.csv,ndoo1242,ndoo1242,NO
ngam1267.csv,ngam1267,ngam1267,NO
ngam1268.csv,ngam1268,ngam1268,NO
ngam1269.csv,ngam1269,ngam1269,NO
ngba1284.csv,ngba1284,ngba1284,NO
ngba1285.csv,ngba1285,ngba1285,NO
ngel1238.csv,ngel1238,ngel1238,NO
ngie1241.csv,ngie1241,ngie1241,NO
ngie1242.csv,ngie1242,ngie1242,NO
ngit1239.csv,ngit1239,ngit1239,NO
ngom1268.csv,ngom1268,ngom1268,NO
ngom1271.csv,ngom1271,ngom1271,NO
ngun1272.csv,ngun1272,ngun1272,NO
ngwe1238.csv,ngwe1238,ngwe1238,NO
ngwo1241.csv,ngwo1241,ngwo1241,NO
niel1243.csv,niel1243,niel1243,NO
nige1255.csv,nige1255,nige1255,NO
ninz1246.csv,ninz1246,ninz1246,NO
nkem1242.csv,nkem1242,nkem1242,NO
nkhu1238.csv,nkhu1238,nkhu1238,NO
noon1242.csv,noon1242,noon1242,NO
noon1243.csv,noon1243,noon1243,NO
nort2770.csv,nort2770,nort2770,NO
nort2774.csv,nort2774,nort2774,NO
nort2775.csv,nort2775,nort2775,NO
nort2780.csv,nort2780,nort2780,NO
nort2784.csv,nort2784,nort2784,NO
nort2787.csv,nort2787,nort2787,NO
nort2815.csv,nort2815,nort2815,NO
notr1240.csv,notr1240,notr1240,NO
nsar1238.csv,nsar1238,nsar1238,NO
nsen1242.csv,nsen1242,nsen1242,NO
ntch1242.csv,ntch1242,ntch1242,NO
nuba1241.csv,nuba1241,nuba1241,NO
nucl1240.csv,nucl1240,nucl1240,NO
nucl1410.csv,nucl1410,befa1241,NO
nucl1417.csv,nucl1417,nucl1417,NO
nuer1246.csv,nuer1246,nuer1246,NO
numerals-aari1239-1.csv,aari1239,aari1239,NO
numerals-abro1238-1.csv,abro1238,abro1238,NO
numerals-abur1243-1.csv,abur1243,abur1243,NO
numerals-acha1249-1.csv,acha1249,acha1249,NO
numerals-adam1253-1.csv,adam1253,adam1253,NO
numerals-adan1247-1.csv,adan1247,adan1247,NO
numerals-adan1248-1.csv,adan1248,adan1248,NO
numerals-adio1239-1.csv,adio1239,adio1239,NO
numerals-afit1238-1.csv,afit1238,afit1238,NO
numerals-afri1274-1.csv,afri1274,afri1274,NO
numerals-aghe1239-1.csv,aghe1239,aghe1239,NO
numerals-ahan1243-1.csv,ahan1243,ahan1243,NO
numerals-aher1237-1.csv,aher1237,aher1237,NO
numerals-aheu1239-1.csv,aheu1239,aheu1239,NO
numerals-aich1238-1edited.csv,aich1238,aich1238,NO
numerals-aimo1244-1.csv,aimo1244,aimo1244,NO
numerals-aito1238-1.csv,aito1238,aito1238,NO
numerals-ajab1235-2.csv,ajab1235,ajab1235,NO
numerals-akan1250-1.csv,akan1250,akan1250,NO
numerals-akas1242.csv,akas1242,akas1242,NO
numerals-akeb1238-1.csv,akeb1238,akeb1238,NO
numerals-akeu1235-1.csv,akeu1235,akeu1235,NO
numerals-akha1245-1.csv,akha1245,akha1245,NO
numerals-akoo1248-1.csv,akoo1248,akoo1248,NO
numerals-akpe1248-1.csv,akpe1248,akpe1248,NO
numerals-akwa1248-1.csv,akwa1248,akwa1248,NO
numerals-alag1242-1.csv,alag1242,alag1242,NO
numerals-alak1253-1.csv,alak1253,alak1253,NO
numerals-alas1253-1.csv,alas1253,nort2665,NO
numerals-alla1248-1.csv,alla1248,alla1248,NO
numerals-aluk1238-1.csv,aluk1238,aluk1238,NO
numerals-amas1236-1.csv,amas1236,amas1236,NO
numerals-amba1263-1.csv,amba1263,amba1263,NO
numerals-amdo1237-1.csv,amdo1237,amdo1237,NO
numerals-ampa1238-1.csv,ampa1238,ampa1238,NO
numerals-amri1238-1edited.csv,amri1238,amri1238,NO
numerals-anaa1238.csv,anaa1238,anaa1238,NO
numerals-anal1239-1.csv,anal1239,anal1239,NO
numerals-anfi1235-1.csv,anfi1235,anfi1235,NO
numerals-angi1238-1.csv,angi1238,angi1238,NO
numerals-anii1245-1.csv,anii1245,anii1245,NO
numerals-anim1239-1.csv,anim1239,anim1239,NO
numerals-anuf1239-1.csv,anuf1239,anuf1239,NO
numerals-anuu1243-1.csv,anuu1243,anuu1241,NO
numerals-anyi1245-1.csv,anyi1245,anyi1245,NO
numerals-aoua1234-1.csv,aoua1234,aoua1234,NO
numerals-arag1245-1.csv,arag1245,arag1245,NO
numerals-aran1261-1.csv,aran1261,aran1261,NO
numerals-arbe1236-1.csv,arbe1236,arbe1236,NO
numerals-arem1240-1.csv,arem1240,arem1240,NO
numerals-aret1240-1.csv,aret1240,nort2666,NO
numerals-arom1237-1.csv,arom1237,arom1237,NO
numerals-ashk1246-1.csv,ashk1246,ashk1246,NO
numerals-asho1236-1.csv,asho1236,asho1236,NO
numerals-astu1245-1.csv,astu1245,astu1245,NO
numerals-asur1254-1.csv,asur1254,asur1254,NO
numerals-asut1235-1.csv,asut1235,asut1235,NO
numerals-athp1241-1.csv,athp1241,athp1241,NO
numerals-aton1241-1.csv,aton1241,aton1241,NO
numerals-auve1239-1.csv,auve1239,occi1239,NO
numerals-avat1244-1.csv,avat1244,avat1244,NO
numerals-avik1243-1.csv,avik1243,avik1243,NO
numerals-awad1243-1.csv,awad1243,awad1243,NO
numerals-awut1241-1.csv,awut1241,awut1241,NO
numerals-awuu1235-1.csv,awuu1235,awuu1235,NO
numerals-axiy1235-1.csv,axiy1235,axiy1235,NO
numerals-azha1235-1.csv,azha1235,azha1235,NO
numerals-azhe1235-1.csv,azhe1235,azhe1235,NO
numerals-bafi1243-1.csv,bafi1243,bafi1243,NO
numerals-bagi1246-1.csv,bagi1246,bagi1246,NO
numerals-bagr1243-1.csv,bagr1243,bagr1243,NO
numerals-baha1256-1.csv,baha1256,baha1256,NO
numerals-bahn1262-1.csv,bahn1262,bahn1262,NO
numerals-baim1244-1.csv,baim1244,baim1244,NO
numerals-bain1261-1.csv,bain1261,bain1261,NO
numerals-baka1273-1.csv,baka1273,baka1273,NO
numerals-baka1274-1.csv,baka1274,baka1274,NO
numerals-bakh1245-1.csv,bakh1245,bakh1245,NO
numerals-bakw1243-1.csv,bakw1243,bakw1243,NO
numerals-bala1302-1.csv,bala1302,bala1302,NO
numerals-bali1245-1.csv,bali1245,bali1245,NO
numerals-bali1274-1.csv,bali1274,bali1274,NO
numerals-balk1252-1.csv,balk1252,balk1252,NO
numerals-balt1257-1.csv,balt1257,balt1257,NO
numerals-balt1258-1.csv,balt1258,balt1258,NO
numerals-bamb1269-1.csv,bamb1269,bamb1269,NO
numerals-bamu1253-1.csv,bamu1253,bamu1253,NO
numerals-bamw1238-1.csv,bamw1238,bamw1238,NO
numerals-band1352-1.csv,band1352,band1352,NO
numerals-bang1335-1.csv,bang1335,garh1243,NO
numerals-bank1256-1.csv,bank1256,bank1256,NO
numerals-bank1259-1.csv,bank1259,bank1259,NO
numerals-baou1238-1.csv,baou1238,baou1238,NO
numerals-barc1235-1.csv,barc1235,barc1235,NO
numerals-baro1252-1.csv,baro1252,baro1252,NO
numerals-bart1238-1.csv,bart1238,shug1248,NO
numerals-basa1284-1.csv,basa1284,basa1284,NO
numerals-bask1236-1.csv,bask1236,bask1236,NO
numerals-bass1258-1.csv,bass1258,bass1258,NO
numerals-bata1285-1.csv,bata1285,bata1285,NO
numerals-bate1261-1.csv,bate1261,bate1261,NO
numerals-bate1262-1.csv,bate1262,bate1262,NO
numerals-baur1251-1.csv,baur1251,baur1251,NO
numerals-bava1246-1.csv,bava1246,bava1246,NO
numerals-bawm1236-1edited.csv,bawm1236,bawm1236,NO
numerals-bedi1235-1.csv,bedi1235,bedi1235,NO
numerals-beem1239-1.csv,beem1239,beem1239,NO
numerals-bekw1242-1.csv,bekw1242,bekw1242,NO
numerals-bela1254-1.csv,bela1254,bela1254,NO
numerals-belh1239-1.csv,belh1239,belh1239,NO
numerals-bemb1257-1.csv,bemb1257,bemb1257,NO
numerals-bena1262-1.csv,bena1262,bena1262,NO
numerals-benc1235-1edited.csv,benc1235,benc1235,NO
numerals-bend1258-1.csv,bend1258,bend1258,NO
numerals-beng1282-1.csv,beng1282,beng1282,NO
numerals-beng1286-1.csv,beng1286,beng1286,NO
numerals-bent1238-1.csv,bent1238,bent1238,NO
numerals-bera1259-1.csv,bera1259,bera1259,NO
numerals-bert1248-1.csv,bert1248,bert1248,NO
numerals-besi1244-1.csv,besi1244,besi1244,NO
numerals-bete1261-1.csv,bete1261,bete1261,NO
numerals-bete1262-1.csv,bete1262,bete1262,NO
numerals-beti1248-1.csv,beti1248,beti1248,NO
numerals-bett1235-1.csv,bett1235,bett1235,NO
numerals-bhad1241-1.csv,bhad1241,bhad1241,NO
numerals-bhar1241-1.csv,bhar1241,bhar1241,NO
numerals-bhat1265-1.csv,bhat1265,bhat1265,NO
numerals-bhil1251-1.csv,bhil1251,bhil1251,NO
numerals-bhoj1244-1.csv,bhoj1244,bhoj1244,NO
numerals-bhum1234-1.csv,bhum1234,mund1320,NO
numerals-biao1253-1.csv,biao1253,biao1253,NO
numerals-bidy1244-1.csv,bidy1244,bidy1244,NO
numerals-biet1238-1.csv,biet1238,biet1238,NO
numerals-bijo1238-1.csv,bijo1238,bijo1238,NO
numerals-bila1255-1.csv,bila1255,bila1255,NO
numerals-birh1242-1.csv,birh1242,birh1242,NO
numerals-bish1244-1.csv,bish1244,bish1244,NO
numerals-biss1248-1.csv,biss1248,biss1248,NO
numerals-bisu1244-1.csv,bisu1244,bisu1244,NO
numerals-bitt1240-1.csv,bitt1240,bitt1240,NO
numerals-biyo1243-1.csv,biyo1243,biyo1243,NO
numerals-blan1242-1.csv,blan1242,blan1242,NO
numerals-bodo1266-1.csv,bodo1266,bodo1266,NO
numerals-bodo1267-1.csv,bodo1267,bodo1267,NO
numerals-boko1266-1.csv,boko1266,boko1266,NO
numerals-boko1267-1.csv,boko1267,boko1267,NO
numerals-bolo1260-1.csv,bolo1260,emil1241,NO
numerals-bolo1263-1.csv,bolo1263,bolo1263,NO
numerals-bolo1266-1.csv,bolo1266,bolo1266,NO
numerals-boly1239-1.csv,boly1239,boly1239,NO
numerals-bond1245-1.csv,bond1245,bond1245,NO
numerals-bond1248-1.csv,bond1248,bond1248,NO
numerals-boro1277-1edited.csv,boro1277,boro1277,NO
numerals-bosn1245-1.csv,bosn1245,sout1528,NO
numerals-bouy1240-1.csv,bouy1240,bouy1240,NO
numerals-brah1256-1.csv,brah1256,brah1256,NO
numerals-brek1238-2.csv,brek1238,brek1238,NO
numerals-bret1244-1.csv,bret1244,bret1244,NO
numerals-brok1247-1.csv,brok1247,brok1247,NO
numerals-budu1250-1.csv,budu1250,budu1250,NO
numerals-budz1238-1.csv,budz1238,budz1238,NO
numerals-buga1247-1.csv,buga1247,buga1247,NO
numerals-bugu1246-1.csv,bugu1246,bugu1246,NO
numerals-bujh1238-1.csv,bujh1238,bujh1238,NO
numerals-buku1249-1.csv,buku1249,buku1249,NO
numerals-bulg1262-1.csv,bulg1262,bulg1262,NO
numerals-bulo1242-1.csv,bulo1242,bulo1242,NO
numerals-bulu1251-1.csv,bulu1251,bulu1251,NO
numerals-burg1246-1.csv,burg1246,carp1235,NO
numerals-busa1253.csv,busa1253,busa1253,NO
numerals-bwek1238-1.csv,bwek1238,bwek1238,NO
numerals-camp1261-1.csv,camp1261,camp1261,NO
numerals-capp1239-1.csv,capp1239,capp1239,NO
numerals-cara1245-1.csv,cara1245,[unclassifiable],NO
numerals-cash1251-1.csv,cash1251,cash1251,NO
numerals-cash1254-2.csv,cash1254,cash1254,NO
numerals-cent1972-1.csv,cent1972,cent1972,NO
numerals-cent1989-1.csv,cent1989,cent1989,NO
numerals-cent1990-1.csv,cent1990,cent1990,NO
numerals-cent1992-1.csv,cent1992,cent1992,NO
numerals-cent2004-1edited.csv,cent2004,cent2004,NO
numerals-cent2041-1.csv,cent2041,cent2041,NO
numerals-chad1240-1.csv,chad1240,chad1240,NO
numerals-chad1249-1.csv,chad1249,chad1249,NO
numerals-chak1266-1.csv,chak1266,chak1266,NO
numerals-chak1270-1.csv,chak1270,chak1270,NO
numerals-chal1263-1.csv,chal1263,nort2666,NO
numerals-chal1275-1.csv,chal1275,chal1275,NO
numerals-chan1309-1.csv,chan1309,chan1309,NO
numerals-chan1310-1.csv,chan1310,chan1310,NO
numerals-chan1313-1edited.csv,chan1313,chan1313,NO
numerals-chan1325-1.csv,chan1325,hakk1236,NO
numerals-char1269-1edited.csv,char1269,char1269,NO
numerals-chau1259-1.csv,chau1259,chau1259,NO
numerals-chep1245-1edited.csv,chep1245,chep1245,NO
numerals-chew1245-1.csv,chew1245,chew1245,NO
numerals-chha1249-1.csv,chha1249,chha1249,NO
numerals-chhi1245-3.csv,chhi1245,chhi1245,NO
numerals-chhu1238-1.csv,chhu1238,chhu1238,NO
numerals-chin1475-1.csv,chin1475,chin1475,NO
numerals-chin1478-1.csv,chin1478,chin1478,NO
numerals-chir1283-1.csv,chir1283,chir1283,NO
numerals-chit1274-1.csv,chit1274,chit1274,NO
numerals-chit1279-1.csv,chit1279,chit1279,NO
numerals-chit1280-1.csv,chit1280,asho1236,NO
numerals-chod1238-1.csv,chod1238,chod1238,NO
numerals-chok1245-1.csv,chok1245,chok1245,NO
numerals-chon1284-1.csv,chon1284,chon1284,NO
numerals-chot1239-1.csv,chot1239,chot1239,NO
numerals-chra1242-1.csv,chra1242,chra1242,NO
numerals-chug1252-1.csv,chug1252,chug1252,NO
numerals-chut1247-1.csv,chut1247,chut1247,NO
numerals-cimb1238-1_edit.csv,cimb1238,cimb1238,NO
numerals-coon1239-1.csv,coon1239,coon1239,NO
numerals-corn1251-1.csv,corn1251,corn1251,NO
numerals-cors1241-1.csv,cors1241,cors1241,NO
numerals-cuaa1241-1.csv,cuaa1241,cuaa1241,NO
numerals-cung1238-1.csv,cung1238,cung1238,NO
numerals-cunn1236-1.csv,cunn1236,cunn1236,NO
numerals-czec1258-1.csv,czec1258,czec1258,NO
numerals-daai1236-1.csv,daai1236,daai1236,NO
numerals-dakp1242-1.csv,dakp1242,dakp1242,NO
numerals-dale1238-1_edit.csv,dale1238,dale1238,NO
numerals-dalo1238-1.csv,dalo1238,dalo1238,NO
numerals-dame1241-1edited.csv,dame1241,dame1241,NO
numerals-dana1252-1.csv,dana1252,dana1252,NO
numerals-dand1238-1.csv,dand1238,dand1238,NO
numerals-dang1260-1edited.csv,dang1260,dang1260,NO
numerals-dani1285-1.csv,dani1285,dani1285,NO
numerals-dann1241-1.csv,dann1241,dann1241,NO
numerals-dara1250-1.csv,dara1250,dara1250,NO
numerals-dari1249-1.csv,dari1249,dari1249,NO
numerals-darm1243-1.csv,darm1243,darm1243,NO
numerals-decc1239-1.csv,decc1239,mara1378,NO
numerals-deor1238-1.csv,deor1238,deor1238,NO
numerals-dewo1238-1.csv,dewo1238,dewo1238,NO
numerals-dhat1238-1.csv,dhat1238,dhat1238,NO
numerals-dhim1246-1.csv,dhim1246,dhim1246,NO
numerals-dhiv1236-1.csv,dhiv1236,dhiv1236,NO
numerals-dhod1238-1.csv,dhod1238,dhod1238,NO
numerals-dhul1234-1.csv,dhul1234,byan1241,NO
numerals-digo1242-1.csv,digo1242,digo1242,NO
numerals-dill1242.csv,dill1242,dill1242,NO
numerals-dima1251-1.csv,dima1251,dima1251,NO
numerals-dime1235-1.csv,dime1235,dime1235,NO
numerals-diml1238-1.csv,diml1238,diml1238,NO
numerals-dira1243-1.csv,dira1243,tsha1245,NO
numerals-dogu1235-1.csv,dogu1235,dogu1235,NO
numerals-dolp1239-1.csv,dolp1239,dolp1239,NO
numerals-doma1258-1edited.csv,doma1258,doma1258,NO
numerals-doma1260-1.csv,doma1260,doma1260,NO
numerals-dong1286-1.csv,dong1286,dong1286,NO
numerals-dong1288.csv,dong1288,kenu1236,NO
numerals-donn1239-1.csv,donn1239,donn1239,NO
numerals-dorz1235-1.csv,dorz1235,dorz1235,NO
numerals-drun1238-1.csv,drun1238,drun1238,NO
numerals-dual1243-1.csv,dual1243,dual1243,NO
numerals-dung1251-1.csv,dung1251,dung1251,NO
numerals-dung1252-1.csv,dung1252,dung1252,NO
numerals-dura1244-1.csv,dura1244,dura1244,NO
numerals-duru1236-1.csv,duru1236,duru1236,NO
numerals-dutc1256-1.csv,dutc1256,dutc1256,NO
numerals-duun1242-1.csv,duun1242,duun1242,NO
numerals-duup1238-1.csv,duup1238,duup1238,NO
numerals-dwan1238-1.csv,dwan1238,dwan1238,NO
numerals-dyul1238-1.csv,dyul1238,dyul1238,NO
numerals-dzal1238-1.csv,dzal1238,dzal1238,NO
numerals-dzon1239-1.csv,dzon1239,dzon1239,NO
numerals-dzuu1241-1.csv,dzuu1241,dzuu1241,NO
numerals-east1236-1.csv,east1236,east1236,NO
numerals-east1436-1.csv,east1436,[subgroup],NO
numerals-east2295-1.csv,east2295,east2295,NO
numerals-east2304-1.csv,east2304,east2304,NO
numerals-east2330-1.csv,east2330,east2330,NO
numerals-east2332-1.csv,east2332,east2332,NO
numerals-east2333-1.csv,east2333,east2333,NO
numerals-east2340-1.csv,east2340,east2340,NO
numerals-east2342-1.csv,east2342,east2342,NO
numerals-east2347-1.csv,east2347,east2347,NO
numerals-east2352-1.csv,east2352,east2352,NO
numerals-east2354-1.csv,east2354,east2354,NO
numerals-east2679-1.csv,east2679,mehr1241,NO
numerals-eeee1240-1.csv,eeee1240,eeee1240,NO
numerals-egyp1253-1.csv,egyp1253,egyp1253,NO
numerals-elip1238-1.csv,elip1238,elip1238,NO
numerals-eloy1241-1.csv,eloy1241,eloy1241,NO
numerals-embu1241-1.csv,embu1241,embu1241,NO
numerals-ennn1243-1.csv,ennn1243,ennn1243,NO
numerals-erav1242-2.csv,erav1242,erav1242,NO
numerals-ersu1241-1.csv,ersu1241,ersu1241,NO
numerals-eton1253-1.csv,eton1253,eton1253,NO
numerals-ewee1241-1.csv,ewee1241,ewee1241,NO
numerals-ewon1239-1.csv,ewon1239,ewon1239,NO
numerals-extr1243-1.csv,extr1243,extr1243,NO
numerals-fala1241-1.csv,fala1241,fala1241,NO
numerals-fala1243-1.csv,fala1243,fala1243,NO
numerals-fang1246-1.csv,fang1246,fang1246,NO
numerals-faro1244-1.csv,faro1244,faro1244,NO
numerals-farw1235-1.csv,farw1235,farw1235,NO
numerals-fefe1239-1.csv,fefe1239,fefe1239,NO
numerals-fiji1242-1.csv,fiji1242,fiji1242,NO
numerals-fipa1238-1.csv,fipa1238,fipa1238,NO
numerals-fran1260-1.csv,fran1260,fran1260,NO
numerals-friu1240-1.csv,friu1240,friu1240,NO
numerals-furr1244-1.csv,furr1244,furr1244,NO
numerals-gaam1241-1.csv,gaam1241,gaam1241,NO
numerals-gade1236-1.csv,gade1236,gade1236,NO
numerals-gagn1235-1.csv,gagn1235,gagn1235,NO
numerals-gagu1242-1.csv,gagu1242,gagu1242,NO
numerals-gahr1239-1.csv,gahr1239,gahr1239,NO
numerals-gali1258-1.csv,gali1258,gali1258,NO
numerals-gall1276-1.csv,gall1276,gall1276,NO
numerals-gama1251-1.csv,gama1251,gama1251,NO
numerals-ganc1239-1.csv,ganc1239,ganc1239,NO
numerals-gand1255-1.csv,gand1255,gand1255,NO
numerals-gang1266-1.csv,gang1266,gang1266,NO
numerals-garo1247-1.csv,garo1247,garo1247,NO
numerals-gasc1240-1_edit.csv,gasc1240,occi1239,NO
numerals-gata1239-1.csv,gata1239,gata1239,NO
numerals-gawa1247-1.csv,gawa1247,gawa1247,NO
numerals-gbii1242-1.csv,gbii1242,gbii1242,NO
numerals-gbir1241-1.csv,gbir1241,gbir1241,NO
numerals-geba1237-1.csv,geba1237,geba1237,NO
numerals-geko1235-1edited.csv,geko1235,geko1235,NO
numerals-gela1264-1.csv,gela1264,gela1264,NO
numerals-genn1243-1.csv,genn1243,genn1243,NO
numerals-gepo1234-1.csv,gepo1234,gepo1234,NO
numerals-gheg1238-1.csv,gheg1238,gheg1238,NO
numerals-ghul1238.csv,ghul1238,ghul1238,NO
numerals-gila1241-1.csv,gila1241,gila1241,NO
numerals-gilg1242-1.csv,gilg1242,shin1264,NO
numerals-giny1241-1.csv,giny1241,giny1241,NO
numerals-giry1241-1.csv,giry1241,giry1241,NO
numerals-glio1241-1.csv,glio1241,glio1241,NO
numerals-godi1239-1.csv,godi1239,godi1239,NO
numerals-gofa1235-1.csv,gofa1235,gofa1235,NO
numerals-gogo1263-1.csv,gogo1263,gogo1263,NO
numerals-gonj1241-1.csv,gonj1241,gonj1241,NO
numerals-gour1243-1.csv,gour1243,gour1243,NO
numerals-gowr1239-1edited.csv,gowr1239,gowr1239,NO
numerals-guan1252-2.csv,guan1252,guan1266,NO
numerals-guan1266-1.csv,guan1266,guan1266,NO
numerals-guin1254-1.csv,guin1254,guin1254,NO
numerals-guiq1238-1.csv,guiq1238,guiq1238,NO
numerals-guja1253-1.csv,guja1253,guja1253,NO
numerals-gumu1244-2_update-glottocode_sout3236.csv,gumu1244,gumu1244,NO
numerals-gunn1250-1.csv,gunn1250,gunn1250,NO
numerals-gura1251-1.csv,gura1251,gura1251,NO
numerals-guro1248-1.csv,guro1248,guro1248,NO
numerals-guru1261-1.csv,guru1261,guru1261,NO
numerals-gusi1247-1.csv,gusi1247,gusi1247,NO
numerals-gwen1239-1.csv,gwen1239,gwen1239,NO
numerals-gwer1238-1.csv,gwer1238,gwer1238,NO
numerals-haaa1252-1.csv,haaa1252,haaa1252,NO
numerals-hado1235-1.csv,hado1235,hado1235,NO
numerals-hadz1240-1.csv,hadz1240,hadz1240,NO
numerals-hain1253-1.csv,hain1253,hain1253,NO
numerals-haka1240-1.csv,haka1240,haka1240,NO
numerals-hakh1236-1edited.csv,hakh1236,noct1238,NO
numerals-hakk1236-1.csv,hakk1236,hakk1236,NO
numerals-hala1252-1.csv,hala1252,hala1252,NO
numerals-hame1242-1.csv,hame1242,hame1242,NO
numerals-hani1248-1.csv,hani1248,hani1248,NO
numerals-hari1246-1.csv,hari1246,hari1246,NO
numerals-hary1238-1.csv,hary1238,hary1238,NO
numerals-harz1239-1.csv,harz1239,harz1239,NO
numerals-hass1238-1.csv,hass1238,hass1238,NO
numerals-haya1250-1.csv,haya1250,haya1250,NO
numerals-haza1239-1.csv,haza1239,haza1239,NO
numerals-hehe1240-1.csv,hehe1240,hehe1240,NO
numerals-hela1238-1.csv,hela1238,hela1238,NO
numerals-here1253-1.csv,here1253,here1253,NO
numerals-hert1241-1.csv,hert1241,hert1241,NO
numerals-hind1269-1.csv,hind1269,hind1269,NO
numerals-hkon1236-1.csv,hkon1236,anuu1241,NO
numerals-hlai1239-1.csv,hlai1239,hlai1239,NO
numerals-hlep1236-1.csv,hlep1236,hlep1236,NO
numerals-hler1235-1.csv,hler1235,hler1235,NO
numerals-hmar1241-1.csv,hmar1241,hmar1241,NO
numerals-holi1239-1.csv,holi1239,holi1239,NO
numerals-honi1244-1.csv,honi1244,honi1244,NO
numerals-horp1239-1edited.csv,horp1239,horp1239,NO
numerals-hran1239-1.csv,hran1239,hran1239,NO
numerals-hree1244-1.csv,hree1244,hree1244,NO
numerals-hrus1242-1.csv,hrus1242,hrus1242,NO
numerals-hung1275-1.csv,hung1275,hung1275,NO
numerals-hung1276-1.csv,hung1276,hung1276,NO
numerals-hung1278-1.csv,hung1278,hung1278,NO
numerals-hutt1235-1.csv,hutt1235,hutt1235,NO
numerals-huuu1240-1.csv,huuu1240,huuu1240,NO
numerals-icel1247-1.csv,icel1247,icel1247,NO
numerals-igal1242-1.csv,igal1242,igal1242,NO
numerals-igas1238-1.csv,igas1238,arig1246,NO
numerals-ikom1245-1.csv,ikom1245,ikom1245,NO
numerals-ikpo1238-1.csv,ikpo1238,ikpo1238,NO
numerals-ilwa1237-1.csv,ilwa1237,ilwa1237,NO
numerals-indu1241-1.csv,indu1241,indu1241,NO
numerals-ipul1238-1.csv,ipul1238,ipul1238,NO
numerals-iris1253-1.csv,iris1253,iris1253,NO
numerals-iron1242-1.csv,iron1242,iron1242,NO
numerals-irul1243-1.csv,irul1243,irul1243,NO
numerals-istr1244-1.csv,istr1244,istr1244,NO
numerals-istr1245-1.csv,istr1245,istr1245,NO
numerals-ital1282-1.csv,ital1282,ital1282,NO
numerals-jahh1242-1.csv,jahh1242,jahh1242,NO
numerals-jalk1242-1.csv,jalk1242,jalk1242,NO
numerals-jama1261-1.csv,jama1261,jama1261,NO
numerals-jams1239-1.csv,jams1239,jams1239,NO
numerals-jang1254-1.csv,jang1254,jang1254,NO
numerals-japh1234-1.csv,japh1234,japh1234,NO
numerals-jara1276-1.csv,jara1276,jama1261,NO
numerals-jaun1243-1.csv,jaun1243,jaun1243,NO
numerals-jeha1242-1.csv,jeha1242,jeha1242,NO
numerals-jena1242-1.csv,jena1242,jena1242,NO
numerals-jeng1241-1.csv,jeng1241,oyyy1238,NO
numerals-jenn1240-1.csv,jenn1240,jenn1240,NO
numerals-jiam1236-2.csv,jiam1236,jiam1236,NO
numerals-jian1240-1.csv,jian1240,minb1236,NO
numerals-jiao1242-1.csv,jiao1242,biao1254,NO
numerals-jiar1240-1.csv,jiar1240,[subgroup],NO
numerals-jiny1235-1.csv,jiny1235,jiny1235,NO
numerals-jire1238-1.csv,jire1238,jire1238,NO
numerals-jita1239-1.csv,jita1239,jita1239,NO
numerals-jixi1238-1.csv,jixi1238,huiz1242,NO
numerals-jowa1238-1.csv,jowa1238,pnar1238,NO
numerals-jowu1238-1.csv,jowu1238,jowu1238,NO
numerals-juan1238-1.csv,juan1238,juan1238,NO
numerals-jude1256-1.csv,jude1256,jude1256,NO
numerals-judu1234-1.csv,judu1234,whit1267,NO
numerals-jura1242-1.csv,jura1242,jura1242,NO
numerals-kach1272-1.csv,kach1272,kach1272,NO
numerals-kach1277-1.csv,kach1277,kach1277,NO
numerals-kach1280-1.csv,kach1280,kach1280,NO
numerals-kach1284-2.csv,kach1284,kach1284,NO
numerals-kaco1239-1.csv,kaco1239,kaco1239,NO
numerals-kada1282.csv,kada1282,kada1282,NO
numerals-kado1242-1edited.csv,kado1242,kado1242,NO
numerals-kafa1242-1.csv,kafa1242,kafa1242,NO
numerals-kagu1239-1.csv,kagu1239,kagu1239,NO
numerals-kaik1246-1.csv,kaik1246,kaik1246,NO
numerals-kaka1265-1.csv,kaka1265,kaka1265,NO
numerals-kako1242-1.csv,kako1242,kako1242,NO
numerals-kala1373-1.csv,kala1373,kala1373,NO
numerals-kalk1245-1.csv,kalk1245,kalk1245,NO
numerals-kalm1244-1.csv,kalm1244,kalm1243,NO
numerals-kalo1256-1.csv,kalo1256,kalo1256,NO
numerals-kamb1297-1.csv,kamb1297,kamb1297,NO
numerals-kamv1242-1.csv,kamv1242,kati1270,NO
numerals-kana1281-1.csv,kana1281,kana1281,NO
numerals-kang1280-1.csv,kang1280,kang1280,NO
numerals-kani1279-1.csv,kani1279,kani1279,NO
numerals-kany1247-1.csv,kany1247,kany1247,NO
numerals-kara1481-1.csv,kara1481,kara1481,NO
numerals-karb1241-1.csv,karb1241,karb1241,NO
numerals-kari1303-1.csv,kari1303,kari1303,NO
numerals-kark1255-1.csv,kark1255,bori1243,NO
numerals-karo1297-1.csv,karo1297,karo1297,NO
numerals-kasa1248-1.csv,kasa1248,kasa1248,NO
numerals-kash1274-1.csv,kash1274,kash1274,NO
numerals-kath1250-1.csv,kath1250,kath1250,NO
numerals-kati1270-1.csv,kati1270,kati1270,NO
numerals-katl1237-1.csv,katl1237,katl1237,NO
numerals-kats1235-1.csv,kats1235,kats1235,NO
numerals-kave1238-1.csv,kave1238,lave1249,NO
numerals-kaya1315-1.csv,kaya1315,kaya1315,NO
numerals-kele1257-1.csv,kele1257,kele1257,NO
numerals-kens1248-1.csv,kens1248,kens1248,NO
numerals-kere1283-1.csv,kere1283,kere1283,NO
numerals-kgal1244-1.csv,kgal1244,kgal1244,NO
numerals-kham1282-1.csv,kham1282,kham1282,NO
numerals-khan1272-1.csv,khan1272,khan1272,NO
numerals-khan1274-1.csv,khan1274,khan1274,NO
numerals-khir1237-1.csv,khir1237,khir1237,NO
numerals-khmu1256-3.csv,khmu1256,khmu1256,NO
numerals-khow1242-1.csv,khow1242,khow1242,NO
numerals-khum1248-1edited.csv,khum1248,khum1248,NO
numerals-khun1259-1.csv,khun1259,khun1259,NO
numerals-kiku1240-1.csv,kiku1240,kiku1240,NO
numerals-kimb1241-1.csv,kimb1241,kimb1241,NO
numerals-kims1240-1.csv,kims1240,tase1235,NO
numerals-kinn1249-1.csv,kinn1249,kinn1249,NO
numerals-kint1239-1.csv,kint1239,kint1239,NO
numerals-kisa1261-1 edited.csv,kisa1261,kuru1301,NO
numerals-kist1241-1.csv,kist1241,kist1241,NO
numerals-klao1243-1.csv,klao1243,klao1243,NO
numerals-kobi1241-1.csv,kobi1241,kobi1241,NO
numerals-koch1250-1.csv,koch1250,koch1250,NO
numerals-koda1236-1.csv,koda1236,koda1236,NO
numerals-koda1254-1.csv,koda1254,koda1254,NO
numerals-kodi1246-1.csv,kodi1246,kodi1246,NO
numerals-kohi1248-1.csv,kohi1248,kohi1248,NO
numerals-koho1244-1.csv,koho1244,koho1244,NO
numerals-koir1240-1.csv,koir1240,koir1240,NO
numerals-kokb1239-1edited.csv,kokb1239,kokb1239,NO
numerals-kolb1241-1.csv,kolb1241,kolb1241,NO
numerals-kolc1235-1.csv,kolc1235,kolc1235,NO
numerals-kols1241-1.csv,kols1241,kols1241,NO
numerals-komc1235-1.csv,komc1235,komc1235,NO
numerals-komi1270-1.csv,komi1270,komi1270,NO
numerals-komo1260-1.csv,komo1260,komo1260,NO
numerals-kond1295-1.csv,kond1295,kond1295,NO
numerals-konk1267-1.csv,konk1267,konk1267,NO
numerals-kono1268-1.csv,kono1268,kono1268,NO
numerals-koon1244-1.csv,koon1244,koon1244,NO
numerals-koon1245-1.csv,koon1245,koon1245,NO
numerals-koon1246-1.csv,koon1246,saba1262,NO
numerals-koor1239-1.csv,koor1239,koor1239,NO
numerals-koro1296-1_edit.csv,koro1296,koro1296,NO
numerals-korr1238-1.csv,korr1238,korr1238,NO
numerals-korw1242-1.csv,korw1242,korw1242,NO
numerals-kota1272-1.csv,kota1272,kota1272,NO
numerals-kota1274-1.csv,kota1274,kota1274,NO
numerals-kouy1238-1.csv,kouy1238,kouy1238,NO
numerals-koya1251-1.csv,koya1251,koya1251,NO
numerals-koyo1242-1.csv,koyo1242,koyo1242,NO
numerals-kpee1234-1.csv,kpee1234,kpee1234,NO
numerals-kpla1238-1.csv,kpla1238,kpla1238,NO
numerals-krah1246-1.csv,krah1246,cane1242,NO
numerals-krik1239-1.csv,krik1239,cane1242,NO
numerals-krun1240-1.csv,krun1240,lave1249,NO
numerals-kuam1234-1.csv,kuam1234,kuam1234,NO
numerals-kuan1247-1.csv,kuan1247,kuan1247,NO
numerals-kuan1249-1.csv,kuan1249,kuan1249,NO
numerals-kuii1252-1.csv,kuii1252,kuii1252,NO
numerals-kumz1235-1_edit.csv,kumz1235,kumz1235,NO
numerals-kund1255-1.csv,kund1255,kund1255,NO
numerals-kund1257-1.csv,kund1257,kund1257,NO
numerals-kupi1238-1.csv,kupi1238,kupi1238,NO
numerals-kura1247-1.csv,kura1247,nort2666,NO
numerals-kura1250-1.csv,kura1250,kura1250,NO
numerals-kuri1259-1.csv,kuri1259,kuri1259,NO
numerals-kurt1248-1edited.csv,kurt1248,kurt1248,NO
numerals-kuru1302-1.csv,kuru1302,kuru1301,NO
numerals-kusu1250-1.csv,kusu1250,kusu1250,NO
numerals-kuta1241-1.csv,kuta1241,kuta1241,NO
numerals-kutu1263-1.csv,kutu1263,kutu1263,NO
numerals-kuvi1243-1.csv,kuvi1243,kuvi1243,NO
numerals-kuwa1247-1.csv,kuwa1247,kuwa1247,NO
numerals-kuyy1240-1.csv,kuyy1240,kuyy1240,NO
numerals-kwak1266-1.csv,kwak1266,kwak1266,NO
numerals-kwan1273-1.csv,kwan1273,kwan1273,NO
numerals-kwas1243-1.csv,kwas1243,kwas1243,NO
numerals-kyen1242-1.csv,kyen1242,kyen1242,NO
numerals-lach1248-1.csv,lach1248,lach1248,NO
numerals-ladi1250-1.csv,ladi1250,ladi1250,NO
numerals-ladi1251-1.csv,ladi1251,ladi1251,NO
numerals-lagh1245-1.csv,lagh1245,lagh1245,NO
numerals-laha1250-1.csv,laha1250,laha1250,NO
numerals-lahu1252-1.csv,lahu1252,lahu1252,NO
numerals-lahu1253-1.csv,lahu1253,lahu1253,NO
numerals-laki1244-1.csv,laki1244,laki1244,NO
numerals-lakk1238-1.csv,lakk1238,lakk1238,NO
numerals-lako1244-1.csv,lako1244,lako1244,NO
numerals-lala1264-1.csv,lala1264,lala1264,NO
numerals-lamb1269-1.csv,lamb1269,lamb1269,NO
numerals-lame1256-1.csv,lame1256,lame1256,NO
numerals-lamk1238-1.csv,lamk1238,lamk1238,NO
numerals-lang1309-1_edit.csv,lang1309,occi1239,NO
numerals-lang1316-1.csv,lang1316,lang1316,NO
numerals-lang1320-1.csv,lang1320,lang1320,NO
numerals-lano1248-1.csv,lano1248,lano1248,NO
numerals-laom1237-1.csv,laom1237,laom1237,NO
numerals-laoo1244-1.csv,laoo1244,laoo1244,NO
numerals-lari1253-1.csv,lari1253,lari1253,NO
numerals-lart1238-1.csv,lart1238,lart1238,NO
numerals-lash1243-1.csv,lash1243,lash1243,NO
numerals-lati1261-1.csv,lati1261,lati1261,NO
numerals-latv1249-1.csv,latv1249,latv1249,NO
numerals-lave1248-1.csv,lave1248,lave1248,NO
numerals-lave1249-1.csv,lave1249,lave1249,NO
numerals-laze1238-1.csv,laze1238,laze1238,NO
numerals-lefa1242-1.csv,lefa1242,lefa1242,NO
numerals-lega1250-1.csv,lega1250,lega1250,NO
numerals-lein1237-1.csv,lein1237,lein1237,NO
numerals-lele1264-1.csv,lele1264,lele1264,NO
numerals-lele1266-1.csv,lele1266,lele1266,NO
numerals-lend1245-1.csv,lend1245,lend1245,NO
numerals-leng1258-1.csv,leng1258,leng1258,NO
numerals-leng1262-1.csv,leng1262,[subgroup],NO
numerals-lepc1244-2.csv,lepc1244,lepc1244,NO
numerals-lhom1239-1.csv,lhom1239,lhom1239,NO
numerals-lian1251-1.csv,lian1251,lian1251,NO
numerals-lian1259-1.csv,lian1259,hakk1236,NO
numerals-lib1267-and-mela1257.csv,mela1257,[subgroup],NO
numerals-libe1247-1.csv,libe1247,libe1247,NO
numerals-ligb1244-1.csv,ligb1244,ligb1244,NO
numerals-ligu1248-1_edit.csv,ligu1248,ligu1248,NO
numerals-limb1263-1.csv,limb1263,limb1263,NO
numerals-limb1266-1.csv,limb1266,limb1266,NO
numerals-limo1246-1_edit.csv,limo1246,occi1239,NO
numerals-ling1262-1.csv,ling1262,ling1262,NO
numerals-ling1263-1.csv,ling1263,ling1263,NO
numerals-lipo1242-1.csv,lipo1242,lipo1242,NO
numerals-lish1235-1.csv,lish1235,lish1235,NO
numerals-lisu1250-1.csv,lisu1250,lisu1250,NO
numerals-lith1251-1.csv,lith1251,lith1251,NO
numerals-lodh1246-1.csv,lodh1246,lodh1246,NO
numerals-logb1245-1-2.csv,logb1245,logb1245,NO
numerals-logo1258-1.csv,logo1258,logo1258,NO
numerals-logu1236-1.csv,logu1236,logu1236,NO
numerals-loko1255-1.csv,loko1255,loko1255,NO
numerals-lolo1259-1.csv,lolo1259,lolo1259,NO
numerals-loma1260-1.csv,loma1260,loma1260,NO
numerals-lomb1257-1.csv,lomb1257,lomb1257,NO
numerals-lowa1242-1.csv,lowa1242,lowa1242,NO
numerals-lowe1385-1.csv,lowe1385,lowe1385,NO
numerals-lowe1395-1.csv,lowe1395,lowe1395,NO
numerals-lozi1239-1.csv,lozi1239,lozi1239,NO
numerals-lugu1238-1.csv,lugu1238,lugu1238,NO
numerals-lukp1238-1.csv,lukp1238,lukp1238,NO
numerals-lund1266-1.csv,lund1266,lund1266,NO
numerals-lush1249-1.csv,lush1249,lush1249,NO
numerals-luuu1242-1.csv,luuu1242,luuu1242,NO
numerals-luxe1241-1.csv,luxe1241,luxe1241,NO
numerals-lyng1241-1.csv,lyng1241,lyng1241,NO
numerals-maas1239-1.csv,maas1239,maas1239,NO
numerals-mace1250-1.csv,mace1250,mace1250,NO
numerals-maha1291-1.csv,maha1291,maha1291,NO
numerals-maho1248-2.csv,maho1248,maho1248,NO
numerals-maho1249-1.csv,maho1249,maho1249,NO
numerals-mait1250-1.csv,mait1250,mait1250,NO
numerals-maka1304-1.csv,maka1304,maka1304,NO
numerals-makc1235-1.csv,makc1235,makc1235,NO
numerals-makh1264-1.csv,makh1264,makh1264,NO
numerals-mako1251-1.csv,mako1251,mako1251,NO
numerals-maku1273-1.csv,maku1273,maku1273,NO
numerals-maky1235-1.csv,maky1235,maky1235,NO
numerals-mala1458-1.csv,mala1458,mala1458,NO
numerals-male1282-1.csv,male1282,male1282,NO
numerals-male1284-1.csv,male1284,male1284,NO
numerals-mali1279-1.csv,mali1279,mali1279,NO
numerals-mall1246-1.csv,mall1246,mall1246,NO
numerals-malt1254-1.csv,malt1254,malt1254,NO
numerals-malv1243-1.csv,malv1243,malv1243,NO
numerals-mama1271-1.csv,mama1271,mama1271,NO
numerals-mamb1294-1.csv,mamb1294,mamb1294,NO
numerals-mamb1296-1.csv,mamb1296,mamb1296,NO
numerals-mana1288-1.csv,mana1288,mana1288,NO
numerals-mand1409-1.csv,mand1409,mand1409,NO
numerals-mand1415-1.csv,mand1415,mand1415,NO
numerals-mand1423-1.csv,mand1423,mand1423,NO
numerals-mand1436-1.csv,mand1436,mand1436,NO
numerals-mang1378-1.csv,mang1378,mang1378,NO
numerals-mani1292-1.csv,mani1292,mani1292,NO
numerals-mank1256-1.csv,mank1256,mank1256,NO
numerals-manm1238-1.csv,manm1238,manm1238,NO
numerals-mann1246-1.csv,mann1246,mann1246,NO
numerals-mann1248-1.csv,mann1248,mann1248,NO
numerals-mant1265-1.csv,mant1265,mant1265,NO
numerals-manu1255-1edited.csv,manu1255,manu1255,NO
numerals-manx1243-1.csv,manx1243,manx1243,NO
numerals-maon1241-1.csv,maon1241,maon1241,NO
numerals-maor1244-1.csv,maor1244,maor1244,NO
numerals-mara1379-1edited.csv,mara1379,mara1379,NO
numerals-mara1382-1.csv,mara1382,mara1382,NO
numerals-mari1414-1.csv,mari1414,mari1414,NO
numerals-mari1416-1.csv,mari1416,mari1416,NO
numerals-mark1256-1.csv,mark1256,mark1256,NO
numerals-marm1234-1.csv,marm1234,marm1234,NO
numerals-maru1249-1.csv,maru1249,maru1249,NO
numerals-marw1256-1.csv,marw1256,marw1256,NO
numerals-masa1299-1.csv,masa1299,masa1299,NO
numerals-masa1300-1.csv,masa1300,masa1300,NO
numerals-mate1258-1.csv,mate1258,mate1258,NO
numerals-maty1235-1.csv,maty1235,maty1235,NO
numerals-maxi1236-1.csv,maxi1236,maxi1236,NO
numerals-maya1281-1.csv,maya1281,maya1281,NO
numerals-mayo1261-1.csv,mayo1261,mayo1261,NO
numerals-maza1291-1.csv,maza1291,maza1291,NO
numerals-mbal1257-1.csv,mbal1257,mbal1257,NO
numerals-mbal1257-2.csv,mbal1257,mbal1257,NO
numerals-mban1268-1.csv,mban1268,mban1268,NO
numerals-mbee1249-1.csv,mbee1249,mbee1249,NO
numerals-mber1257-1.csv,mber1257,mber1257,NO
numerals-mbok1243-1.csv,mbok1243,mbok1243,NO
numerals-mbos1242-1.csv,mbos1242,mbos1242,NO
numerals-mbow1246-1.csv,mbow1246,mbow1246,NO
numerals-mbul1260-1.csv,mbul1260,mbul1260,NO
numerals-mbum1254-1.csv,mbum1254,mbum1254,NO
numerals-mbun1249-1.csv,mbun1249,mbun1249,NO
numerals-mega1243-1.csv,mega1243,mega1243,NO
numerals-megl1237-1.csv,megl1237,megl1237,NO
numerals-mend1266-1.csv,mend1266,mend1266,NO
numerals-meru1245-1.csv,meru1245,meru1245,NO
numerals-meta1238-1.csv,meta1238,meta1238,NO
numerals-mewa1249-1edited.csv,mewa1249,mewa1249,NO
numerals-mewa1250-1edited.csv,mewa1250,mewa1250,NO
numerals-mido1240-1.csv,mido1240,mido1240,NO
numerals-mila1245-2.csv,mila1245,mila1245,NO
numerals-minb1244-1.csv,minb1244,[subgroup],NO
numerals-mind1253-1.csv,mind1253,mind1253,NO
numerals-minn1241-1.csv,minn1241,minn1241,NO
numerals-minr1238-1.csv,minr1238,minr1238,NO
numerals-mint1239-1.edited.csv,mint1239,mint1239,NO
numerals-miny1239-1.csv,miny1239,misi1242,NO
numerals-minz1235-1.csv,minz1235,minz1235,NO
numerals-miqi1235-1.csv,miqi1235,miqi1235,NO
numerals-mirp1238-1.csv,mirp1238,paha1251,NO
numerals-misi1242-1.csv,misi1242,misi1242,NO
numerals-mlab1235-1.csv,mlab1235,mlab1235,NO
numerals-mmaa1238-1.csv,mmaa1238,mmaa1238,NO
numerals-mmen1238-.csv,mmen1238,mmen1238,NO
numerals-mobw1234-2edited.csv,mobw1234,mobw1234,NO
numerals-moch1256-1.csv,moch1256,moch1256,NO
numerals-mode1248-1.csv,mode1248,mode1248,NO
numerals-momb1254-1.csv,momb1254,momb1254,NO
numerals-mong1338-1.csv,mong1338,mong1338,NO
numerals-monn1252-1.csv,monn1252,monn1252,NO
numerals-mons1234-1.csv,mons1234,mons1234,NO
numerals-mont1282-1.csv,mont1282,sout1528,NO
numerals-mosa1240-1.csv,mosa1240,tase1235,NO
numerals-moyo1238-1.csv,moyo1238,moyo1238,NO
numerals-mpie1238-1.csv,mpie1238,mpie1238,NO
numerals-mpii1239-1.csv,mpii1239,mpii1239,NO
numerals-mpuo1241-1.csv,mpuo1241,mpuo1241,NO
numerals-mroc1235-1.csv,mroc1235,mroc1235,NO
numerals-mruu1242-1.csv,mruu1242,mruu1242,NO
numerals-mudh1235-1.csv,mudh1235,mudh1235,NO
numerals-mudu1239-1.csv,mudu1239,mudu1239,NO
numerals-mugo1238-1.csv,mugo1238,mugo1238,NO
numerals-mula1253-1.csv,mula1253,mula1253,NO
numerals-mull1244-1.csv,mull1244,mull1244,NO
numerals-munc1235-1.csv,munc1235,munc1235,NO
numerals-mung1264-1.csv,mung1264,tase1235,NO
numerals-mung1266-1.csv,mung1266,mung1266,NO
numerals-munj1244-1.csv,munj1244,munj1244,NO
numerals-muon1246-1.csv,muon1246,muon1246,NO
numerals-musl1236-1.csv,musl1236,musl1236,NO
numerals-muth1236-1.csv,muth1236,muth1236,NO
numerals-muya1239-1.csv,muya1239,[subgroup],NO
numerals-mwan1247-1.csv,mwan1247,mwan1247,NO
numerals-mwan1250-1.csv,mwan1250,mwan1250,NO
numerals-myen1241-1.csv,myen1241,myen1241,NO
numerals-mzie1235-1.csv,mzie1235,mzie1235,NO
numerals-namu1246-1.csv,namu1246,namu1246,NO
numerals-nanc1254-1.csv,nanc1254,ganc1239,NO
numerals-nang1261-1.csv,nang1261,nang1261,NO
numerals-narp1239-1.csv,narp1239,narp1239,NO
numerals-nawu1242-1.csv,nawu1242,nawu1242,NO
numerals-naxi1245-1.csv,naxi1245,naxi1245,NO
numerals-ncan1245-1.csv,ncan1245,ncan1245,NO
numerals-ndal1241-1.csv,ndal1241,ndal1241,NO
numerals-ndam1239-1.csv,ndam1239,ndam1239,NO
numerals-ndas1238-1.csv,ndas1238,ndas1238,NO
numerals-nden1248-1.csv,nden1248,nden1248,NO
numerals-ndum1239-1.csv,ndum1239,ndum1239,NO
numerals-ndut1239-1.csv,ndut1239,ndut1239,NO
numerals-neap1235-1.csv,neap1235,neap1235,NO
numerals-nepa1253-1.csv,nepa1253,kuru1301,NO
numerals-newa1246-1.csv,newa1246,newa1246,NO
numerals-neyo1238-1.csv,neyo1238,neyo1238,NO
numerals-ngan1299-1.csv,ngan1299,ngan1299,NO
numerals-ngaw1239-1.csv,ngaw1239,ngaw1239,NO
numerals-ngaz1238-1.csv,ngaz1238,ngaz1238,NO
numerals-ngeq1245-1.csv,ngeq1245,ngeq1245,NO
numerals-ngom1270-1.csv,ngom1270,ngom1270,NO
numerals-ngom1272-1.csv,ngom1272,ngom1272,NO
numerals-ngon1267-1.csv,ngon1267,ngon1267,NO
numerals-ngon1269-1.csv,ngon1269,[subgroup],NO
numerals-ngul1246-1.csv,ngul1246,ngul1246,NO
numerals-ngul1247-1.csv,ngul1247,ngul1247,NO
numerals-nguo1239-1.csv,nguo1239,nguo1239,NO
numerals-ngur1263-1.csv,ngur1263,ngur1263,NO
numerals-nila1242-1.csv,nila1242,nila1242,NO
numerals-njeb1242-1.csv,njeb1242,njeb1242,NO
numerals-nkon1248-1.csv,nkon1248,nkon1248,NO
numerals-nkoy1244-1.csv,nkoy1244,nkoy1244,NO
numerals-nobi1240.csv,nobi1240,nobi1240,NO
numerals-noma1260-1.csv,noma1260,noma1260,NO
numerals-nong1247-2.csv,nong1247,nong1247,NO
numerals-nort2603-1.csv,nort2603,arva1236,NO
numerals-nort2617-1.csv,nort2617,scot1243,NO
numerals-nort2626-1.csv,nort2626,nort2626,NO
numerals-nort2628-1.csv,nort2628,nort2628,NO
numerals-nort2641-1.csv,nort2641,nort2641,NO
numerals-nort2645-1.csv,nort2645,nort2645,NO
numerals-nort2646-1.csv,nort2646,nort2646,NO
numerals-nort2662-1.csv,nort2662,nort2662,NO
numerals-nort2663-1.csv,nort2663,kala1372,NO
numerals-nort2665-1edited.csv,nort2665,nort2665,NO
numerals-nort2666-1.csv,nort2666,nort2666,NO
numerals-nort2684-1.csv,nort2684,nort2684,NO
numerals-nort2699-1.csv,nort2699,nort2699,NO
numerals-nort2722-1.csv,nort2722,nort2722,NO
numerals-nort2723-1.csv,nort2723,nort2723,NO
numerals-nort2724-1.csv,nort2724,nort2724,NO
numerals-nort2725-1.csv,nort2725,nort2725,NO
numerals-nort2727-1.csv,nort2727,nort2727,NO
numerals-nort2732-1.csv,nort2732,nort2732,NO
numerals-nort2735-1.csv,nort2735,nort2735,NO
numerals-nort2740-1.csv,nort2740,nort2740,NO
numerals-nort2741-1.csv,nort2741,nort2741,NO
numerals-nort2810-1.csv,nort2810,nort2810,NO
numerals-nort2819-1.csv,nort2819,nort2819,NO
numerals-nort3139-1.csv,nort3139,nort3139,NO
numerals-nort3270-1.csv,nort3270,nort3270,NO
numerals-norw1259-1.csv,norw1259,norw1258,NO
numerals-nucl1235-1.csv,nucl1235,nucl1235,NO
numerals-nucl1290-2.csv,nucl1290,nucl1290,NO
numerals-nucl1310-1.csv,nucl1310,nucl1310,NO
numerals-nucl1347-1.csv,nucl1347,nucl1347,NO
numerals-nucl1379-1.csv,nucl1379,nucl1379,NO
numerals-nucl1418-1.csv,nucl1418,nucl1418,NO
numerals-nugu1242-1.csv,nugu1242,nugu1242,NO
numerals-nung1282-1.csv,nung1282,nung1282,NO
numerals-nung1283-1.csv,nung1283,nung1283,NO
numerals-nupe1254-1.csv,nupe1254,nupe1254,NO
numerals-nusu1239-1.csv,nusu1239,nusu1239,NO
numerals-nuuu1241-1.csv,nuuu1241,[subgroup],NO
numerals-nyab1255-1.csv,nyab1255,nyab1255,NO
numerals-nyah1249-1.csv,nyah1249,nyah1249,NO
numerals-nyah1250-1.csv,nyah1250,nyah1250,NO
numerals-nyak1260-1.csv,nyak1260,nyak1260,NO
numerals-nyal1250-1.csv,nyal1250,nyal1250,NO
numerals-nyam1276-1.csv,nyam1276,nyam1276,NO
numerals-nyam1277-1.csv,nyam1277,nyam1277,NO
numerals-nyan1302-1.csv,nyan1302,nyan1302,NO
numerals-nyan1307-1.csv,nyan1307,nyan1307,NO
numerals-nyan1308-1.csv,nyan1308,nyan1308,NO
numerals-nyat1246-1.csv,nyat1246,nyat1246,NO
numerals-nyem1238-1.csv,nyem1238,nyem1238,NO
numerals-nyen1254-1.csv,nyen1254,nyen1254,NO
numerals-nyor1246-1.csv,nyor1246,nyor1246,NO
numerals-nzim1238-1.csv,nzim1238,nzim1238,NO
numerals-oddd1238-1.csv,oddd1238,oddd1238,NO
numerals-oduu1239-1.csv,oduu1239,oduu1239,NO
numerals-ogbi1239-1.csv,ogbi1239,ogbi1239,NO
numerals-ogbr1243-1.csv,ogbr1243,ogbr1243,NO
numerals-ogee1238-1.csv,ogee1238,arig1246,NO
numerals-okpa1238-1.csv,okpa1238,okpa1238,NO
numerals-okuu1243-1.csv,okuu1243,okuu1243,NO
numerals-oman1239-1.csv,oman1239,oman1239,NO
numerals-omba1241-1.csv,omba1241,mber1257,NO
numerals-ongg1239-2.csv,ongg1239,ongg1239,NO
numerals-orin1239-2.csv,orin1239,orin1239,NO
numerals-oriy1255-1edited.csv,oriy1255,oriy1255,NO
numerals-ormu1247-1.csv,ormu1247,ormu1247,NO
numerals-orok1266-1.csv,orok1266,orok1266,NO
numerals-oroo1241-1.csv,oroo1241,oroo1241,NO
numerals-osos1238-1.csv,osos1238,osos1238,NO
numerals-oyda1235-1.csv,oyda1235,oyda1235,NO
numerals-oyyy1238-1.csv,oyyy1238,oyyy1238,NO
numerals-paas1238-1.csv,paas1238,paas1238,NO
numerals-paco1243-1.csv,paco1243,paco1243,NO
numerals-pagi1243-1.csv,pagi1243,pagi1243,NO
numerals-pait1244-1.csv,pait1244,pait1244,NO
numerals-paku1238-1.csv,paku1238,paku1238,NO
numerals-pala1330-1.csv,pala1330,pala1330,NO
numerals-pala1342-1.csv,pala1342,pala1342,NO
numerals-palo1243-1.csv,palo1243,palo1243,NO
numerals-paly1238-1.csv,paly1238,paly1238,NO
numerals-pana1293-1.csv,pana1293,pana1293,NO
numerals-pana1295-1.csv,pana1295,pana1295,NO
numerals-pang1282-1.csv,pang1282,pang1282,NO
numerals-pang1287-1.csv,pang1287,pang1287,NO
numerals-pani1256-1.csv,pani1256,pani1256,NO
numerals-pank1249-1.csv,pank1249,pank1249,NO
numerals-pano1254-1.csv,pano1254,pano1254,NO
numerals-paok1235-1.csv,paok1235,paok1235,NO
numerals-pape1239-1.csv,pape1239,pape1239,NO
numerals-para1299-1.csv,para1299,para1299,NO
numerals-para1301-1.csv,para1301,para1301,NO
numerals-para1302-1.csv,para1302,para1302,NO
numerals-pard1243-1.csv,pard1243,pard1243,NO
numerals-pare1266-1.csv,pare1266,pare1266,NO
numerals-park1237-1.csv,park1237,park1237,NO
numerals-pary1242-1.csv,pary1242,pary1242,NO
numerals-patt1248-1.csv,patt1248,patt1248,NO
numerals-pear1247-1edited.csv,pear1247,pear1247,NO
numerals-pedi1238-1.csv,pedi1238,pedi1238,NO
numerals-peer1241-1.csv,peer1241,peer1241,NO
numerals-pela1242-1.csv,pela1242,pela1242,NO
numerals-peng1244-1.csv,peng1244,peng1244,NO
numerals-penn1240-1.csv,penn1240,penn1240,NO
numerals-phai1238-1.csv,phai1238,phai1238,NO
numerals-phan1254-1.csv,phan1254,phan1254,NO
numerals-phen1239-1.csv,phen1239,phen1239,NO
numerals-phol1237-1.csv,phol1237,phol1237,NO
numerals-phon1246-1.csv,phon1246,phon1246,NO
numerals-phra1235-1.csv,phra1235,phra1235,NO
numerals-phua1239-1.csv,phua1239,phua1239,NO
numerals-phui1238-1.csv,phui1238,phui1238,NO
numerals-phun1245-1.csv,phun1245,phun1245,NO
numerals-phuz1235-1.csv,phuz1235,phuz1235,NO
numerals-pica1241-1.csv,pica1241,pica1241,NO
numerals-piem1238-1.csv,piem1238,piem1238,NO
numerals-pimb1238-1.csv,pimb1238,pimb1238,NO
numerals-pinj1243-1.csv,pinj1243,pinj1243,NO
numerals-piny1238-1.csv,piny1238,piny1238,NO
numerals-plau1238-1.csv,plau1238,plau1238,NO
numerals-poko1261-1.csv,poko1261,poko1261,NO
numerals-poli1260-1.csv,poli1260,poli1260,NO
numerals-pomo1271-1.csv,pomo1271,pomo1271,NO
numerals-pong1250-1.csv,pong1250,pong1250,NO
numerals-port1283-1.csv,port1283,port1283,NO
numerals-pott1240-1.csv,pott1240,pott1240,NO
numerals-poum1235-1.csv,poum1235,poum1235,NO
numerals-pras1239-1.csv,pras1239,pras1239,NO
numerals-prov1235-1.csv,prov1235,occi1239,NO
numerals-pula1262-1.csv,pula1262,pula1262,NO
numerals-pula1263-1.csv,pula1263,pula1263,NO
numerals-punu1239-1.csv,punu1239,punu1239,NO
numerals-puoc1238-1.csv,puoc1238,puoc1238,NO
numerals-puri1258-1.csv,puri1258,puri1258,NO
numerals-puru1266-1.csv,puru1266,puru1266,NO
numerals-putu1241-1.csv,putu1241,putu1241,NO
numerals-puxi1243-1.csv,puxi1243,puxi1243,NO
numerals-pwoe1235-1.csv,pwoe1235,pwoe1235,NO
numerals-pwon1235-1edited.csv,pwon1235,pwon1235,NO
numerals-pwow1235-1.csv,pwow1235,pwow1235,NO
numerals-pyek1235-1.csv,pyek1235,pyek1235,NO
numerals-pyen1239-1.csv,pyen1239,pyen1239,NO
numerals-qabi1235-1.csv,qabi1235,qabi1235,NO
numerals-qaua1234-1.csv,qaua1234,qaua1234,NO
numerals-quey1238-1.csv,quey1238,quey1238,NO
numerals-rabh1238-1.csv,rabh1238,rabh1238,NO
numerals-raji1240-1.csv,raji1240,raji1240,NO
numerals-rajp1235-1.csv,rajp1235,rajp1235,NO
numerals-rakh1245-1.csv,rakh1245,rakh1245,NO
numerals-rali1240-1.csv,rali1240,pnar1238,NO
numerals-rana1246-1.csv,rana1246,rana1246,NO
numerals-rang1266-1.csv,rang1266,rang1266,NO
numerals-rang1267-1.csv,rang1267,rang1267,NO
numerals-rath1242-1.csv,rath1242,rath1242,NO
numerals-raut1239-1.csv,raut1239,raut1239,NO
numerals-ravu1237-1.csv,ravu1237,ravu1237,NO
numerals-rawa1265-1edited.csv,rawa1265,rawa1265,NO
numerals-redg1235-1.csv,redg1235,redg1235,NO
numerals-reng1252-1.csv,reng1252,reng1252,NO
numerals-resh1242-1.csv,resh1242,resh1242,NO
numerals-rian1261-1.csv,rian1261,rian1261,NO
numerals-rian1262-1.csv,rian1262,rian1262,NO
numerals-roma1326-1.csv,roma1326,roma1326,NO
numerals-roma1327-1.csv,roma1327,roma1327,NO
numerals-rong1264-1.csv,rong1264,rong1264,NO
numerals-ruch1235-2.csv,ruch1235,ruch1235,NO
numerals-ruga1238-1edited.csv,ruga1238,ruga1238,NO
numerals-rund1242-1.csv,rund1242,rund1242,NO
numerals-russ1263-1.csv,russ1263,russ1263,NO
numerals-rusy1239-1.csv,rusy1239,rusy1239,NO
numerals-rwaa1238-1.csv,rwaa1238,rwaa1238,NO
numerals-saaf1238-1.csv,saaf1238,saaf1238,NO
numerals-saam1283-1.csv,saam1283,saam1283,NO
numerals-sabu1253-1.csv,sabu1253,sabu1253,NO
numerals-sadr1248-1.csv,sadr1248,sadr1248,NO
numerals-sadu1234-1.csv,sadu1234,sadu1234,NO
numerals-saek1240-1.csv,saek1240,saek1240,NO
numerals-safa1243-1.csv,safa1243,safa1243,NO
numerals-saja1240-1.csv,saja1240,saja1240,NO
numerals-saka1283-1.csv,saka1283,saka1283,NO
numerals-saka1287-1.csv,saka1287,saka1287,NO
numerals-sake1247-1.csv,sake1247,sake1247,NO
numerals-sama1295-1.csv,sama1295,sama1295,NO
numerals-samb1305-1.csv,samb1305,samb1305,NO
numerals-samb1311-1.csv,samb1311,samb1311,NO
numerals-samb1325-1.csv,samb1325,samb1325,NO
numerals-samt1238-1.csv,samt1238,samt1238,NO
numerals-sana1295-1.csv,sana1295,sana1295,NO
numerals-sanc1245-1.csv,sanc1245,gree1278,NO
numerals-sand1273-1.csv,sand1273,sand1273,NO
numerals-sang1315-1.csv,sang1315,sang1315,NO
numerals-sang1320-1.csv,sang1320,sang1320,NO
numerals-sang1331-1.csv,sang1331,sang1331,NO
numerals-sang1333-1.csv,sang1333,sang1333,NO
numerals-sang1343-1.csv,sang1343,[subgroup],NO
numerals-sang1344-1.csv,sang1344,sang1344,NO
numerals-sani1269-1.csv,sani1269,sani1269,NO
numerals-sanj1275-1.csv,sanj1275,nort2665,NO
numerals-sank1253-1.csv,sank1253,sank1253,NO
numerals-sapo1251-1.csv,sapo1251,sapo1251,NO
numerals-sapu1248-1.csv,sapu1248,sapu1248,NO
numerals-sari1246-1.csv,sari1246,sari1246,NO
numerals-sart1249-1.csv,sart1249,sart1249,NO
numerals-sass1235-1.csv,sass1235,sass1235,NO
numerals-sate1242-1.csv,sate1242,sate1242,NO
numerals-saur1248-1.csv,saur1248,saur1248,NO
numerals-saur1249-2.csv,saur1249,saur1249,NO
numerals-savi1242-1.csv,savi1242,savi1242,NO
numerals-scan1238-1.csv,scan1238,scan1238,NO
numerals-scot1245-1.csv,scot1245,scot1245,NO
numerals-seba1251-1.csv,seba1251,seba1251,NO
numerals-seda1262-1.csv,seda1262,seda1262,NO
numerals-seek1238-1.csv,seek1238,seek1238,NO
numerals-sega1243-1.csv,sega1243,sega1243,NO
numerals-seke1240-1.csv,seke1240,seke1240,NO
numerals-seki1238-1.csv,seki1238,seki1238,NO
numerals-sekp1241-1.csv,sekp1241,sekp1241,NO
numerals-sele1249-1.csv,sele1249,sele1249,NO
numerals-sema1265-1.csv,sema1265,sema1265,NO
numerals-sema1266-1.csv,sema1266,sema1266,NO
numerals-seme1247-1.csv,seme1247,seme1247,NO
numerals-semn1249-1.csv,semn1249,semn1249,NO
numerals-semn1250-1.csv,semn1250,semn1250,NO
numerals-sena1268-1.csv,sena1268,chal1275,NO
numerals-seng1278-1.csv,seng1278,seng1278,NO
numerals-sent1260-1.csv,sent1260,sent1260,NO
numerals-sera1259-1.csv,sera1259,sera1259,NO
numerals-serb1264-1.csv,serb1264,sout1528,NO
numerals-sere1260-1.csv,sere1260,sere1260,NO
numerals-sgaw1245-1.csv,sgaw1245,sgaw1245,NO
numerals-shab1252-1.csv,shab1252,shab1252,NO
numerals-shah1253-1.csv,shah1253,shah1253,NO
numerals-sham1280-1.csv,sham1280,sham1280,NO
numerals-shan1277-1.csv,shan1277,shan1277,NO
numerals-shan1282-1.csv,shan1282,shan1282,NO
numerals-shan1292-1.csv,shan1292,hakk1236,NO
numerals-shec1234-1.csv,shec1234,tase1235,NO
numerals-shek1243-1edited.csv,shek1243,shek1243,NO
numerals-shek1244-1.csv,shek1244,shek1244,NO
numerals-shem1239-1.csv,shem1239,supy1237,NO
numerals-sher1255-1.csv,sher1255,sher1255,NO
numerals-sher1257-1.csv,sher1257,sher1257,NO
numerals-shes1236-1.csv,shes1236,shes1236,NO
numerals-shex1234-1.csv,shex1234,huiz1242,NO
numerals-shii1238-1.csv,shii1238,shii1238,NO
numerals-shix1238-1.csv,shix1238,shix1238,NO
numerals-shon1251-1.csv,shon1251,shon1251,NO
numerals-shug1248-1.csv,shug1248,shug1248,NO
numerals-shum1243-1.csv,shum1243,shum1243,NO
numerals-shun1239-1.csv,shun1239,shao1234,NO
numerals-siam1242-1.csv,siam1242,siam1242,NO
numerals-sich1238-1.csv,sich1238,sich1238,NO
numerals-sici1248-1.csv,sici1248,sici1248,NO
numerals-sici1249-1_edited.csv,sici1249,sici1249,NO
numerals-sigh1238-1.csv,sigh1238,sigh1238,NO
numerals-sikk1242-1.csv,sikk1242,sikk1242,NO
numerals-sila1247-1.csv,sila1247,sila1247,NO
numerals-sima1258-1.csv,sima1258,sima1258,NO
numerals-simt1238-1.csv,simt1238,simt1238,NO
numerals-sing1264-1.csv,sing1264,sing1264,NO
numerals-siny1243-1.csv,siny1243,siny1243,NO
numerals-sira1266-1.csv,sira1266,sira1266,NO
numerals-siss1242-1.csv,siss1242,siss1242,NO
numerals-situ1238-1.csv,situ1238,situ1238,NO
numerals-siwu1238-1.csv,siwu1238,siwu1238,NO
numerals-siza1240-1.csv,siza1240,ikiz1238,NO
numerals-slov1268-1.csv,slov1268,slov1268,NO
numerals-slov1269-1.csv,slov1269,slov1269,NO
numerals-soga1242-1.csv,soga1242,soga1242,NO
numerals-somr1240-1.csv,somr1240,somr1240,NO
numerals-somy1238-1.csv,somy1238,somy1238,NO
numerals-sona1244-1.csv,sona1244,sona1244,NO
numerals-song1299-1.csv,song1299,song1299,NO
numerals-song1303-1.csv,song1303,song1303,NO
numerals-soni1259-1.csv,soni1259,soni1259,NO
numerals-sooo1254-1.csv,sooo1254,sooo1254,NO
numerals-sorb1250-1.csv,sorb1250,sorb1250,NO
numerals-soub1242-1.csv,soub1242,guib1246,NO
numerals-sout2642-1.csv,sout2642,sout2642,NO
numerals-sout2645-1.csv,sout2645,sout2645,NO
numerals-sout2647-1.csv,sout2647,sout2647,NO
numerals-sout2649-1.csv,sout2649,sout2649,NO
numerals-sout2668-1.csv,sout2668,sout2668,NO
numerals-sout2671-1.csv,sout2671,sout2671,NO
numerals-sout2672-2.csv,sout2672,sout2672,NO
numerals-sout2711-1.csv,sout2711,[subgroup],NO
numerals-sout2715-1.csv,sout2715,sout2715,NO
numerals-sout2722-1.csv,sout2722,sout2722,NO
numerals-sout2723-1.csv,sout2723,sout2723,NO
numerals-sout2728-1.csv,sout2728,sout2728,NO
numerals-sout2729-1.csv,sout2729,sout2729,NO
numerals-sout2730-1.csv,sout2730,sout2730,NO
numerals-sout2739-1.csv,sout2739,sout2739,NO
numerals-sout2741-1.csv,sout2741,sout2741,NO
numerals-sout2784-1.csv,sout2784,sout2784,NO
numerals-sout2785-1.csv,sout2785,sout2785,NO
numerals-sout2787-2.csv,sout2787,sout2787,NO
numerals-sout2789-1.csv,sout2789,sout2789,NO
numerals-sout2790-1.csv,sout2790,sout2790,NO
numerals-sout2795-1.csv,sout2795,sout2795,NO
numerals-sout2797-1.csv,sout2797,sout2797,NO
numerals-sout2807-1.csv,sout2807,sout2807,NO
numerals-sout2808-1.csv,sout2808,sout2808,NO
numerals-sout2840-1.csv,sout2840,sout2840,NO
numerals-sout2844-1.csv,sout2844,sout2844,NO
numerals-sout3251-1.csv,sout3251,sout3251,NO
numerals-stan1288-1.csv,stan1288,stan1288,NO
numerals-stan1289-1.csv,stan1289,stan1289,NO
numerals-stan1290-1.csv,stan1290,stan1290,NO
numerals-stan1293-1.csv,stan1293,stan1293,NO
numerals-stan1295-1.csv,stan1295,stan1295,NO
numerals-suba1238-1.csv,suba1238,suba1238,NO
numerals-suba1252-1.csv,suba1252,suba1252,NO
numerals-subi1246-1.csv,subi1246,subi1246,NO
numerals-suda1236-1.csv,suda1236,suda1236,NO
numerals-suga1248-1.csv,suga1248,suga1248,NO
numerals-suii1243-1.csv,suii1243,suii1243,NO
numerals-suku1259-1.csv,suku1259,suku1259,NO
numerals-suku1261-1.csv,suku1261,suku1261,NO
numerals-sulu1241-1.csv,sulu1241,sulu1241,NO
numerals-sumu1234-1.csv,sumu1234,[subgroup],NO
numerals-suoy1242-1.csv,suoy1242,suoy1242,NO
numerals-supy1237-1.csv,supy1237,supy1237,NO
numerals-surg1246-1.csv,surg1246,chha1249,NO
numerals-susu1250-1.csv,susu1250,susu1250,NO
numerals-swab1242-1.csv,swab1242,swab1242,NO
numerals-swah1253-1.csv,swah1253,swah1253,NO
numerals-swed1254-1.csv,swed1254,swed1254,NO
numerals-swis1247-1.csv,swis1247,swis1247,NO
numerals-syri1242-1.csv,syri1242,syri1242,NO
numerals-tafi1243-1.csv,tafi1243,tafi1243,NO
numerals-tagi1241-1.csv,tagi1241,tagi1241,NO
numerals-tagw1240-1.csv,tagw1240,tagw1240,NO
numerals-taid1247-1.csv,taid1247,taid1247,NO
numerals-taid1249-1.csv,taid1249,taid1249,NO
numerals-taid1250-1edited.csv,taid1250,taid1250,NO
numerals-taih1246-1.csv,taih1246,taih1246,NO
numerals-tail1246-1.csv,tail1246,tail1246,NO
numerals-tain1252-1.csv,tain1252,tain1252,NO
numerals-tait1250-1.csv,tait1250,tait1250,NO
numerals-taji1245-1.csv,taji1245,taji1245,NO
numerals-taju1238-1.csv,taju1238,taju1238,NO
numerals-tali1257-1.csv,tali1257,tali1257,NO
numerals-tali1258-1.csv,tali1258,tali1258,NO
numerals-talu1238-1.csv,talu1238,talu1238,NO
numerals-taly1247-1.csv,taly1247,taly1247,NO
numerals-tamp1251-1.csv,tamp1251,tamp1251,NO
numerals-tamp1252-1.csv,tamp1252,tamp1252,NO
numerals-tang1330-1.csv,tang1330,tang1330,NO
numerals-tang1339-1.csv,tang1339,rawa1265,NO
numerals-tang1372-1.csv,tang1372,tang1372,NO
numerals-tang1373-1.csv,tang1373,tang1373,NO
numerals-taro1263-1.csv,taro1263,taro1263,NO
numerals-tawr1235-1.csv,tawr1235,tawr1235,NO
numerals-tayy1238-1.csv,tayy1238,tayy1238,NO
numerals-tedi1235-1.csv,tedi1235,tedi1235,NO
numerals-teen1242-1.csv,teen1242,teen1242,NO
numerals-tega1236-1.csv,tega1236,tega1236,NO
numerals-teke1275-1.csv,teke1275,teke1275,NO
numerals-teke1276-1.csv,teke1276,teke1276,NO
numerals-teke1278-1.csv,teke1278,teke1278,NO
numerals-teke1280-1.csv,teke1280,teke1280,NO
numerals-temb1270-1.csv,temb1270,temb1270,NO
numerals-temb1276-2.csv,temb1276,temb1276,NO
numerals-temi1246-1.csv,temi1246,temi1246,NO
numerals-temi1247-1.csv,temi1247,temi1247,NO
numerals-temm1241-1.csv,temm1241,temm1241,NO
numerals-temo1243-1.csv,temo1243,temo1243,NO
numerals-tenn1245-1.csv,tenn1245,tenn1245,NO
numerals-tepo1239-1.csv,tepo1239,tepo1239,NO
numerals-tete1250-1.csv,tete1250,tete1250,NO
numerals-thai1261-1.csv,thai1261,thai1261,NO
numerals-thak1245-2edited.csv,thak1245,thak1245,NO
numerals-than1259-1.csv,than1259,than1259,NO
numerals-thar1283-1.csv,thar1283,thar1283,NO
numerals-thoo1240-1.csv,thoo1240,thoo1240,NO
numerals-tiag1235-1.csv,tiag1235,tiag1235,NO
numerals-tibe1272-1.csv,tibe1272,tibe1272,NO
numerals-tich1238-1.csv,tich1238,tich1238,NO
numerals-tief1242-2.csv,tief1242,tief1242,NO
numerals-tiem1235-1.csv,tiem1235,tiem1235,NO
numerals-tien1242-1.csv,tien1242,tien1242,NO
numerals-tiey1235-1.csv,tiey1235,tiey1235,NO
numerals-tigo1236-1.csv,tigo1236,tigo1236,NO
numerals-tika1246-1.csv,tika1246,tika1246,NO
numerals-tilu1238-1.csv,tilu1238,tilu1238,NO
numerals-timn1235.csv,timn1235,timn1235,NO
numerals-tipp1239-1.csv,tipp1239,tipp1239,NO
numerals-tivv1240-1.csv,tivv1240,tivv1240,NO
numerals-tiwa1253-1edited.csv,tiwa1253,tiwa1253,NO
numerals-todr1244-1.csv,todr1244,todr1244,NO
numerals-togo1254-1.csv,togo1254,tene1248,NO
numerals-tong1308-1.csv,tong1308,tong1308,NO
numerals-tong1312-1edited.csv,tong1312,tase1235,NO
numerals-tong1318-1.csv,tong1318,tong1318,NO
numerals-tong1321-1.csv,tong1321,tong1321,NO
numerals-toor1238-1.csv,toor1238,toor1238,NO
numerals-toro1252-1.csv,toro1252,toro1252,NO
numerals-torw1241-1.csv,torw1241,torw1241,NO
numerals-tosk1239-1.csv,tosk1239,tosk1239,NO
numerals-tote1238-1.csv,tote1238,tote1238,NO
numerals-toto1302-2.csv,toto1302,toto1302,NO
numerals-tour1242-1.csv,tour1242,tour1242,NO
numerals-trie1243-1.csv,trie1243,trie1243,NO
numerals-tsik1238-1.csv,tsik1238,tsik1238,NO
numerals-tsis1238-1.csv,tsis1238,tsis1238,NO
numerals-tsog1243-1.csv,tsog1243,tsog1243,NO
numerals-tson1249-1.csv,tson1249,tson1249,NO
numerals-tsum1240-1edited.csv,tsum1240,tsum1240,NO
numerals-tswa1253-1.csv,tswa1253,tswa1253,NO
numerals-tswa1255-1.csv,tswa1255,tswa1255,NO
numerals-tuki1240-1.csv,tuki1240,tuki1240,NO
numerals-tula1252-1.csv,tula1252,tula1252,NO
numerals-tulu1258-1.csv,tulu1258,tulu1258,NO
numerals-tumb1250-1_edited.csv,tumb1250,tumb1250,NO
numerals-tumu1242-1.csv,tumu1242,tumu1242,NO
numerals-tune1261-1.csv,tune1261,tune1261,NO
numerals-tuni1251-1.csv,tuni1251,tuni1251,NO
numerals-tuot1238-1.csv,tuot1238,tuot1238,NO
numerals-tupu1244-1.csv,tupu1244,tupu1244,NO
numerals-turi1246-1.csv,turi1246,turi1246,NO
numerals-turk1306-1.csv,turk1306,turk1306,NO
numerals-tuts1235-1.csv,tuts1235,tuts1235,NO
numerals-tuuu1240-1.csv,tuuu1240,[subgroup],NO
numerals-tuwu1238-1.csv,tuwu1238,tuwu1238,NO
numerals-twen1241-1.csv,twen1241,west2356,NO
numerals-twen1242-1.csv,twen1242,twen1242,NO
numerals-tyap1238-1.csv,tyap1238,tyap1238,NO
numerals-udaa1238-1.csv,udaa1238,udaa1238,NO
numerals-ugon1239-1.csv,ugon1239,ugon1239,NO
numerals-ukaa1243-1.csv,ukaa1243,ukaa1243,NO
numerals-ukhw1241-1.csv,ukhw1241,ukhw1241,NO
numerals-ukra1253-1.csv,ukra1253,ukra1253,NO
numerals-ukwa1238-1.csv,ukwa1238,ukwa1238,NO
numerals-uluk1257-1.csv,uluk1257,uluk1257,NO
numerals-umbu1257-1.csv,umbu1257,umbu1257,NO
numerals-uppe1395-1.csv,uppe1395,uppe1395,NO
numerals-uppe1406-1.csv,uppe1406,uppe1406,NO
numerals-ural1274-1.csv,ural1274,ural1274,NO
numerals-urho1239-1.csv,urho1239,urho1239,NO
numerals-usag1244-1.csv,usag1244,usag1244,NO
numerals-usho1238-1.csv,usho1238,usho1238,NO
numerals-usui1238-1edited.csv,usui1238,usui1238,NO
numerals-uuuu1243-1.csv,uuuu1243,uuuu1243,NO
numerals-vaag1238-1.csv,vaag1238,vaag1238,NO
numerals-vafs1240-1.csv,vafs1240,vafs1240,NO
numerals-vagl1239-1.csv,vagl1239,vagl1239,NO
numerals-vaii1241-1.csv,vaii1241,vaii1241,NO
numerals-vaip1239-1.csv,vaip1239,vaip1239,NO
numerals-varl1238-1.csv,varl1238,varl1238,NO
numerals-vasa1239-1.csv,vasa1239,vasa1239,NO
numerals-vedd1240-1.csv,vedd1240,vedd1240,NO
numerals-vend1245-1.csv,vend1245,vend1245,NO
numerals-vene1258-1.csv,vene1258,vene1258,NO
numerals-vidu1238-1.csv,vidu1238,vidu1238,NO
numerals-viem1243-1.csv,viem1243,viem1243,NO
numerals-viet1252-1.edited.csv,viet1252,viet1252,NO
numerals-vili1238-1.csv,vili1238,vili1238,NO
numerals-vlax1238-1.csv,vlax1238,vlax1238,NO
numerals-vunj1238-1.csv,vunj1238,vunj1238,NO
numerals-vute1244-1.csv,vute1244,vute1244,NO
numerals-vwan1235-1.csv,vwan1235,vwan1235,NO
numerals-waam1244-1.csv,waam1244,waam1244,NO
numerals-waci1239-1.csv,waci1239,waci1239,NO
numerals-waig1243-1.csv,waig1243,waig1243,NO
numerals-waja1259-1.csv,waja1259,waja1259,NO
numerals-wakh1245-1.csv,wakh1245,wakh1245,NO
numerals-wali1263-1.csv,wali1263,wali1263,NO
numerals-wall1255-1.csv,wall1255,wall1255,NO
numerals-wals1238-1.csv,wals1238,wals1238,NO
numerals-wamb1258-1.csv,wamb1258,wamb1258,NO
numerals-wame1240-1.csv,wame1240,wame1240,NO
numerals-wane1242-1.csv,wane1242,wane1242,NO
numerals-wann1242-1.csv,wann1242,wann1242,NO
numerals-wapa1235-1.csv,wapa1235,wapa1235,NO
numerals-waph1238-1.csv,waph1238,waph1238,NO
numerals-warj1242-1.csv,warj1242,warj1242,NO
numerals-waxi1236-1.csv,waxi1236,waxi1236,NO
numerals-wayu1241-1.csv,wayu1241,wayu1241,NO
numerals-wels1247-1.csv,wels1247,wels1247,NO
numerals-weno1238-1.csv,weno1238,weno1238,NO
numerals-west2354-1.csv,west2354,west2354,NO
numerals-west2368-2.csv,west2368,west2368,NO
numerals-west2369-1.csv,west2369,west2369,NO
numerals-west2396-1.csv,west2396,west2396,NO
numerals-west2397-1.csv,west2397,west2397,NO
numerals-west2398-1.csv,west2398,west2398,NO
numerals-west2409-1.csv,west2409,west2409,NO
numerals-west2415-1.csv,west2415,west2415,NO
numerals-west2418-1.csv,west2418,west2418,NO
numerals-west2420-1.csv,west2420,west2420,NO
numerals-west2422-1.csv,west2422,west2422,NO
numerals-west2454-1.csv,west2454,west2454,NO
numerals-west2456-1.csv,west2456,west2456,NO
numerals-west2488-1.csv,west2488,west2488,NO
numerals-west2616-1.csv,west2616,aleu1260,NO
numerals-whit1267-1.csv,whit1267,whit1267,NO
numerals-winy1241-1.csv,winy1241,winy1241,NO
numerals-wola1242-1edited.csv,wola1242,wola1242,NO
numerals-wong1247-1.csv,wong1247,wong1247,NO
numerals-wuch1236-1.csv,wuch1236,wuch1236,NO
numerals-wumb1242-1.csv,wumb1242,wumb1242,NO
numerals-wusa1235-1.csv,wusa1235,wusa1235,NO
numerals-wutu1241-1.csv,wutu1241,wutu1241,NO
numerals-wuyu1234-1.csv,wuyu1234,huiz1242,NO
numerals-xaas1235-1.csv,xaas1235,xaas1235,NO
numerals-xhos1239-1.csv,xhos1239,xhos1239,NO
numerals-xian1249-1.csv,xian1249,acha1249,NO
numerals-xian1251-1.csv,xian1251,xian1251,NO
numerals-xish1235-1.csv,xish1235,xish1235,NO
numerals-xiun1234-1.csv,xiun1234,huiz1242,NO
numerals-xwel1235-1.csv,xwel1235,xwel1235,NO
numerals-yagn1238-1.csv,yagn1238,yagn1238,NO
numerals-yako1252-1.csv,yako1252,yako1252,NO
numerals-yalu1240-1.csv,yalu1240,yalu1240,NO
numerals-yamb1251-1.csv,yamb1251,yamb1251,NO
numerals-yamb1252-1.csv,yamb1252,yamb1252,NO
numerals-yamp1242-1.csv,yamp1242,yamp1242,NO
numerals-yand1257-1.csv,yand1257,yand1257,NO
numerals-yang1286-1edited.csv,yang1286,yang1286,NO
numerals-yang1293-1.csv,yang1293,yang1293,NO
numerals-yans1239-1.csv,yans1239,yans1239,NO
numerals-yaoo1241-1.csv,yaoo1241,yaoo1241,NO
numerals-yaou1238-1.csv,yaou1238,yaou1238,NO
numerals-yava1252-1.csv,yava1252,hava1248,NO
numerals-yazg1240-1.csv,yazg1240,yazg1240,NO
numerals-yelo1242-1.csv,yelo1242,guan1266,NO
numerals-yems1235-1edited.csv,yems1235,yems1235,NO
numerals-yero1238-1.csv,yero1238,yero1238,NO
numerals-yeru1240-1edited.csv,yeru1240,yeru1240,NO
numerals-yeyi1239-1.csv,yeyi1239,yeyi1239,NO
numerals-yidg1240-2.csv,yidg1240,yidg1240,NO
numerals-yinb1236-1.csv,yinb1236,yinb1236,NO
numerals-yinc1238-1.csv,yinc1238,yinc1238,NO
numerals-yint1235-1.csv,yint1235,yint1235,NO
numerals-yoco1235-1.csv,yoco1235,yoco1235,NO
numerals-yomb1244-1.csv,yomb1244,yomb1244,NO
numerals-yomm1242-1.csv,yomm1242,yomm1242,NO
numerals-yong1276-1.csv,yong1276,yong1276,NO
numerals-yong1277-1.csv,yong1277,yong1277,NO
numerals-yong1284-1.csv,yong1284,hakk1236,NO
numerals-youl1235-1.csv,youl1235,youl1235,NO
numerals-yoyy1238-1.csv,yoyy1238,yoyy1238,NO
numerals-yuec1235-1.csv,yuec1235,yuec1235,NO
numerals-yuet1238-1.csv,yuet1238,hakk1236,NO
numerals-yuku1243-1.csv,yuku1243,yuku1243,NO
numerals-zaiw1241-1.csv,zaiw1241,zaiw1241,NO
numerals-zakh1243-1.csv,zakh1243,zakh1243,NO
numerals-zana1238-1.csv,zana1238,zana1238,NO
numerals-zang1248-1.csv,zang1248,zang1248,NO
numerals-zara1247-1.csv,zara1247,zara1247,NO
numerals-zarg1238-1.csv,zarg1238,balk1252,NO
numerals-zauz1238-1.csv,zauz1238,zauz1238,NO
numerals-zaye1235-1.csv,zaye1235,zaye1235,NO
numerals-zays1235-1.csv,zays1235,zays1235,NO
numerals-zbua1234-1.csv,zbua1234,zbua1234,NO
numerals-zemb1238-1.csv,zemb1238,zemb1238,NO
numerals-zhab1238-1.csv,zhab1238,zhab1238,NO
numerals-zial1235-1.csv,zial1235,zial1235,NO
numerals-zinz1238-1.csv,zinz1238,zinz1238,NO
numerals-zoro1242-1.csv,zoro1242,zoro1242,NO
numerals-zotu1235-1.csv,zotu1235,zotu1235,NO
numerals-zouu1235-1.csv,zouu1235,zouu1235,NO
numerals-zulu1248-1.csv,zulu1248,zulu1248,NO
numerals-zuoj1238-1.csv,zuoj1238,zuoj1238,NO
numerals-zyph1238-1.csv,zyph1238,zyph1238,NO
nyam1275.csv,nyam1275,nyam1275,NO
nyan1305.csv,nyan1305,nyan1305,NO
nyan1315.csv,nyan1315,nyan1315,NO
nyar1245.csv,nyar1245,nyar1245,NO
nyol1238.csv,nyol1238,nyol1238,NO
nyor1244.csv,nyor1244,nyor1244,NO
nyun1248.csv,nyun1248,nyun1248,NO
nzak1246.csv,nzak1246,nzak1246,NO
nzak1247.csv,nzak1247,nzak1247,NO
obol1243.csv,obol1243,obol1243,NO
odua1238.csv,odua1238,odua1238,NO
okie1245.csv,okie1245,okie1245,NO
okoe1238.csv,okoe1238,okoe1238,NO
old-numerals-anci1242_cf_numerals-mode1248-1.csv,anci1242,anci1242,NO
old-numerals-anci1242.csv,anci1242,anci1242,NO
old-numerals-cent2144-cf-numerals-cent2144-1.ods,cent2144,cent2144,NO
old-numerals-cent2144.csv,cent2144,cent2144,NO
old-numerals-chib1270_cf_numerals-ngab1239-1.csv,chib1270,chib1270,NO
old-numerals-chib1270.csv,chib1270,chib1270,NO
old-numerals-clas1250-cf-numerals-guer1241-1.csv,clas1250,clas1250,NO
old-numerals-clas1250.csv,clas1250,clas1250,NO
old-numerals-copt1239_cf_numerals-egyp1253-1.csv,copt1239,copt1239,NO
old-numerals-copt1239.csv,copt1239,copt1239,NO
old-numerals-cusc1236_cf_numerals-cusc1236-1.csv,cusc1236,cusc1236,NO
old-numerals-cusc1236.csv,cusc1236,cusc1236,NO
old-numerals-esto1258.csv,esto1258,esto1258,NO
old-numerals-gheg1238.csv,gheg1238,gheg1238,NO
old-numerals-hili1240_cf_AN0102_numerals-hili1240-1.csv,hili1240,hili1240,NO
old-numerals-hili1240.csv,hili1240,hili1240,NO
old-numerals-iban1267_cf_AN0031_numerals-iban1267-1.csv,iban1267,iban1267,NO
old-numerals-iban1267.csv,iban1267,iban1267,NO
old-numerals-lati1261_cf_numerals-arom1237-1.csv,lati1261,lati1261,NO
old-numerals-lati1261.csv,lati1261,lati1261,NO
old-numerals-mala1479_cf_AN0453_numerals-mala1479-1.csv,mala1479,mala1479,NO
old-numerals-mala1479.csv,mala1479,mala1479,NO
old-numerals-minn1241_cf_numerals-minn1241-1.csv,minn1241,minn1241,NO
old-numerals-minn1241.csv,minn1241,minn1241,NO
old-numerals-moch1259.csv,moch1259,moch1259,NO
old-numerals-mohe1244_cf_numerals-mikm1235-1.csv,mohe1244,mohe1244,NO
old-numerals-mohe1244.csv,mohe1244,mohe1244,NO
old-numerals-nort2890_cf_AN0325_barlowpacific-nort2890-1.csv,nort2890,nort2890,NO
old-numerals-nort2890.csv,nort2890,nort2890,NO
old-numerals-pure1242-cf-numerals-pure1242-1.ods,pure1242,pure1242,NO
old-numerals-pure1242.csv,pure1242,pure1242,NO
old-numerals-sanf1262-cf-numerals-sanf1262-1.csv,sanf1262,sanf1262,NO
old-numerals-sanf1262.csv,sanf1262,sanf1262,NO
old-numerals-stan1290.csv,stan1290,stan1290,NO
old-numerals-wamp1249_cf_numerals-mikm1235-1.csv,wamp1249,wamp1249,NO
old-numerals-wamp1249.csv,wamp1249,wamp1249,NO
olub1238.csv,olub1238,olub1238,NO
omii1238.csv,omii1238,omii1238,NO
otuh1238.csv,otuh1238,otuh1238,NO
pari1256.csv,pari1256,pari1256,NO
poko1263.csv,poko1263,poko1263,NO
reel1238.csv,reel1238,reel1238,NO
samb1315.csv,samb1315,samb1315,NO
sand-Adi.csv,bori1243,bori1243,NO
sand-AgamNyishi.csv,nyis1236,nyis1236,NO
sand-Angami.csv,anga1288,anga1288,NO
sand-Ao_1.csv,aona1235,aona1235,NO
sand-Ao_2.csv,aona1235,aona1235,NO
sand-Apatani.csv,apat1240,apat1240,NO
sand-Assamese.csv,assa1263,assa1263,NO
sand-Badaga.csv,bada1257,bada1257,NO
sand-Bajjika.csv,west2380,mait1250,NO
sand-Bantawa.csv,bant1281,bant1281,NO
sand-Bayung.csv,bahi1252,bahi1252,NO
sand-Bengali.csv,beng1280,beng1280,NO
sand-Bhoti.csv,stod1241,stod1241,NO
sand-Bodo.csv,bodo1269,bodo1269,NO
sand-Camling.csv,caml1239,caml1239,NO
sand-ChakesangChokri.csv,chok1243,chok1243,NO
sand-ChakesangKheza.csv,khez1235,khez1235,NO
sand-Dogri.csv,dogr1250,dogr1250,NO
sand-Dumi.csv,dumi1241,dumi1241,NO
sand-Gaddi.csv,gadd1242,gadd1242,NO
sand-Galo.csv,galo1242,galo1242,NO
sand-Garhwali.csv,garh1243,garh1243,NO
sand-Gondi.csv,nort2702,nort2702,NO
sand-Gujarati.csv,guja1252,guja1252,NO
sand-Halbi.csv,halb1244,halb1244,NO
sand-HawaNocte.csv,noct1238,noct1238,NO
sand-Ho.csv,hooo1248,hooo1248,NO
sand-IduMishmi.csv,idum1241,idum1241,NO
sand-IndianPunjabi.csv,panj1256,panj1256,NO
sand-Jad.csv,jadd1243,jadd1243,NO
sand-Jerung.csv,jeru1240,jeru1240,NO
sand-KamanMishmi.csv,miju1243,miju1243,NO
sand-Kannada.csv,nucl1305,nucl1305,NO
sand-Kashmiri.csv,kash1277,kash1277,NO
sand-Khaling.csv,khal1275,khal1275,NO
sand-Kharia.csv,khar1287,khar1287,NO
sand-Khasi.csv,khas1269,khas1269,NO
sand-Khiamniungan.csv,khia1236,khia1236,NO
sand-Khoibu.csv,khoi1251,khoi1251,NO
sand-Khortha.csv,maga1260,maga1260,NO
sand-Kodagu.csv,koda1255,koda1255,NO
sand-Konkani.csv,goan1235,goan1235,NO
sand-Konyak.csv,kony1248,kony1248,NO
sand-Koro_aka.csv,koro1316,koro1316,NO
sand-Kota.csv,kota1263,kota1263,NO
sand-Koyee.csv,koii1238,koii1238,NO
sand-Kudmali.csv,kudm1238,kudm1238,NO
sand-Kulung.csv,kulu1253,kulu1253,NO
sand-Kulvi.csv,kull1236,kull1236,NO
sand-Kumaoni.csv,kuma1273,kuma1273,NO
sand-Kurukh.csv,kuru1301,kuru1301,NO
sand-Ladakhi.csv,lada1244,lada1244,NO
sand-Lotha_1.csv,loth1237,loth1237,NO
sand-Lotha_2.csv,loth1237,loth1237,NO
sand-Malayalam.csv,mala1464,mala1464,NO
sand-Mao.csv,maon1238,maon1238,NO
sand-Marathi.csv,mara1378,mara1378,NO
sand-Marwari.csv,marw1260,marw1260,NO
sand-Meiteilon.csv,meit1246,mani1292,NO
sand-Mundari.csv,mund1320,mund1320,NO
sand-Nachering.csv,nach1240,nach1240,NO
sand-Nagpuri.csv,sada1242,[subgroup],NO
sand-Nepali.csv,nepa1254,nepa1254,NO
sand-Oriya.csv,adiv1239,adiv1239,NO
sand-PadamAdi.csv,pada1257,misi1242,NO
sand-Pahari.csv,paha1251,paha1251,NO
sand-PakistaniPunjabi.csv,west2386,west2386,NO
sand-Panchparganiya.csv,panc1246,panc1246,NO
sand-Phom.csv,phom1236,phom1236,NO
sand-Pnar.csv,pnar1238,pnar1238,NO
sand-Pochuri.csv,poch1243,poch1243,NO
sand-Puma.csv,puma1239,puma1239,NO
sand-Rajbongshi.csv,rajb1243,rajb1243,NO
sand-Rengma.csv,sout2732,sout2732,NO
sand-Rongmei.csv,rong1266,rong1266,NO
sand-Sampang.csv,samp1249,samp1249,NO
sand-Sangtam.csv,sang1321,sang1321,NO
sand-Sanskrit.csv,sans1269,sans1269,NO
sand-Santali.csv,sant1410,sant1410,NO
sand-Sindhi.csv,sind1272,sind1272,NO
sand-Spiti.csv,spit1240,spit1240,NO
sand-Sumi.csv,sumi1235,sumi1235,NO
sand-Sunwar.csv,sunw1242,sunw1242,NO
sand-Sylheti.csv,sylh1242,sylh1242,NO
sand-TaiKhamti.csv,kham1290,kham1290,NO
sand-Tamil.csv,tami1289,tami1289,NO
sand-Tangkhul.csv,tang1336,tang1336,NO
sand-TaraonMishmi.csv,diga1241,diga1241,NO
sand-Telugu.csv,telu1262,telu1262,NO
sand-Thadou.csv,thad1238,thad1238,NO
sand-Thangal.csv,than1255,than1255,NO
sand-Thulung.csv,thul1246,thul1246,NO
sand-TikhakTangsa.csv,tikh1243,tikh1243,NO
sand-Tinkarlo.csv,byan1241,byan1241,NO
sand-Toda.csv,toda1252,toda1252,NO
sand-Tsangla.csv,tsha1245,tsha1245,NO
sand-UpperWancho.csv,wanc1238,wanc1238,NO
sand-Urdu.csv,urdu1245,urdu1245,NO
sand-Wagdi.csv,wagd1238,wagd1238,NO
sand-Wambule.csv,wamb1257,wamb1257,NO
sand-Yakkha.csv,yakk1236,yakk1236,NO
sand-Yimkhiung.csv,yimc1240,yimc1240,NO
sand-Zeme.csv,zeme1240,zeme1240,NO
sara1321.csv,sara1321,sara1321,NO
sara1322.csv,sara1322,sara1322,NO
sarr1246.csv,sarr1246,sarr1246,NO
saxw1241.csv,saxw1241,saxw1241,NO
sehw1238.csv,sehw1238,sehw1238,NO
Semitic_Northwest Semitic - numerals-assy1241-1.csv,assy1241,assy1241,NO
Semitic_Northwest Semitic - numerals-barz1241-1.csv,barz1241,barz1241,NO
Semitic_Northwest Semitic - numerals-boht1238-1.csv,boht1238,boht1238,NO
Semitic_Northwest Semitic - numerals-hebr1245-1.csv,hebr1245,hebr1245,NO
Semitic_Northwest Semitic - numerals-hula1244-1.csv,hula1244,hula1244,NO
Semitic_Northwest Semitic - numerals-lish1245-1.csv,lish1245,lish1245,NO
Semitic_Northwest Semitic - numerals-lish1246-1.csv,lish1246,lish1246,NO
Semitic_Northwest Semitic - numerals-lish1247-1.csv,lish1247,lish1247,NO
Semitic_Northwest Semitic - numerals-nucl1706-1.csv,nucl1706,nucl1706,NO
Semitic_Northwest Semitic - numerals-turo1239-1.csv,turo1239,turo1239,NO
Semitic_Northwest Semitic - numerals-west2763-1.csv,west2763,west2763,NO
Semitic_other West Semitic - numerals-amha1245-1.csv,amha1245,amha1245,NO
Semitic_other West Semitic - numerals-argo1244-1.csv,argo1244,argo1244,NO
Semitic_other West Semitic - numerals-bath1244-1.csv,bath1244,bath1244,NO
Semitic_other West Semitic - numerals-daha1247-1.csv,daha1247,daha1247,NO
Semitic_other West Semitic - numerals-hara1271-1.csv,hara1271,hara1271,NO
Semitic_other West Semitic - numerals-hars1241-1.csv,hars1241,hars1241,NO
Semitic_other West Semitic - numerals-hoby1242-1.csv,hoby1242,hoby1242,NO
Semitic_other West Semitic - numerals-inor1238-1.csv,inor1238,inor1238,NO
Semitic_other West Semitic - numerals-mehr1241-1.csv,mehr1241,mehr1241,NO
Semitic_other West Semitic - numerals-mesq1240-1.csv,mesq1240,mesq1240,NO
Semitic_other West Semitic - numerals-sheh1240-1.csv,sheh1240,sheh1240,NO
Semitic_other West Semitic - numerals-silt1240-1.csv,silt1240,silt1240,NO
Semitic_other West Semitic - numerals-soqo1240-1.csv,soqo1240,soqo1240,NO
Semitic_other West Semitic - numerals-tigr1270-1.csv,tigr1270,tigr1270,NO
Semitic_other West Semitic - numerals-tigr1271-1.csv,tigr1271,tigr1271,NO
Semitic_other West Semitic - numerals-zayy1238-1.csv,zayy1238,zayy1238,NO
sher1258.csv,sher1258,sher1258,NO
shil1265.csv,shil1265,shil1265,NO
sout2778.csv,sout2778,sout2778,NO
sout2828.csv,sout2828,sout2828,NO
sout2833.csv,sout2833,sout2833,NO
ST039a-numerals-dira1243-1.csv,dira1243,tsha1245,NO
ST068a-numerals-hakh1236-1edited-edited.csv,hakh1236,noct1238,NO
ST070a-numerals-kims1240-1-edited.csv,kims1240,tase1235,NO
ST070b-numerals-mosa1240-1.csv,mosa1240,tase1235,NO
ST070c-numerals-shec1234-1.csv,shec1234,tase1235,NO
ST070d-numerals-tong1312-1edited-edited.csv,tong1312,tase1235,NO
ST083a-numerals-xian1249-1.csv,xian1249,acha1249,NO
ST144a-numerals-jiar1240-1.csv,jiar1240,[subgroup],NO
ST147a-numerals-guan1266-1-edited.csv,guan1266,guan1266,NO
ST147b-numerals-yelo1242-1.csv,yelo1242,guan1266,NO
ST148-numerals-muya1239-1-edited.csv,muya1239,[subgroup],NO
ST171a-numerals-jeru1240-1.csv,jeru1240,jeru1240,NO
ST172a-numerals-wamb1257-1-edited.csv,wamb1257,wamb1257,NO
ST280a-numerals-chit1280-1.csv,chit1280,asho1236,NO
ST300a-numerals-miny1239-1.csv,miny1239,misi1242,NO
ST307a-numerals-hkon1236-1.csv,hkon1236,anuu1241,NO
ST311a-numerals-tang1339-1.csv,tang1339,rawa1265,NO
ST314a-numerals-nanc1254-1.csv,nanc1254,ganc1239,NO
ST315a-numerals-chan1325-1-edited.csv,chan1325,hakk1236,NO
ST315b-numerals-hakk1236-1-edited.csv,hakk1236,hakk1236,NO
ST315c-numerals-lian1259-1.csv,lian1259,hakk1236,NO
ST315d-numerals-yong1284-1.csv,yong1284,hakk1236,NO
ST315e-numerals-yuet1238-1.csv,yuet1238,hakk1236,NO
ST320a-numerals-shex1234-1.csv,shex1234,huiz1242,NO
ST320b-numerals-wuyu1234-1.csv,wuyu1234,huiz1242,NO
ST320c-numerals-xiun1234-1.csv,xiun1234,huiz1242,NO
ST327a-numerals-minb1244-1.csv,minb1244,[subgroup],NO
ST330a-numerals-waxi1236-1-edited.csv,waxi1236,waxi1236,NO
swat1243.csv,swat1243,swat1243,NO
taab1238.csv,taab1238,taab1238,NO
teso1249.csv,teso1249,teso1249,NO
thur1255.csv,thur1255,thur1255,NO
TK014a-numerals-judu1234-1.csv,judu1234,whit1267,NO
topo1242.csv,topo1242,topo1242,NO
tuge1241.csv,tuge1241,tuge1241,NO
turk1308.csv,turk1308,turk1308,NO
vale1250.csv,vale1250,vale1250,NO
wara1292.csv,wara1292,wara1292,NO
wawa1246.csv,wawa1246,wawa1246,NO
wehh1238.csv,wehh1238,wehh1238,NO
west2450.csv,west2450,west2450,NO
west2458.csv,west2458,west2458,NO
west2465.csv,west2465,west2465,NO
west2466.csv,west2466,west2466,NO
wush1238.csv,wush1238,wush1238,NO
XX02_barlowpacific-bisl1239-1.csv,bisl1239,bisl1239,NO
XX03_barlowpacific-chav1241-1.csv,chav1241,chav1241,NO
XX04_barlowpacific-tayo1238-1.csv,tayo1238,tayo1238,NO
XX05_numerals-fiji1242-1.csv,fiji1242,fiji1242,NO
XX06_EDIT_barlowpacific-hawa1247-1_EDIT.csv,hawa1247,hawa1247,NO
XX09_barlowpacific-pitc1234-1.csv,pitc1234,pitc1234,NO
XX10_barlowpacific-piji1239-1.csv,piji1239,piji1239,NO
XX11_barlowpacific-tern1248-1.csv,tern1248,tern1248,NO
XX12_barlowpacific-tokp1240-1.csv,tokp1240,tokp1240,NO
XX14_EDIT_barlowpacific-unse1236-1_EDIT.csv,unse1236,unse1236,NO
yaka1272.csv,yaka1272,yaka1272,NO
yala1263.csv,yala1263,yala1263,NO
yekh1238.csv,yekh1238,yekh1238,NO
yemb1246.csv,yemb1246,yemb1246,NO
yend1241.csv,yend1241,yend1241,NO
yesk1239.csv,yesk1239,yesk1239,NO
yoru1245.csv,yoru1245,yoru1245,NO
yulu1243.csv,yulu1243,yulu1243,NO
zand1248.csv,zand1248,zand1248,NO
zang1249.csv,zang1249,zang1249,NO
zariquiey-mari1443-1.csv,mari1443,shar1245,NO
zariquiey-mast1238-1.csv,mast1238,shar1245,NO
zariquiey-shar1245-1.csv,shar1245,shar1245,NO
zigu1244.csv,zigu1244,zigu1244,NO
zimb1251.csv,zimb1251,zimb1251,NO